distance_m,approach_rate_mps,pitch,roll,accel_magnitude,gyro_magnitude,tilt_magnitude,visibility_m,humidity_percent,label
79.25,0.17,3.77,1.07,0.7426,0.148,3.9222,19.0,63.8,0
9.59,8.82,3.65,11.2,1.9385,0.4176,11.782,6.3,79.6,2
38.59,0.28,1.32,3.48,0.3908,0.1465,3.7187,22.0,55.5,0
18.6,2.29,-1.2,3.9,0.8904,0.501,4.0774,15.4,70.2,1
7.71,10.93,-0.26,-7.23,1.645,1.4086,7.2366,1.5,83.7,3
20.16,0.21,1.33,-2.11,0.3228,0.1843,2.4893,23.9,64.8,0
67.04,0.64,2.79,2.41,0.3129,0.126,3.6868,15.1,59.1,0
38.12,0.81,3.63,0.21,0.1657,0.1316,3.6374,24.0,54.6,0
55.54,0.91,-1.14,0.01,0.2459,0.2152,1.1382,19.6,37.9,0
79.92,0.18,0.38,-1.88,0.5163,0.1452,1.9221,19.0,47.6,0
2.47,13.98,5.86,-1.73,0.9667,1.5032,6.1089,5.8,93.3,3
23.47,3.45,-2.12,-3.93,0.7732,0.1083,4.4701,8.1,73.8,1
25.89,-0.35,-0.69,1.63,0.4667,0.1356,1.7747,16.4,49.4,0
48.98,0.82,2.44,2.4,0.398,0.0856,3.4275,22.9,51.6,0
15.9,7.22,3.22,-3.15,1.416,0.2518,4.5083,5.4,91.9,2
16.04,3.76,1.74,-4.99,0.8325,0.3768,5.2838,9.8,81.1,1
23.97,0.68,4.31,4.34,0.6767,0.5854,6.1138,16.0,80.7,1
0.54,16.7,-16.47,-2.25,2.4134,1.1286,16.6194,2.4,93.6,3
49.23,-0.17,2.53,2.11,0.4404,0.1476,3.2902,18.1,50.4,0
23.66,1.37,4.01,-3.02,0.6221,0.1494,5.0185,22.9,41.2,0
68.99,0.17,-1.39,2.64,0.2035,0.1444,2.9843,15.8,51.1,0
0.76,7.75,0.87,2.22,2.0809,1.7293,2.3835,1.1,94.9,3
15.1,2.04,-1.02,-4.85,1.015,0.7405,4.9548,5.5,73.6,2
16.18,1.47,-4.71,2.32,0.6107,0.3168,5.2481,12.9,69.7,1
6.88,11.03,1.25,0.79,2.1526,1.6753,1.4811,2.2,88.2,3
8.65,3.32,0.42,3.42,1.6456,0.574,3.4496,8.5,74.2,2
66.65,1.37,2.22,-0.92,0.4649,0.1897,2.4039,19.1,56.7,0
21.06,2.9,16.33,-16.58,0.619,2.1572,23.2714,6.4,61.3,2
13.07,3.62,1.3,-3.8,0.9454,0.2786,4.0147,6.3,61.5,1
4.13,6.78,2.69,-11.15,0.9596,0.9962,11.4722,5.3,91.8,2
13.82,0.14,-16.75,-11.4,3.0279,0.879,20.2625,10.6,66.2,2
5.64,5.99,0.26,-6.44,1.6519,0.5315,6.4414,3.3,95.8,3
9.2,3.51,4.07,8.69,1.1638,1.1684,9.5939,6.5,72.2,2
27.96,1.33,-3.62,3.6,0.692,0.1294,5.1055,17.0,64.9,0
19.75,3.61,2.57,-8.16,0.2248,0.4692,8.556,15.0,55.7,1
70.88,0.14,-1.87,-2.45,0.0711,0.148,3.0766,15.7,56.8,0
13.03,6.32,3.43,4.84,1.245,1.2727,5.9358,3.4,73.1,2
17.91,2.64,-4.01,-5.59,0.7675,0.3373,6.8812,8.0,77.0,1
39.06,1.09,-16.45,12.18,2.0873,0.8853,20.4677,12.2,64.4,2
20.37,3.26,2.74,1.93,0.3279,0.4728,3.3516,14.7,55.0,1
23.93,2.11,1.69,8.05,0.9217,0.3123,8.2277,6.9,59.6,1
67.67,0.9,0.19,0.92,0.4361,0.1579,0.9393,23.4,63.7,0
32.04,0.41,-1.16,2.63,0.5287,0.2149,2.8779,22.6,38.6,0
22.1,3.93,-4.5,5.26,1.6463,0.4846,6.9271,7.1,55.7,1
3.33,18.19,5.19,-12.16,0.8639,1.3595,13.2191,4.9,97.3,3
12.0,5.8,-3.37,4.56,1.1703,1.3628,5.6703,9.6,72.7,2
1.43,10.04,5.62,5.94,2.489,1.6299,8.1731,3.8,91.3,3
9.91,4.63,3.46,-0.73,1.083,1.2343,3.5346,3.7,85.5,2
29.39,1.12,-1.13,-2.95,0.6185,0.1245,3.1545,17.2,30.4,0
77.99,1.15,-1.13,-5.52,0.5909,0.1812,5.633,19.5,53.5,0
66.33,-0.83,0.88,-3.07,0.6148,0.0883,3.1971,19.7,46.1,0
77.02,-0.36,-2.97,-3.4,0.3342,0.0955,4.5087,20.1,59.9,0
26.27,-0.48,-2.58,-1.32,0.514,0.1562,2.8976,24.1,37.7,0
19.5,2.07,0.03,-3.44,1.0831,0.1293,3.4353,7.0,63.6,1
21.71,1.31,-3.82,0.19,0.5728,0.371,3.8284,6.4,71.0,1
14.25,4.66,-4.74,-1.19,1.0039,0.6097,4.8898,6.3,91.7,2
15.16,3.72,-1.25,6.27,0.1504,0.3206,6.3975,14.8,71.0,1
10.32,8.92,-7.16,5.59,0.5749,0.9093,9.0825,3.9,86.9,2
36.57,-0.64,0.5,-0.57,0.4591,0.1744,0.76,17.7,41.2,0
1.16,17.28,2.34,2.75,2.8594,0.5794,3.6068,4.5,88.1,3
10.96,8.07,-0.77,7.22,1.1633,0.8568,7.2618,6.5,74.8,2
18.75,2.19,1.04,0.25,0.4468,0.8314,1.0658,11.5,66.7,1
38.83,2.35,-24.24,14.22,1.354,0.4674,28.1029,12.8,53.8,3
11.41,3.87,13.74,0.06,1.4082,0.4852,13.7434,3.1,91.4,2
31.38,0.91,6.62,3.11,0.1508,0.2822,7.3133,22.0,62.5,0
22.85,0.82,0.13,-0.08,0.8503,0.7316,0.153,11.7,77.0,1
22.48,3.87,-2.81,2.69,0.2063,0.2082,3.8949,11.3,68.8,1
17.67,2.74,8.1,-2.44,1.3236,0.112,8.4584,16.4,77.8,1
39.85,0.13,-4.54,-2.2,0.2445,0.3228,5.0431,18.6,38.4,0
43.08,1.31,0.78,-0.98,0.4497,0.1624,1.2477,19.9,45.3,0
12.75,3.85,-6.1,0.12,0.8028,0.4065,6.1027,8.9,71.3,1
8.13,3.93,-4.06,1.84,1.8382,0.5759,4.4556,3.2,72.8,2
24.12,1.79,3.54,0.83,0.2832,0.3384,3.6381,17.9,68.1,1
14.77,2.24,0.71,-3.83,0.4135,0.3653,3.897,13.0,77.9,1
5.68,11.53,-3.2,9.06,0.6162,0.4962,9.6111,8.6,76.6,2
55.76,-0.19,3.04,-0.96,0.6011,0.2094,3.1927,24.8,34.8,0
38.5,-0.01,-3.67,0.2,0.4109,0.2197,3.6743,17.6,46.3,0
78.55,0.44,3.09,2.89,0.5318,0.0744,4.2343,19.2,54.4,0
23.78,3.05,-11.4,-3.62,0.7565,0.4518,11.9649,14.8,80.8,1
35.18,-0.83,-2.07,-2.91,0.6848,0.2267,3.5758,15.9,59.6,0
12.3,3.65,-2.93,3.03,0.443,0.5779,4.2114,8.1,74.4,2
5.37,12.48,2.69,4.26,1.7126,1.1766,5.0409,7.5,80.7,2
9.93,5.64,-8.12,-1.52,0.343,0.4989,8.262,3.6,91.7,2
44.39,0.34,1.66,-0.3,0.2504,0.1914,1.6907,22.0,31.4,0
59.37,1.38,-1.84,2.89,0.764,0.1466,3.426,18.2,31.9,0
6.45,5.66,0.84,-1.87,1.1903,1.2985,2.051,2.7,90.5,3
47.49,-0.97,1.48,1.31,0.4627,0.1711,1.9778,16.0,32.1,0
4.97,9.75,1.49,3.84,1.0358,0.4916,4.1173,8.4,82.0,2
4.81,9.19,-8.05,-2.45,1.4653,0.7508,8.4133,8.8,83.9,2
15.56,2.12,4.07,0.57,0.7387,0.5089,4.1096,15.5,75.5,1
12.53,1.89,0.1,3.13,0.4523,0.245,3.1287,8.2,65.3,1
11.07,2.56,1.73,-5.57,1.1572,0.5845,5.8371,12.1,61.5,1
29.35,2.23,-23.54,10.84,2.1713,1.0892,25.9157,12.2,61.4,3
31.03,-0.83,-2.59,-0.07,0.1341,0.1166,2.5921,17.2,56.3,0
41.55,1.18,0.52,1.23,0.301,0.225,1.3331,19.8,53.3,0
15.36,7.16,8.05,0.55,1.5106,0.4311,8.0698,9.1,85.5,2
61.83,0.97,-2.44,0.05,0.7185,0.1536,2.4406,20.7,37.3,0
36.69,-0.24,3.18,-1.35,0.596,0.1911,3.4553,16.6,37.4,0
61.67,0.79,-1.98,0.05,0.6779,0.0688,1.9758,23.6,43.9,0
26.42,0.38,-0.48,2.7,0.2276,0.2249,2.7403,23.5,33.2,0
18.99,3.14,3.01,-1.3,0.378,0.4294,3.2787,11.5,69.0,1
50.65,0.55,-1.83,0.85,0.5343,0.1643,2.0146,16.6,60.7,0
3.66,17.5,-8.25,6.69,3.9385,0.9221,10.6204,3.8,83.6,3
27.48,2.27,-3.28,3.45,1.3283,0.5128,4.7665,12.8,68.0,1
44.44,0.57,0.74,-2.19,0.729,0.1119,2.3115,20.9,45.7,0
6.37,13.51,-6.95,-3.05,0.6607,0.8647,7.5899,2.8,86.8,3
14.2,2.04,-6.18,-1.99,1.4185,0.3904,6.4946,14.7,58.4,1
18.25,2.91,3.33,3.17,0.9509,0.2501,4.5935,13.4,71.4,1
59.57,0.7,-1.57,0.47,0.3181,0.2183,1.6404,19.9,63.2,0
13.5,0.85,-3.84,-2.4,0.3286,0.4526,4.5242,9.0,58.5,1
12.83,3.76,4.31,-2.36,1.4545,0.4469,4.9105,16.0,70.6,1
35.16,1.38,19.31,-19.54,1.0221,2.0238,27.4681,10.8,67.7,3
11.57,0.5,2.56,-1.92,0.8271,0.5285,3.2001,7.7,64.7,1
10.96,2.45,0.36,-2.86,0.3864,0.5669,2.8815,11.9,77.6,1
42.05,0.91,-4.05,-1.63,0.821,0.1275,4.3686,24.3,59.0,0
21.32,1.4,-6.74,-0.29,0.7983,0.3918,6.7443,8.7,66.9,1
25.74,-0.1,0.22,-2.49,0.5219,0.1909,2.4949,21.9,63.9,0
79.28,1.28,-1.03,3.75,0.6399,0.0404,3.8889,16.0,58.1,0
41.68,-0.51,4.34,1.55,0.0591,0.0574,4.6094,17.2,43.0,0
72.7,0.13,-0.78,0.22,0.4177,0.0986,0.8121,20.1,39.2,0
27.15,2.52,1.87,-1.79,0.8656,0.6012,2.5864,10.1,59.9,1
39.67,-0.15,-2.69,-0.16,0.6338,0.0846,2.6953,16.8,60.9,0
9.35,9.68,-9.1,7.58,1.8681,1.1883,11.8471,9.2,76.7,2
12.0,5.24,-11.59,8.27,1.3103,0.6316,14.237,6.9,75.1,2
15.57,2.97,2.02,8.78,1.3881,0.8558,9.0055,3.1,87.6,2
19.42,1.67,-3.58,-7.93,2.2421,3.3031,8.7007,6.5,91.2,1
13.79,2.07,3.86,-3.52,0.1528,0.3697,5.226,7.4,72.0,1
56.81,-0.24,-0.37,-1.43,0.2968,0.2235,1.4778,17.0,58.7,0
2.11,7.2,-0.7,-6.15,1.2391,1.8125,6.1916,3.7,89.9,3
58.7,-0.96,2.3,-0.37,0.3836,0.1407,2.3346,23.4,64.7,0
0.88,18.17,-0.96,-4.85,3.4412,0.5233,4.9415,2.5,82.6,3
7.76,5.35,3.68,-6.73,2.0094,0.3443,7.6718,4.8,95.4,3
20.9,3.46,-5.31,10.02,1.274,0.3645,11.339,16.2,69.6,1
11.08,2.81,0.27,9.62,1.6797,0.5831,9.6206,8.1,85.6,2
60.16,0.37,4.62,4.21,0.2477,0.1296,6.2465,16.0,52.2,0
16.8,1.99,-9.67,-0.01,0.6166,0.3199,9.6721,17.9,59.7,1
26.93,1.41,5.69,1.69,0.5326,0.2542,5.9366,11.3,58.0,1
73.65,1.33,-0.65,3.44,0.1929,0.1886,3.4973,17.3,38.1,0
64.52,0.68,-0.63,0.57,0.3085,0.1976,0.8494,18.1,44.3,0
22.74,-0.7,4.36,1.62,0.5721,0.2452,4.6477,24.2,46.8,0
24.65,2.36,-0.97,-0.05,0.741,0.5179,0.9712,7.5,68.5,1
50.62,-0.89,-0.22,-2.57,0.311,0.0896,2.5771,19.3,51.4,0
12.63,1.3,3.96,-4.8,1.1724,0.6365,6.2231,9.1,56.5,1
14.22,2.05,19.32,-18.85,0.5573,0.9267,26.9974,4.1,71.0,3
23.17,0.61,-0.1,-0.11,0.5635,0.0734,0.148,24.4,36.3,0
57.82,0.78,4.82,-0.5,0.433,0.1187,4.8434,20.9,51.4,0
14.66,3.86,-3.07,4.59,1.0888,0.4427,5.525,8.7,81.4,1
53.63,0.79,-2.34,-3.38,0.4998,0.1907,4.1073,20.1,55.0,0
28.46,-0.48,2.22,-2.85,0.6909,0.0332,3.6084,23.3,30.9,0
5.98,5.7,-6.43,8.02,1.3851,1.1006,10.2846,10.0,84.9,2
23.66,4.0,-8.39,1.66,0.8465,0.3958,8.5497,7.8,59.0,1
10.52,1.14,-23.29,10.29,1.7103,1.8955,25.4623,11.6,67.2,3
38.06,-0.79,-3.21,-1.14,0.3288,0.1317,3.411,18.1,62.7,0
40.53,0.07,5.79,0.49,0.493,0.1314,5.8065,18.6,36.5,0
0.85,17.33,3.74,-2.02,2.8703,1.4205,4.2522,1.3,85.6,3
17.03,3.78,-4.32,1.61,0.5869,0.4297,4.6111,16.6,58.3,1
30.19,1.33,-0.95,0.81,0.2891,0.1921,1.2519,16.2,37.9,0
14.84,3.85,-10.01,-1.78,0.6065,1.3585,10.1702,5.3,80.9,2
60.34,0.46,2.61,-4.27,0.465,0.2245,4.9996,17.2,32.2,0
73.39,1.23,4.72,2.51,0.1329,0.2719,5.3468,17.4,46.7,0
19.47,2.24,-2.47,8.27,1.635,0.3874,8.6266,11.3,74.3,1
68.51,-0.73,-3.17,2.36,0.2755,0.2162,3.9497,23.1,60.7,0
36.48,1.44,4.55,0.39,0.5493,0.0623,4.5696,16.9,48.4,0
24.01,2.66,9.87,-1.74,1.1301,0.7522,10.0222,12.6,72.4,1
23.65,7.27,-10.47,-3.12,2.9256,2.7529,10.9284,4.4,77.3,2
5.44,15.7,-3.94,-3.05,3.1487,1.8346,4.9849,2.9,86.2,3
63.02,0.25,0.77,-0.84,0.2245,0.0601,1.1409,15.9,41.7,0
75.81,-0.02,-4.2,0.93,0.418,0.1774,4.3036,22.7,45.8,0
13.34,5.82,15.53,10.25,0.3812,0.858,18.6021,4.8,87.0,2
4.16,6.4,-9.54,-4.77,1.7802,1.1949,10.6702,3.5,73.4,2
38.66,-0.71,1.81,-0.84,0.2246,0.143,1.993,19.2,49.2,0
52.06,-0.88,-0.53,1.22,0.2101,0.2182,1.3298,16.8,43.0,0
29.01,1.17,1.71,2.85,0.2594,0.119,3.3176,16.3,37.1,0
6.41,5.09,7.74,-8.45,0.8182,1.2664,11.4589,8.2,85.5,2
5.05,6.3,-3.62,2.01,6.3567,1.2518,4.1397,6.7,76.2,2
0.65,18.08,-0.03,7.77,1.8068,0.5368,7.7668,2.2,91.0,3
4.8,11.43,-2.74,4.01,2.899,0.9182,4.8599,2.2,82.7,3
1.57,12.56,0.66,5.72,1.0447,2.3128,5.7592,5.0,82.8,3
27.88,2.15,-1.9,4.1,0.9211,0.5542,4.518,7.8,65.5,1
5.66,5.95,-13.17,-7.69,1.8227,0.9489,15.2509,4.2,77.4,2
36.24,1.49,1.09,2.51,0.2802,0.1432,2.7327,19.2,63.8,0
3.56,9.38,3.17,-2.44,1.2497,0.426,4.0026,2.9,96.7,3
5.28,13.5,-2.0,3.7,2.8435,1.4549,4.2012,5.0,85.0,3
10.29,5.84,-12.95,-1.61,1.1791,0.7541,13.0512,9.8,86.8,2
2.6,17.59,3.08,4.71,2.2526,0.9523,5.6259,1.7,94.2,3
12.88,3.41,-2.63,-0.73,0.9886,0.5103,2.7292,12.4,64.9,1
11.16,5.02,10.8,-1.17,1.8776,0.6469,10.8626,7.6,84.1,2
11.24,3.52,-2.14,-0.66,0.8111,0.2901,2.2391,7.4,64.0,1
26.74,3.92,2.13,-6.48,0.7288,0.1599,6.8209,10.8,80.5,1
69.77,0.35,2.17,-0.3,0.5818,0.1779,2.1867,19.0,34.4,0
70.34,-0.75,-3.66,-0.37,0.4279,0.1376,3.6796,17.0,41.2,0
7.9,4.46,-2.86,-1.45,0.936,1.3971,3.2074,4.7,84.4,2
19.67,2.1,-2.16,10.3,0.9188,0.6052,10.5265,11.1,63.7,1
7.22,4.85,1.91,0.38,0.8013,1.7614,1.9505,4.5,92.1,3
24.63,3.89,-1.29,-2.55,0.2748,0.4954,2.8529,9.1,72.2,1
75.84,-0.0,-1.99,-0.37,0.3079,0.2758,2.0276,20.5,47.4,0
17.87,7.29,-1.95,-11.22,2.7667,2.7841,11.3831,4.1,84.9,1
7.01,10.25,12.64,-2.96,2.6949,1.3061,12.9793,1.8,85.9,3
11.93,2.49,-4.76,9.76,1.2407,1.305,10.8538,3.4,86.9,2
32.05,0.55,1.4,1.26,0.2084,0.0619,1.8789,24.7,62.6,0
23.59,2.31,-6.18,-0.08,0.3508,0.5484,6.1768,11.1,78.8,1
6.44,5.3,3.06,-5.92,2.6835,0.4228,6.6671,5.3,94.3,3
24.96,3.98,4.57,-0.99,0.4027,0.3159,4.674,15.3,56.9,1
1.36,17.23,2.43,-3.13,4.125,0.8092,3.9606,1.9,95.6,3
24.43,3.85,-5.68,2.35,0.8483,0.6751,6.1434,16.3,66.2,1
6.78,10.9,2.22,2.45,1.2577,1.4868,3.3041,5.8,93.5,3
5.9,11.8,-3.2,0.36,2.0366,0.6908,3.2195,3.7,83.1,2
71.56,1.03,-3.13,-0.79,0.298,0.1693,3.2265,15.4,62.2,0
15.14,2.6,-20.08,2.8,0.569,0.9075,20.2718,3.9,73.0,2
69.6,0.61,2.27,-0.4,0.245,0.1635,2.31,21.6,43.0,0
6.66,3.74,-15.21,9.92,1.0883,0.5,18.1584,6.3,81.3,2
25.14,0.8,-4.2,0.24,0.559,0.0715,4.2084,21.9,40.7,0
26.58,-0.73,1.44,0.15,0.513,0.3122,1.4491,22.4,45.2,0
18.33,2.96,-2.96,-0.8,0.5251,0.2532,3.0637,9.1,81.0,1
9.87,6.35,1.16,5.73,0.4019,0.8282,5.8459,5.5,90.6,2
22.51,2.02,-1.07,-4.92,1.2862,0.428,5.0318,9.4,78.3,1
18.91,2.45,6.79,4.4,0.2704,0.5723,8.0911,7.7,72.9,1
12.15,7.24,1.32,-0.95,0.7566,0.4871,1.628,8.9,79.8,2
7.72,10.72,1.63,-4.27,1.9043,1.5271,4.5703,5.4,83.6,3
11.48,3.42,0.68,-4.32,0.54,0.2563,4.3784,9.1,81.2,1
28.09,1.34,-24.91,-13.39,1.1238,0.9942,28.2823,13.1,56.3,3
63.52,-0.77,-1.81,-3.79,0.5616,0.1803,4.1982,22.4,43.4,0
14.4,0.44,-28.47,-17.28,2.0738,1.5374,33.3077,5.7,78.9,3
5.72,11.64,-15.5,-0.2,0.3614,0.1247,15.5025,6.2,81.8,2
22.57,2.26,-13.2,-1.72,1.2874,0.838,13.3119,7.3,80.0,1
26.44,2.13,-2.41,-3.29,0.4274,0.1639,4.0825,7.4,65.2,1
31.97,-0.28,1.37,-0.78,0.3739,0.0717,1.5792,15.8,57.6,0
14.48,5.21,-6.82,-4.9,0.7513,1.1821,8.3986,7.0,83.1,2
20.87,2.65,3.58,-1.65,0.7144,0.5371,3.9409,14.0,64.9,1
20.58,1.08,0.01,0.88,0.6919,0.1416,0.8838,23.9,39.4,0
55.69,-0.52,-3.06,-1.39,0.7983,0.2291,3.3574,21.1,63.1,0
13.53,2.22,-7.27,-7.55,0.5987,0.4187,10.4829,14.3,81.0,1
5.46,12.76,15.72,6.16,0.4683,0.6006,16.8872,3.0,79.6,2
4.82,5.18,-0.13,4.87,1.7822,0.6603,4.8728,6.1,86.2,2
72.7,-0.84,3.5,3.58,0.2404,0.2827,5.0032,17.4,31.6,0
8.59,10.67,-7.49,3.29,1.7852,1.2365,8.1828,3.6,80.3,2
29.78,0.4,-1.88,2.82,0.2077,0.1951,3.39,16.8,54.1,0
21.71,1.05,4.83,-7.91,1.0409,0.4751,9.2693,16.7,73.5,1
13.2,2.78,-1.84,2.15,1.654,0.4705,2.8329,3.6,74.9,2
6.22,10.99,12.18,0.52,1.2773,1.4332,12.1933,3.2,94.2,3
5.48,3.35,-0.38,3.2,1.3432,0.6346,3.2191,9.9,79.3,2
59.76,1.12,1.2,-2.59,0.3795,0.1482,2.8521,24.7,55.8,0
23.23,2.83,0.65,-0.06,0.3621,0.3144,0.6479,15.6,62.8,1
73.49,0.53,-0.57,-2.33,0.4608,0.1259,2.3955,17.5,52.3,0
2.13,14.03,-10.75,1.65,2.2915,1.3188,10.8782,4.6,97.6,3
15.77,4.48,-2.56,4.39,0.8269,0.88,5.0804,4.8,78.0,2
44.42,-0.09,-0.6,-0.73,0.4855,0.2355,0.9411,20.2,59.0,0
24.24,3.92,2.16,-4.65,0.5276,0.4577,5.1311,9.3,76.7,1
14.17,7.82,-1.77,4.29,0.8483,1.1172,4.6352,9.7,76.9,2
18.63,2.77,-0.27,-1.33,0.1919,0.4209,1.3527,11.3,65.2,1
13.78,1.06,1.6,-7.16,0.4478,0.5951,7.3341,13.6,67.5,1
4.84,9.33,2.58,13.27,0.7723,0.8186,13.5163,1.9,90.4,3
24.41,0.62,-6.01,0.41,1.1454,0.7153,6.0231,10.2,75.1,1
25.73,0.88,-0.73,-0.58,0.5643,0.1934,0.9341,22.8,57.7,0
36.18,0.2,-1.24,0.41,0.6159,0.2417,1.3032,16.4,39.4,0
5.33,9.41,2.28,1.32,1.6033,1.4376,2.6392,5.6,94.1,3
31.28,-0.47,1.84,-2.94,0.6117,0.1387,3.468,20.1,34.7,0
66.48,-0.71,3.18,0.91,0.5806,0.1317,3.311,20.4,48.1,0
6.56,12.83,-4.23,-10.07,2.6468,0.5837,10.9201,3.1,93.7,3
70.08,-0.04,-1.67,-0.32,0.3073,0.2268,1.7022,20.0,59.0,0
42.93,0.39,-0.68,1.98,0.1417,0.1398,2.0976,17.7,38.2,0
21.4,0.49,4.19,3.42,0.6194,0.1696,5.412,20.8,59.1,0
37.69,-0.07,-1.93,3.18,0.3869,0.2078,3.723,16.1,38.5,0
51.55,0.58,1.43,-3.37,0.5471,0.2412,3.6621,20.0,43.6,0
39.56,0.14,-0.39,3.97,0.484,0.1214,3.9918,23.5,51.6,0
10.31,1.4,0.35,3.06,0.7872,0.5523,3.0788,17.3,62.2,1
7.76,12.31,1.69,-5.88,1.6646,0.5893,6.1198,2.0,88.7,3
4.7,8.16,-8.13,-2.01,1.4498,0.724,8.3707,4.0,74.9,2
5.13,6.15,4.56,-2.24,1.0228,1.2317,5.0838,3.7,92.3,3
19.46,1.01,-29.74,-21.67,1.5216,1.249,36.7935,6.2,73.1,3
49.01,-0.1,0.56,2.27,0.3166,0.0964,2.3375,19.7,45.9,0
23.06,3.13,-6.0,6.33,0.8846,0.5034,8.7204,6.8,59.4,1
28.93,-1.48,-2.45,-0.42,3.5005,1.5214,2.4882,7.7,85.0,1
9.94,7.61,3.67,-0.01,0.7244,0.323,3.6659,7.4,80.5,2
74.36,-0.13,-0.65,-3.66,0.2344,0.177,3.7183,21.6,36.2,0
37.62,-0.06,2.85,2.52,0.209,0.17,3.8095,15.8,48.6,0
3.24,15.67,3.27,5.82,1.3935,2.195,6.6705,2.0,96.5,3
31.91,-0.61,-4.83,-0.88,0.5603,0.1695,4.9106,24.4,31.3,0
10.71,-1.99,4.86,8.64,2.6575,0.9945,9.9147,3.3,80.6,1
55.42,0.78,0.82,2.1,0.5482,0.1109,2.2567,16.1,45.7,0
5.5,6.96,-4.24,-2.02,0.5992,0.3885,4.6943,8.6,77.4,2
56.87,-0.69,1.92,1.16,0.1191,0.1698,2.2441,15.6,40.1,0
18.67,2.18,-2.37,-1.56,0.4401,0.4357,2.8369,8.8,59.5,1
64.85,0.93,1.35,1.11,0.5303,0.186,1.7473,23.7,46.2,0
12.83,1.47,0.32,6.88,1.2602,0.5317,6.8898,14.2,64.8,1
48.4,-0.58,1.56,-5.88,0.5459,0.1005,6.0847,24.0,31.8,0
79.26,1.33,-1.54,-1.67,0.7948,0.1382,2.2694,20.6,34.1,0
13.39,2.69,6.77,-7.31,1.5454,0.4776,9.9609,6.0,74.1,2
3.23,9.36,4.4,0.55,1.634,1.2666,4.4365,4.0,83.6,3
15.59,6.65,-15.5,-2.95,1.2561,0.7805,15.7725,5.3,91.6,2
9.29,7.81,3.34,2.94,0.7279,0.6161,4.4486,6.6,74.0,2
13.52,6.25,-2.3,-3.77,1.8369,1.2259,4.4161,7.9,74.3,2
78.22,-0.75,-3.97,-0.54,0.409,0.1704,4.0067,21.4,31.5,0
46.95,0.66,0.6,2.81,0.6593,0.2398,2.8724,17.6,53.8,0
17.37,0.56,-8.05,-1.34,0.4775,0.5897,8.1627,8.8,66.8,1
24.33,1.01,-23.34,-13.0,1.8361,2.0253,26.7137,14.0,55.1,3
5.68,7.16,-8.45,2.06,1.8156,2.4873,8.6978,2.7,83.1,3
65.74,-0.85,1.62,-3.8,0.3063,0.2366,4.1287,24.7,56.0,0
2.23,15.71,2.51,-0.04,1.9933,1.1794,2.5145,3.7,82.2,3
24.7,3.03,4.47,1.0,1.0169,0.6822,4.5838,10.0,60.5,1
57.14,-0.26,1.55,2.29,0.4957,0.1092,2.7651,22.2,42.9,0
30.51,1.11,-0.92,0.4,0.2179,0.0812,1.0081,22.1,55.0,0
5.71,5.52,12.89,13.89,0.8605,2.0315,18.9471,5.9,83.5,3
32.76,0.18,-0.13,-4.8,0.757,0.1438,4.8037,15.4,35.4,0
1.08,20.69,-4.46,-8.01,0.7489,0.904,9.1713,3.0,89.3,3
15.24,3.75,-3.44,0.96,0.6367,0.2776,3.5673,14.7,81.9,1
38.63,1.11,-20.61,-11.71,4.5071,0.9218,23.7002,5.3,53.0,2
20.52,1.36,-3.95,-3.57,1.5063,0.2077,5.3247,17.1,66.5,1
8.15,0.79,22.59,-20.34,0.924,0.7783,30.3983,12.8,52.0,3
34.75,1.07,2.15,0.14,0.1499,0.1375,2.1575,22.9,49.1,0
11.02,2.29,8.87,-7.55,1.0463,0.1574,11.6475,8.5,72.7,1
30.65,-0.04,2.33,-0.48,0.5826,0.1788,2.3798,22.9,60.5,0
50.54,1.01,1.55,-3.67,0.3383,0.1413,3.9859,19.0,50.4,0
66.74,-0.18,3.34,1.89,0.294,0.2378,3.8365,16.4,62.5,0
4.64,11.0,-4.23,-3.71,1.1386,0.3628,5.6252,1.1,91.2,3
52.42,0.23,5.54,2.9,0.4337,0.0535,6.2542,24.8,42.8,0
29.18,-0.59,-1.73,2.82,0.7762,0.185,3.3114,20.5,34.4,0
33.54,0.52,2.53,1.46,0.8011,0.1697,2.9207,15.6,46.7,0
12.78,2.07,-4.8,-1.01,1.2467,0.704,4.9023,14.9,74.5,1
27.8,1.46,3.35,-0.75,1.0571,0.1173,3.4382,21.2,46.6,0
33.85,0.24,3.14,1.0,0.5208,0.0319,3.2957,17.3,34.4,0
5.18,6.7,-1.61,1.79,1.2115,2.2783,2.4081,5.4,94.9,3
35.86,0.48,-4.12,-1.33,0.2389,0.1755,4.3306,15.2,37.6,0
8.7,3.33,2.17,7.14,0.3653,0.9881,7.4613,7.7,91.8,2
7.38,6.96,-9.78,8.91,1.063,0.5822,13.2262,6.3,83.0,2
7.34,6.67,2.26,0.3,2.4151,2.2476,2.2801,5.2,83.7,3
69.72,0.24,-0.69,-1.86,0.2777,0.1922,1.9884,22.0,31.8,0
32.68,1.22,2.39,-2.8,0.3557,0.1151,3.6795,19.9,47.3,0
13.46,6.27,-12.47,-4.04,0.6561,0.7556,13.1049,9.4,91.8,2
8.96,3.58,-2.38,-5.37,1.0252,1.0695,5.8777,5.1,76.4,2
10.73,7.76,-1.24,-3.42,0.8062,0.9285,3.6386,5.1,79.8,2
20.57,2.05,-5.6,2.7,0.863,0.2975,6.2135,12.1,81.9,1
20.55,0.12,-16.62,-21.35,1.6074,1.9298,27.0569,12.8,58.1,3
5.33,10.99,-3.36,2.36,0.8796,0.9447,4.1023,3.0,91.5,2
18.19,1.81,-21.97,-21.38,1.4109,1.2405,30.6576,12.6,66.6,3
24.37,0.19,-0.81,-2.84,0.6014,0.0681,2.9586,18.3,52.2,0
23.12,1.17,2.13,2.21,0.1847,0.148,3.0664,23.9,30.0,0
44.98,-0.63,-2.99,2.35,0.5919,0.2672,3.8013,20.6,63.9,0
5.68,8.91,3.69,-0.69,1.7567,0.5812,3.7499,9.4,74.0,2
3.27,14.9,-4.26,-2.5,2.2726,0.8826,4.9379,5.6,94.2,3
72.35,1.07,-0.84,-1.55,0.5069,0.0763,1.7664,20.2,43.1,0
58.94,-0.86,-3.69,-4.48,0.4184,0.0818,5.8013,22.2,50.1,0
35.86,0.64,-2.04,0.3,0.8117,0.1307,2.0624,17.4,30.6,0
74.84,-0.38,-4.14,-0.83,0.2557,0.1458,4.2178,17.2,40.7,0
24.09,1.28,-3.72,-4.63,0.4796,0.4053,5.9384,15.5,65.5,1
10.05,2.28,1.33,5.19,0.3662,0.6973,5.3562,10.9,70.9,1
10.33,3.13,-2.19,4.55,0.4522,0.3283,5.0463,14.2,61.2,1
15.38,3.68,-7.64,-10.4,1.2616,0.6037,12.9097,6.9,83.0,2
10.54,2.0,1.31,0.27,0.689,0.4791,1.3346,12.1,60.3,1
51.79,-0.4,-0.88,0.04,0.6044,0.1736,0.8783,22.0,43.0,0
3.96,18.01,-0.58,6.37,1.4335,1.1606,6.3973,4.6,87.8,3
56.68,0.09,-2.16,0.24,0.2215,0.0929,2.1688,17.2,52.2,0
15.44,5.44,7.83,-3.75,1.5469,1.3491,8.6824,5.2,86.6,2
4.18,10.07,7.18,-2.92,1.9528,1.288,7.7474,3.2,93.1,3
2.69,10.34,6.12,-1.7,1.2256,0.9186,6.3508,4.3,98.0,3
14.43,2.33,-5.07,-4.48,2.1839,0.3696,6.7657,4.2,88.4,2
6.7,6.99,7.21,4.11,3.8106,0.7543,8.3029,5.9,84.2,3
3.41,8.34,0.33,2.67,4.6423,1.2881,2.6884,5.1,89.0,3
49.14,-0.47,-0.71,0.4,0.8722,0.2034,0.8143,24.6,64.8,0
7.5,7.39,6.61,5.76,2.7029,0.7289,8.7646,4.5,83.3,3
14.33,1.95,-1.26,-6.33,1.3647,0.3916,6.4556,17.4,65.2,1
68.45,0.38,-1.58,1.07,0.3228,0.2163,1.9103,20.5,33.3,0
56.98,1.39,3.45,1.78,0.2541,0.0708,3.8829,19.6,35.8,0
17.29,3.67,1.39,1.99,0.9213,0.4097,2.4234,11.0,73.8,1
58.75,1.43,-0.12,-1.93,0.4371,0.0609,1.9333,19.6,62.6,0
34.36,1.98,20.01,21.11,3.6976,1.1649,29.0869,11.9,81.4,3
14.52,6.0,8.43,2.25,0.8521,0.4936,8.7206,6.2,77.0,2
31.01,1.07,2.04,2.49,0.5975,0.1458,3.2237,21.6,30.7,0
18.29,2.23,-2.46,-0.94,0.6245,0.3437,2.6284,17.5,80.5,1
60.33,0.03,1.37,-0.92,0.6358,0.106,1.6438,22.7,31.0,0
23.91,2.67,-0.83,-5.77,0.9059,0.5747,5.8318,11.1,65.7,1
1.58,14.43,-4.93,8.46,0.4539,2.4337,9.792,5.4,96.7,3
16.79,3.08,1.16,6.28,1.3686,0.4557,6.385,13.6,57.1,1
56.3,0.05,4.45,5.14,0.0939,0.0541,6.7992,20.5,32.3,0
7.02,7.0,4.44,-0.71,1.0602,0.5424,4.4935,9.3,80.1,2
10.3,2.55,5.6,7.57,0.6063,0.6579,9.4193,8.9,78.8,1
43.31,1.27,-5.4,3.44,0.1456,0.2203,6.4063,24.2,52.1,0
16.21,3.45,-3.76,-5.34,1.1831,0.5922,6.5265,11.6,73.8,1
17.72,1.99,-2.9,-5.75,0.5315,0.6818,6.4398,8.3,60.4,1
10.57,0.96,-10.38,0.75,0.2757,0.5394,10.4063,11.6,62.8,1
15.89,5.37,3.56,-8.99,1.0187,0.7712,9.6723,7.5,76.5,2
26.9,3.32,-1.43,9.9,0.7582,0.1503,10.0038,17.8,59.9,1
20.63,0.17,23.22,16.92,1.689,0.699,28.7273,14.3,81.4,3
37.44,1.59,19.57,14.8,2.2252,0.9317,24.5328,12.2,78.6,2
67.22,-0.79,4.97,0.22,0.6103,0.2067,4.9752,17.1,59.4,0
25.71,2.3,-23.89,13.49,2.0735,1.1593,27.4319,5.7,52.3,3
2.44,17.72,0.34,-2.25,2.0723,2.5739,2.2745,3.0,87.2,3
32.85,-0.67,2.99,-1.03,0.5277,0.1224,3.1604,19.2,46.3,0
6.15,6.75,12.91,0.07,2.1882,0.9065,12.9144,5.4,82.8,2
6.04,10.32,-10.56,8.01,0.991,1.1306,13.2531,8.2,87.9,2
19.35,-1.92,-11.05,8.29,0.2461,1.098,13.8183,3.5,94.0,2
14.71,0.57,-10.75,3.41,0.6397,0.5492,11.2753,7.2,59.6,1
17.18,0.17,26.0,13.5,3.3977,0.9077,29.293,8.6,81.0,3
67.66,0.2,-0.34,0.04,0.3218,0.1134,0.3465,18.1,41.4,0
20.95,2.92,25.74,-17.39,0.9222,0.5571,31.0665,4.3,76.4,3
33.93,1.44,2.52,2.16,0.2966,0.1429,3.3219,15.5,32.6,0
14.05,2.79,0.85,2.72,0.3397,0.5127,2.8474,7.2,56.0,1
69.93,0.25,-0.62,-2.33,0.5882,0.0988,2.414,24.2,47.8,0
23.74,3.83,3.42,4.54,1.4702,0.3835,5.6893,17.3,62.7,1
1.8,17.66,14.61,-1.69,2.6463,0.6131,14.7068,3.8,86.0,3
26.46,4.47,-2.42,-15.24,4.9998,1.6288,15.4294,2.1,89.7,1
27.58,3.9,8.09,-1.92,0.5681,0.3173,8.3196,6.2,71.0,1
27.38,2.59,-18.59,-16.68,1.2701,0.8571,24.9758,4.5,74.9,2
10.04,2.13,1.42,-2.9,0.8726,0.4685,3.2264,8.1,73.6,1
24.98,1.34,0.91,-2.83,0.7766,0.3335,2.9776,6.4,63.9,1
36.11,0.07,-1.6,-1.04,0.2362,0.1984,1.9097,15.3,51.2,0
2.38,9.47,7.08,-2.64,0.8508,2.4735,7.559,5.1,85.3,3
38.71,-0.81,1.53,1.46,0.583,0.1626,2.1096,17.8,48.4,0
8.98,5.86,-13.24,-1.31,0.9437,0.6534,13.3028,3.7,87.2,2
40.28,-0.48,3.18,3.21,0.4389,0.2144,4.5212,17.3,61.5,0
9.53,9.02,1.09,2.42,1.3647,0.5187,2.65,9.1,78.7,2
48.74,0.0,-1.13,-2.14,0.2665,0.1042,2.4195,21.3,49.2,0
10.3,1.5,-6.03,5.15,1.1797,0.2172,7.9326,14.1,66.6,1
3.27,15.22,-4.01,6.27,1.9981,1.5329,7.4469,3.5,87.2,3
33.92,0.13,-2.6,-1.13,0.6146,0.1156,2.8376,22.9,64.6,0
22.79,3.09,5.37,4.36,0.5576,0.0883,6.9117,15.7,76.2,1
63.52,-0.82,-0.04,0.61,0.4002,0.1212,0.6101,18.0,64.0,0
22.15,1.85,-0.77,4.99,0.797,0.3066,5.0473,11.7,66.4,1
7.11,11.18,0.62,-5.06,1.2304,1.6632,5.0999,7.5,72.9,2
14.73,7.15,-2.67,-1.48,1.2068,1.4018,3.0531,7.1,87.4,2
27.63,1.52,25.54,-16.2,2.1347,1.6738,30.2429,4.3,73.1,3
12.2,4.01,5.44,-2.2,1.0905,0.7502,5.8709,6.6,75.0,2
38.99,-0.62,-1.36,0.29,0.2489,0.021,1.3954,19.5,59.1,0
22.74,0.04,-0.0,0.29,0.2983,0.2193,0.2876,17.1,41.8,0
48.89,0.57,2.42,-1.56,0.5964,0.1196,2.8741,22.2,41.0,0
12.34,0.94,0.84,4.47,0.4569,0.8861,4.5475,7.1,60.0,1
18.53,1.8,-2.71,3.96,0.4802,0.3432,4.8012,12.7,79.0,1
61.35,-0.1,3.54,3.21,0.333,0.1618,4.7788,18.5,55.6,0
5.76,6.28,7.9,-7.89,1.3947,0.3284,11.1585,4.8,92.8,3
12.12,9.46,2.86,8.42,2.3238,0.6064,8.8917,3.5,72.1,2
23.65,0.67,-1.59,0.98,0.5511,0.3836,1.8688,10.2,63.8,1
10.83,0.93,-4.97,-3.49,1.0429,0.5951,6.0737,9.7,67.7,1
20.38,3.54,-0.01,-0.87,1.007,0.3933,0.8685,8.6,55.5,1
22.65,0.23,-3.34,0.68,0.688,0.2693,3.4122,19.5,58.0,0
20.72,-0.09,-0.83,1.32,0.2213,0.2288,1.56,20.8,54.6,0
16.42,3.9,-6.12,0.45,0.946,0.4255,6.1343,12.8,55.8,1
57.81,0.98,1.66,1.53,0.2796,0.266,2.2555,23.3,56.7,0
14.86,6.62,5.85,-4.49,1.5243,1.1002,7.3771,5.4,85.1,2
71.42,1.29,1.65,1.39,0.7693,0.1332,2.1521,23.8,53.9,0
13.99,5.2,-9.46,10.41,0.7991,0.9977,14.0656,5.9,76.9,2
76.45,0.73,0.45,-1.44,0.3166,0.0566,1.5046,23.7,60.0,0
69.24,-0.79,-3.05,-1.79,0.2157,0.2672,3.5412,24.9,63.2,0
60.11,1.08,-1.15,-3.27,0.1576,0.2202,3.4637,23.2,55.6,0
12.75,3.25,0.72,2.08,0.9582,0.2551,2.1982,14.0,73.3,1
4.95,10.03,8.0,4.05,1.5435,1.0947,8.9651,4.5,94.8,3
1.34,21.99,5.93,4.1,3.5914,1.1598,7.2141,1.5,94.5,3
21.97,1.32,-2.51,4.69,0.5033,0.1147,5.3223,17.4,59.2,0
65.04,-0.28,-0.12,-3.72,0.5192,0.1869,3.7219,25.0,34.6,0
11.36,4.13,-3.56,7.69,1.5982,1.0519,8.4781,8.7,79.4,2
12.75,1.22,7.8,0.16,0.869,0.4595,7.8006,9.9,60.1,1
12.22,2.33,2.06,0.82,0.5939,0.1388,2.2208,9.1,75.7,1
4.11,14.52,4.49,-0.73,1.1457,1.4605,4.5531,1.8,95.3,3
27.2,0.68,0.48,0.42,0.4971,0.1663,0.6419,24.6,50.1,0
4.41,8.58,4.32,-7.5,1.5256,1.0446,8.6587,8.8,77.4,2
13.31,3.42,-2.59,1.59,1.0253,0.3373,3.0371,9.4,58.4,1
6.9,4.62,4.29,-3.8,1.1242,0.1818,5.7269,5.0,86.5,3
55.51,-0.63,-0.23,-0.09,0.3472,0.127,0.243,19.8,57.9,0
0.99,10.0,-5.99,-7.93,1.1086,0.5212,9.9354,2.6,87.2,3
34.98,-0.69,-4.07,-2.91,0.4285,0.2238,5.0051,18.1,32.3,0
47.49,1.18,0.79,-2.72,0.3277,0.171,2.8342,24.4,62.4,0
73.28,1.49,-2.96,3.59,0.4662,0.1016,4.6571,22.3,34.6,0
72.3,-0.73,-0.26,-0.05,0.3552,0.2608,0.2685,21.0,47.0,0
12.08,7.14,3.75,0.38,1.3144,0.6918,3.7661,7.9,91.7,2
56.85,-0.51,-2.08,-1.09,0.2037,0.1877,2.3432,23.7,36.5,0
7.32,5.44,5.08,-0.56,0.6823,1.4743,5.1078,4.8,79.6,2
13.84,7.45,2.56,-12.88,0.4902,0.3664,13.1317,3.5,87.4,2
26.63,1.86,1.48,0.41,1.4794,0.4123,1.5357,9.9,57.0,1
47.82,0.94,2.51,-0.38,0.2754,0.2291,2.5428,23.9,61.7,0
50.6,0.23,-0.73,2.03,0.2225,0.1241,2.1613,21.1,33.9,0
76.72,-0.96,0.3,-0.77,0.1621,0.1504,0.824,18.3,45.9,0
11.41,2.75,4.32,8.34,0.7334,0.8011,9.3942,8.1,77.0,2
33.77,6.38,4.81,-9.62,2.7491,1.3042,10.7544,2.0,84.1,1
14.54,2.06,-1.59,2.03,1.0809,0.6419,2.5843,9.4,63.3,1
50.88,-0.88,-5.01,-2.14,0.1531,0.2103,5.4459,15.2,54.2,0
21.22,1.98,1.6,-0.76,0.4133,0.3405,1.7736,9.7,78.4,1
18.44,1.27,-3.8,-3.73,0.5409,0.3922,5.328,12.0,76.9,1
10.3,8.81,-8.79,5.11,0.8141,0.2058,10.1646,5.6,74.8,2
17.99,0.94,7.08,-2.17,0.6119,0.6199,7.4006,15.0,63.8,1
30.19,1.34,0.39,0.44,0.5229,0.2176,0.5835,20.7,36.9,0
17.33,1.52,0.36,3.58,1.1901,0.3217,3.6025,15.6,80.2,1
74.75,0.86,-0.77,3.46,0.4681,0.1557,3.5439,22.2,33.9,0
27.94,2.62,-8.41,3.86,0.6631,0.275,9.2525,16.0,59.6,1
2.19,15.98,-2.34,3.99,1.5662,1.4756,4.623,5.5,93.6,3
23.51,0.0,24.79,16.06,3.407,1.6617,29.5378,7.3,57.2,3
4.52,11.73,-14.69,-9.03,1.8535,1.1224,17.2476,9.2,89.2,2
6.36,13.26,0.41,-5.02,2.2092,1.0408,5.0415,4.0,87.3,3
22.82,-0.69,-3.69,2.39,0.3827,0.0774,4.3938,23.6,36.2,0
64.22,-0.52,1.54,0.51,0.6002,0.0974,1.6257,15.1,33.1,0
23.28,1.36,0.67,1.22,1.5142,0.3149,1.3936,6.0,80.1,1
63.74,0.68,1.13,-0.09,0.2901,0.1235,1.136,19.2,39.7,0
0.7,15.14,-7.7,-9.18,1.4824,1.3565,11.9763,3.6,88.8,3
56.77,-0.35,-1.75,-0.44,0.442,0.1784,1.8093,18.7,59.9,0
4.28,9.18,-0.93,-0.09,1.4101,0.9769,0.9329,5.2,96.1,3
41.85,0.89,-2.83,3.57,0.5278,0.1926,4.5515,23.1,31.0,0
23.62,2.43,-4.77,-0.24,0.6106,0.6225,4.7769,10.4,61.2,1
22.32,1.11,-2.31,-3.41,1.0471,0.5587,4.1156,17.1,62.1,1
8.71,5.45,4.65,0.37,0.7941,0.6999,4.6613,7.4,77.2,2
74.01,0.24,-6.85,-4.17,0.7427,0.1219,8.0215,16.2,49.4,0
22.52,0.96,-3.33,0.42,0.1385,0.234,3.3523,25.0,51.9,0
18.85,3.91,-0.94,4.23,1.819,0.5495,4.3289,12.1,68.4,1
14.09,2.9,3.57,-1.55,0.9344,0.6798,3.8888,11.7,78.9,1
22.91,2.61,-40.52,-1.35,2.921,1.7492,40.5397,6.8,85.5,2
10.46,4.45,3.52,-7.76,1.3597,0.2394,8.5208,7.1,86.0,2
9.82,8.27,14.12,-0.55,0.8456,0.7772,14.1314,3.3,81.1,2
23.28,0.34,14.22,4.28,3.5589,2.9589,14.8533,3.8,84.1,2
59.76,-0.82,2.64,-3.45,0.2946,0.1843,4.3427,16.5,36.4,0
77.59,-0.94,0.74,-2.6,0.4179,0.331,2.7023,19.0,62.8,0
16.39,3.59,0.96,-2.38,0.5811,0.3225,2.5665,7.2,65.0,1
38.01,1.47,5.7,-1.45,0.4078,0.0337,5.8806,24.2,58.6,0
49.87,-0.39,-0.38,-5.37,0.5245,0.3491,5.3883,23.8,53.8,0
0.99,20.43,4.69,-1.33,1.9746,0.8639,4.8712,1.4,90.7,3
65.46,-0.02,-2.01,-0.28,0.2333,0.1846,2.0283,20.8,58.2,0
7.85,7.85,4.47,-9.83,1.1439,0.8871,10.7983,1.7,94.8,3
8.19,8.01,-14.39,-12.31,0.8967,0.4929,18.9321,5.3,86.9,2
4.18,11.52,-6.46,-5.29,0.7031,0.8204,8.356,7.6,90.9,2
6.35,10.94,0.47,12.84,1.1714,0.9255,12.845,9.4,76.1,2
27.59,1.45,18.08,11.44,2.7637,0.4408,21.3974,10.1,81.8,2
3.31,8.72,-6.92,0.8,2.6959,1.3801,6.9682,2.3,88.9,3
11.49,3.27,-5.92,9.68,0.8685,0.5482,11.3446,7.9,83.4,2
4.02,7.4,-0.41,10.68,0.6944,1.6667,10.684,5.3,91.3,3
9.0,3.17,2.47,2.15,0.4855,1.0704,3.273,7.5,85.4,2
7.08,5.55,9.0,-4.2,0.9512,1.0846,9.9273,3.4,81.8,2
79.77,0.32,4.88,-0.72,0.4902,0.1823,4.9352,16.1,45.2,0
39.59,1.08,2.02,2.86,0.5659,0.0887,3.5033,17.6,55.8,0
16.5,1.19,-3.16,-2.04,0.9269,0.2749,3.7608,12.0,59.4,1
55.98,1.04,5.08,-0.04,0.1608,0.1802,5.0801,24.8,31.5,0
21.79,-0.64,4.52,0.23,0.2575,0.2626,4.5261,22.6,53.1,0
38.36,1.22,-5.27,-2.03,0.3835,0.0982,5.652,20.8,46.3,0
12.97,4.32,9.58,0.91,0.7258,0.9572,9.6259,4.6,76.7,2
23.41,1.81,17.84,11.92,1.5204,0.7833,21.456,4.6,61.6,2
54.65,-0.22,1.71,-1.1,0.258,0.1132,2.0377,17.7,30.5,0
45.79,0.45,-1.58,-1.85,0.4725,0.0709,2.4285,15.8,48.0,0
31.87,0.03,-4.93,0.79,0.7192,0.268,4.9964,23.8,53.7,0
21.22,-0.62,2.61,2.12,0.2358,0.2121,3.3629,22.5,34.0,0
18.3,2.66,4.66,-7.05,1.073,0.264,8.4512,12.2,74.2,1
28.48,-0.73,-1.22,-1.38,0.5199,0.1287,1.8414,16.6,43.5,0
73.71,-0.53,4.44,0.01,0.151,0.0804,4.4411,19.1,58.9,0
51.94,0.55,1.73,2.13,0.873,0.2495,2.7392,16.5,45.6,0
69.99,0.64,1.06,2.92,0.2829,0.0865,3.1083,22.3,63.4,0
9.87,7.8,-8.04,-7.31,2.2961,0.7119,10.8623,7.7,89.5,2
8.75,4.08,-10.25,6.51,1.4176,0.2486,12.1465,9.8,82.5,2
77.08,0.37,0.9,3.26,0.6312,0.1304,3.381,16.9,62.1,0
14.47,2.59,-0.69,-0.49,0.515,0.4517,0.8498,9.7,73.6,1
52.56,0.03,0.91,1.75,0.4205,0.2389,1.9717,19.4,54.4,0
4.17,3.77,-4.92,-4.05,1.6945,0.945,6.3674,3.2,75.5,2
25.43,2.67,7.55,-2.95,0.7011,0.5276,8.1019,8.7,74.7,1
0.81,14.73,5.1,2.2,3.0094,2.6392,5.5546,2.4,94.7,3
25.67,0.51,4.54,-7.77,0.9549,0.5299,9.0011,7.8,76.2,1
68.41,1.29,-1.02,2.34,0.3432,0.206,2.5507,21.9,54.3,0
16.22,0.66,-7.62,5.0,0.4877,0.2503,9.1152,14.5,79.0,1
19.86,2.61,-0.74,0.4,1.1154,0.1685,0.8417,17.8,70.6,1
60.47,1.2,-1.77,-0.21,0.7557,0.0999,1.7783,18.7,34.0,0
0.6,13.91,10.02,5.47,1.4743,2.0108,11.422,4.7,84.1,3
2.6,13.49,2.98,6.39,1.0329,0.7234,7.053,5.4,96.8,3
17.41,0.66,3.7,1.65,0.6041,0.1071,4.0522,13.7,69.5,1
12.37,4.24,7.05,-17.21,1.9614,0.6171,18.5992,6.3,76.5,2
50.59,-0.32,0.66,-0.19,0.2931,0.0681,0.6909,22.1,30.3,0
5.2,11.44,3.27,-2.98,1.9756,1.7581,4.4253,4.5,83.2,2
55.32,-0.84,-1.15,0.34,0.7282,0.1567,1.2026,24.8,38.1,0
6.83,11.01,-3.26,0.25,2.8232,2.0347,3.2745,3.0,94.7,3
28.0,0.64,26.42,-20.86,4.49,1.5669,33.6652,11.0,73.7,3
11.07,8.59,3.59,4.36,1.6128,0.6445,5.6433,8.6,78.8,2
59.7,1.31,0.36,-4.63,0.4191,0.1097,4.6477,18.4,48.8,0
17.58,0.15,-16.77,18.74,1.9445,1.5649,25.1471,4.9,73.8,3
27.72,1.59,15.17,-13.98,3.0064,0.7062,20.6339,9.9,80.5,2
22.32,0.52,6.94,-1.14,0.6144,0.5476,7.0352,12.4,64.1,1
37.33,1.55,-20.97,18.58,2.2737,1.3432,28.0222,8.6,63.8,3
13.19,3.06,-2.53,7.98,1.1209,0.9387,8.3717,3.4,85.4,2
3.62,8.49,0.43,2.02,4.5048,1.8109,2.0638,3.8,83.9,3
70.8,-0.93,-0.63,2.45,0.4046,0.1665,2.5261,15.3,39.4,0
6.11,7.95,-14.72,-0.01,1.164,0.7049,14.7182,5.8,86.9,2
47.3,-0.03,2.61,2.41,0.8179,0.0609,3.5542,16.4,59.8,0
15.74,3.51,5.14,0.39,1.0523,0.5117,5.1543,14.7,68.6,1
24.64,2.99,-17.81,-18.43,1.5534,0.241,25.627,14.1,85.0,3
59.51,1.39,1.95,1.76,0.3635,0.1411,2.6255,24.2,36.2,0
21.94,1.04,4.02,2.42,0.6003,0.2171,4.6937,23.0,40.1,0
12.98,3.76,-3.04,7.78,0.6956,0.498,8.3565,14.2,65.5,1
18.28,3.27,0.09,-2.42,1.1238,0.4147,2.4233,9.5,76.3,1
4.02,5.46,5.72,-15.36,1.1538,0.8239,16.3941,8.8,84.1,2
19.11,3.86,-8.48,1.3,1.2143,0.4176,8.5784,10.4,70.2,1
10.28,8.67,-11.26,-3.59,1.5913,1.1748,11.8124,7.3,75.6,2
7.0,6.17,4.72,-15.62,1.588,0.6225,16.3192,8.9,85.9,2
11.4,4.44,3.67,0.63,2.3178,0.4848,3.7278,9.6,79.0,2
14.18,3.86,-8.79,3.68,0.4315,0.3551,9.5343,15.6,71.2,1
30.79,-0.2,1.03,4.17,0.2665,0.396,4.2976,24.7,33.5,0
21.81,0.81,25.04,15.07,2.3685,0.8721,29.2242,5.7,54.0,3
13.74,3.29,-4.56,-1.01,0.6063,0.2262,4.6749,9.0,72.2,1
52.98,-0.76,1.95,-0.2,0.2397,0.2038,1.9608,19.5,60.9,0
11.17,1.4,-2.91,2.05,1.501,0.6943,3.5554,10.4,67.5,1
2.09,15.18,3.51,3.12,2.8595,1.6346,4.6994,5.0,97.4,3
74.36,-0.49,0.58,0.78,0.3548,0.287,0.9717,23.7,59.9,0
12.3,2.55,-3.77,-3.95,0.2788,0.7958,5.4606,8.8,81.5,2
13.67,6.41,-13.82,-1.62,0.7888,1.2757,13.9175,9.9,80.0,2
12.55,2.33,8.28,-7.02,0.6558,0.1916,10.855,6.5,71.4,1
20.27,0.79,1.92,1.61,0.5581,0.2382,2.5065,14.5,60.4,1
16.18,2.88,-23.04,10.14,2.5154,1.7315,25.1694,6.4,50.3,3
28.3,2.76,22.74,13.24,2.3653,1.2653,26.3133,6.8,81.1,3
2.32,19.68,6.01,0.41,0.9821,2.1056,6.0221,5.8,83.1,3
46.84,0.05,3.5,-3.25,0.6084,0.105,4.7759,18.5,60.3,0
22.0,0.64,-7.16,3.68,1.439,0.2168,8.0465,6.3,67.1,1
56.88,-0.9,0.62,-2.31,0.3912,0.2352,2.3956,22.7,52.7,0
25.82,2.42,2.04,0.53,0.3381,0.605,2.1042,11.7,66.4,1
0.5,4.65,-16.56,15.85,2.4257,1.4624,22.9207,6.4,83.6,2
14.75,2.8,-1.29,2.12,1.3941,0.596,2.4787,7.8,64.0,1
35.6,0.61,-0.35,-0.86,0.5976,0.159,0.923,23.1,42.6,0
9.94,9.18,-1.73,2.34,1.6522,1.2946,2.9109,9.0,73.9,2
13.34,4.91,1.05,-6.83,0.8475,1.3592,6.9113,8.5,86.7,2
13.58,4.92,3.07,-3.3,0.6155,0.234,4.5039,3.4,89.3,2
1.74,10.37,-0.8,1.92,1.4914,0.9404,2.0843,3.7,83.2,3
22.3,0.77,4.61,4.99,0.988,0.6675,6.795,9.1,78.7,1
43.5,1.49,0.63,-0.11,0.69,0.2354,0.636,16.4,56.1,0
7.61,8.9,-1.64,-2.89,2.2208,2.4798,3.3198,5.5,91.5,3
6.12,11.95,3.52,-13.23,1.2121,0.5697,13.69,3.1,75.8,2
55.78,0.83,2.45,1.32,0.3723,0.2225,2.7865,15.7,36.6,0
72.78,-0.86,0.78,-3.28,0.688,0.1023,3.3697,17.4,47.4,0
11.38,7.11,-8.01,3.32,1.2809,0.3206,8.6738,4.2,88.2,2
6.24,11.17,-0.29,9.48,1.5022,0.5277,9.4806,3.7,88.8,2
31.03,0.45,-0.62,0.77,0.6192,0.1611,0.9887,20.1,42.9,0
25.03,2.65,-7.64,-2.94,1.2031,0.4474,8.1912,16.4,80.9,1
39.3,0.65,-3.1,2.77,0.4221,0.0528,4.152,17.1,44.4,0
4.69,7.37,7.24,7.88,1.3388,0.551,10.6996,6.2,91.6,2
71.78,0.21,-1.55,-3.35,0.4356,0.1309,3.696,18.5,50.9,0
5.85,11.18,-11.8,-6.08,2.6377,0.9301,13.2767,9.9,82.1,2
75.41,-0.46,-4.21,-1.38,0.619,0.144,4.4283,18.4,62.3,0
0.97,12.29,-1.75,-3.5,3.5539,0.7457,3.9129,5.8,85.5,3
1.15,15.44,8.88,-4.81,1.2834,1.3484,10.0965,1.6,87.4,3
69.76,-0.28,0.08,-0.01,0.4649,0.1443,0.0819,21.3,50.5,0
78.84,0.69,1.95,1.6,0.674,0.0219,2.5201,22.5,45.3,0
65.92,0.09,-2.91,1.8,0.3927,0.1464,3.4187,24.6,35.0,0
7.6,12.08,-2.47,-2.97,2.7673,1.6767,3.8647,5.7,87.5,3
11.27,2.55,1.36,2.89,0.9249,0.2736,3.1962,8.8,56.3,1
46.54,-0.36,-1.67,0.18,0.6985,0.1425,1.6746,17.4,53.4,0
7.66,11.24,-7.24,-12.26,1.679,1.312,14.2338,1.4,95.1,3
73.85,-0.81,-1.3,-1.75,0.585,0.191,2.1815,18.0,39.6,0
51.39,0.75,3.04,1.66,0.29,0.1553,3.4642,24.9,31.9,0
77.03,0.6,-0.33,-0.98,0.2859,0.3165,1.0303,24.0,54.3,0
21.75,3.04,7.23,9.19,0.8128,2.0712,11.6922,4.8,86.7,1
4.53,13.88,7.87,-0.45,3.2241,0.8466,7.879,1.2,83.1,3
15.32,1.38,1.76,-6.25,1.0635,0.8021,6.4917,10.0,56.7,1
30.8,0.39,0.4,-0.97,0.2452,0.1123,1.0526,24.8,47.7,0
67.43,0.87,-1.26,-1.37,0.0627,0.1545,1.8558,19.7,60.9,0
28.73,-0.41,3.0,-2.76,0.3849,0.0982,4.0744,16.1,33.0,0
5.68,12.82,-11.35,-2.46,0.9091,0.3992,11.6147,8.2,83.0,2
46.47,0.7,-0.72,-0.65,0.2109,0.0558,0.9708,16.3,38.9,0
5.66,8.05,7.82,-0.05,3.0402,1.2615,7.8204,1.9,98.0,3
6.38,5.55,24.12,-2.27,0.3925,0.56,24.2269,3.3,84.1,2
31.55,0.59,1.06,1.05,0.4614,0.2062,1.4951,22.2,40.9,0
11.54,2.07,-5.29,-3.16,1.1673,0.4754,6.1647,12.9,55.8,1
26.95,-0.07,0.77,-3.06,0.4742,0.0751,3.1574,24.7,63.0,0
5.52,5.46,-3.82,5.36,1.4301,0.9255,6.5831,6.4,78.0,2
57.7,0.41,3.23,1.3,0.7129,0.1268,3.4838,22.5,53.9,0
12.61,7.08,-10.15,-6.57,1.1714,0.6555,12.0883,7.8,82.4,2
23.01,-0.1,-1.7,-1.28,0.3038,0.1475,2.1253,20.4,41.7,0
31.91,0.92,20.4,-13.13,1.3817,1.4517,24.2592,11.7,55.1,2
65.57,1.3,0.35,-0.77,0.3343,0.3149,0.8459,17.9,36.9,0
3.1,12.55,-10.7,-2.85,1.2813,1.1916,11.072,1.2,95.6,3
42.11,-0.34,-2.14,-0.15,0.3831,0.1516,2.1497,22.5,63.3,0
4.36,10.72,0.05,-8.2,3.1576,1.3076,8.2028,2.5,90.0,3
13.6,3.72,0.82,2.48,0.9244,0.3988,2.6099,8.5,81.7,1
13.99,2.73,-5.78,6.63,1.2567,0.4114,8.7941,8.3,72.6,1
4.73,3.98,10.04,8.93,0.2196,0.9207,13.4409,4.3,77.6,2
13.02,3.53,5.23,-14.01,1.9274,0.2062,14.9527,4.1,87.7,2
4.08,15.16,4.01,0.97,1.2007,2.5015,4.1216,1.5,92.8,3
24.2,-0.34,-0.61,0.96,0.668,0.2506,1.1418,17.2,64.9,0
13.88,6.15,-8.97,-10.93,0.7161,1.1628,14.1401,7.3,91.9,2
29.49,1.5,-2.18,0.65,0.9301,0.1366,2.278,22.3,51.3,0
17.36,1.41,5.12,-9.46,0.917,0.5789,10.7586,8.5,60.0,1
41.64,0.37,-0.88,-3.29,0.5527,0.1965,3.4041,19.4,54.5,0
12.59,4.79,-1.83,-0.23,2.0267,0.2872,1.8436,7.4,75.7,2
54.26,-0.03,-4.13,-2.25,0.4694,0.1195,4.7054,17.4,45.8,0
29.01,1.42,-2.63,-2.07,0.2476,0.0833,3.3505,20.9,31.9,0
50.14,0.65,2.87,-2.32,0.4553,0.0834,3.6869,23.9,54.2,0
78.12,-0.73,2.23,2.99,0.632,0.1179,3.7254,20.5,31.1,0
19.68,3.8,2.89,1.62,1.6426,0.4747,3.3127,17.9,80.9,1
12.14,1.31,24.27,21.77,2.1266,0.9087,32.6064,8.9,83.3,3
41.09,-0.89,1.6,-1.36,0.5389,0.1457,2.0964,18.6,58.0,0
66.37,0.24,0.12,-3.38,0.7296,0.2075,3.379,21.3,35.3,0
5.97,10.49,-4.22,-4.78,0.4157,1.4965,6.3717,6.9,89.8,2
24.52,0.35,-2.96,1.25,0.5118,0.1662,3.216,18.9,30.5,0
10.54,3.1,4.03,6.63,0.761,0.2543,7.7588,10.1,61.8,1
15.68,3.26,0.09,-0.64,1.4196,0.754,0.6495,12.2,80.3,1
40.57,0.62,-1.55,2.38,0.5981,0.1788,2.839,16.7,39.1,0
57.1,0.43,-0.33,2.52,0.2382,0.1833,2.5445,23.3,37.1,0
5.46,10.13,-9.41,0.14,0.7294,0.7443,9.4084,5.1,88.3,2
64.11,1.24,0.9,0.59,0.7226,0.1394,1.0725,16.8,30.8,0
48.98,1.01,-0.83,-1.54,0.2384,0.1431,1.7535,18.1,55.1,0
21.99,3.27,-6.23,5.18,1.136,0.4508,8.1021,7.6,65.7,1
12.56,2.8,-3.56,-1.48,0.583,0.3977,3.8521,16.1,65.3,1
20.54,1.31,-0.85,-3.94,0.2762,0.2411,4.0285,11.4,59.5,1
31.47,-0.22,1.09,0.23,0.5057,0.139,1.1123,24.6,34.0,0
73.44,0.94,-1.3,0.89,0.2005,0.2142,1.5761,16.4,60.5,0
4.45,11.67,-10.02,-8.53,0.9395,0.423,13.1597,3.8,84.1,2
2.46,9.4,-4.46,3.97,0.9214,0.6547,5.9732,1.3,92.2,3
41.45,0.01,-0.68,-1.6,0.3161,0.1498,1.7385,15.4,47.2,0
5.52,6.13,-6.99,0.83,1.4302,1.7778,7.0364,2.8,88.9,3
14.65,1.32,-4.47,-1.83,0.7901,0.222,4.8286,13.0,71.6,1
52.49,0.92,1.95,-1.06,0.2934,0.3145,2.2208,15.0,37.7,0
49.07,0.41,-3.18,-0.88,0.4527,0.16,3.2967,19.1,32.6,0
14.25,2.17,12.15,-3.29,1.7274,0.4674,12.5894,4.7,82.8,2
12.97,4.99,5.23,-5.46,1.6608,1.1161,7.563,7.9,89.9,2
14.54,2.08,9.43,-1.43,1.6896,0.7873,9.5374,4.3,77.0,2
20.2,-0.4,0.8,-3.5,0.7948,0.1849,3.5894,22.8,46.3,0
55.07,-0.24,-0.96,-1.67,0.5263,0.1808,1.9328,15.8,32.3,0
27.67,1.57,21.05,-20.39,1.7886,0.8683,29.308,10.1,78.3,3
55.01,-0.57,-2.4,-2.02,0.171,0.0534,3.1306,15.2,41.0,0
64.95,0.04,2.81,1.76,0.3933,0.1892,3.3148,19.0,41.8,0
53.36,-0.89,7.42,1.94,0.4176,0.0802,7.6743,20.5,43.1,0
64.55,-0.28,2.03,1.01,0.4821,0.1982,2.2691,18.2,52.4,0
2.7,17.84,-11.58,-4.55,2.4312,1.5022,12.4423,4.6,91.3,3
22.51,1.33,-7.48,-0.58,0.2293,0.186,7.5049,23.7,41.6,0
18.54,2.41,19.72,11.95,2.423,0.7262,23.0564,6.2,71.7,2
57.52,0.45,0.76,0.36,0.2635,0.2263,0.8419,19.4,40.6,0
4.17,10.84,7.17,-4.36,1.1453,1.5259,8.395,3.1,96.1,3
60.25,1.12,0.96,-3.55,0.1034,0.0616,3.6787,23.2,59.4,0
44.84,-0.17,-3.31,-1.06,0.2128,0.2101,3.4724,18.2,30.2,0
14.75,3.76,2.4,-7.9,1.0287,0.5646,8.2583,14.8,77.9,1
54.55,0.06,-0.65,-0.51,0.2444,0.1985,0.8214,18.6,56.4,0
23.91,0.93,4.06,-5.38,0.8553,0.305,6.7347,6.6,68.6,1
3.13,17.02,-5.49,-0.2,1.0463,1.0971,5.4974,5.8,94.9,3
12.78,4.8,1.0,-3.99,0.9082,0.9728,4.1119,6.0,91.1,2
57.12,-0.27,2.04,1.96,0.515,0.3733,2.8335,22.3,42.5,0
10.76,8.9,7.61,2.32,1.8855,0.8456,7.9555,3.6,73.1,2
30.35,0.44,-3.15,-1.13,0.6939,0.1531,3.3483,20.9,52.4,0
16.74,3.03,-3.12,3.29,0.7236,0.1702,4.5375,8.6,65.0,1
34.28,1.46,2.57,3.62,0.5421,0.1783,4.4381,17.5,32.4,0
46.96,1.03,4.07,-3.0,0.4866,0.1064,5.0534,17.9,47.0,0
14.23,6.16,-2.8,-5.99,2.1182,1.6439,6.6094,7.1,90.5,2
49.1,1.0,1.48,-1.4,0.1986,0.3186,2.0371,22.7,38.3,0
31.21,1.37,-0.42,-1.09,0.2615,0.0393,1.1654,15.4,61.3,0
12.34,5.95,-12.9,7.02,0.573,0.2856,14.6885,8.4,90.5,2
34.66,1.39,4.47,-1.65,0.7255,0.0668,4.7633,24.6,41.5,0
24.24,-0.85,3.16,-0.59,0.4633,0.1969,3.2154,15.6,49.1,0
13.86,7.24,3.7,-8.26,1.0318,0.7186,9.0553,9.0,80.8,2
11.33,7.93,1.29,-14.19,1.6623,0.6256,14.2535,4.2,90.3,2
10.03,4.78,-2.76,5.78,1.7156,0.8028,6.3992,5.4,77.1,2
15.16,4.04,1.06,-5.65,1.1229,0.9964,5.7493,5.8,87.1,2
12.79,6.72,0.11,-0.95,0.3262,0.6168,0.9616,9.7,82.1,2
4.05,15.49,0.33,-4.28,4.97,1.1192,4.2944,3.3,83.8,3
8.35,7.85,-7.87,10.64,1.4601,0.5823,13.2355,4.0,72.9,2
15.87,1.96,7.38,-4.64,1.6922,0.7712,8.7193,7.9,76.6,2
14.3,1.38,-2.93,-2.81,0.4878,0.2382,4.0582,13.0,66.2,1
66.08,-0.56,-1.81,0.42,0.8822,0.2249,1.86,22.9,37.0,0
47.32,0.45,1.0,-0.37,0.2927,0.1291,1.0702,17.9,34.7,0
14.51,4.49,-13.95,1.63,1.2175,0.8638,14.0408,8.6,86.8,2
58.87,0.4,0.4,-3.39,0.3041,0.0687,3.4114,15.6,32.4,0
74.4,0.66,0.04,3.05,0.4306,0.0607,3.0499,23.7,32.4,0
6.54,4.96,10.53,2.05,0.4804,0.2611,10.7286,6.7,80.8,2
69.1,-0.14,1.86,-0.25,0.6001,0.1947,1.8813,17.1,57.0,0
8.24,3.6,7.83,-4.39,0.9448,0.9245,8.9803,7.9,79.7,2
11.32,1.25,3.02,4.27,0.8792,0.7304,5.2299,15.1,69.0,1
15.01,5.61,-0.81,2.15,0.7324,1.0981,2.2982,7.5,83.4,2
8.33,6.27,-7.21,-11.8,5.6992,0.7678,13.828,5.2,87.7,1
61.76,-0.44,1.05,2.96,0.4846,0.1026,3.1452,19.1,37.2,0
65.72,0.26,-2.65,0.53,0.6236,0.1899,2.7042,17.3,43.8,0
23.24,3.35,-7.2,-3.4,0.7834,0.4128,7.9683,14.8,77.5,1
11.04,4.67,-2.72,-0.65,1.4124,0.7764,2.798,9.1,72.7,2
10.83,2.82,-9.19,-5.16,0.5719,0.4752,10.5445,4.9,91.3,2
77.51,0.46,2.79,0.14,0.1437,0.1838,2.7936,24.7,30.9,0
3.24,15.87,19.77,8.95,2.5892,0.5678,21.6982,4.4,97.6,3
13.81,1.1,4.33,-3.75,0.3691,0.2017,5.7245,15.6,58.2,1
19.28,1.24,1.92,-3.29,0.5868,0.1959,3.8073,12.8,70.6,1
20.65,-0.71,-0.44,0.86,0.3503,0.1796,0.9668,19.5,32.5,0
18.8,1.54,1.76,-0.49,0.7867,0.7338,1.8236,9.2,66.2,1
40.67,0.01,1.41,-0.65,0.3956,0.23,1.5547,15.1,43.8,0
11.41,8.86,4.31,4.49,1.6435,1.2823,6.2194,8.7,89.3,2
22.83,0.69,-1.93,0.73,0.44,0.2114,2.0624,16.1,63.1,0
48.49,-0.61,-3.47,0.76,0.7366,0.1489,3.5523,24.4,40.0,0
71.96,-0.38,-1.13,-3.65,0.5212,0.1038,3.8161,19.5,52.2,0
4.63,8.15,5.19,1.17,1.4235,1.8974,5.3191,2.8,96.2,3
8.94,3.93,-3.38,-3.76,1.9004,0.5957,5.0523,3.7,85.3,2
62.82,0.31,5.8,0.12,0.4462,0.1346,5.8015,21.6,40.9,0
24.89,0.1,25.5,14.28,3.1041,0.5924,29.2288,8.1,69.3,3
65.96,0.03,-0.69,-5.03,0.3881,0.2026,5.0783,15.8,61.6,0
31.86,2.44,21.01,16.45,3.0929,1.1632,26.6853,4.2,78.1,3
49.47,1.26,-0.4,1.15,0.2837,0.0762,1.2161,19.9,30.2,0
1.58,14.25,-2.27,1.13,2.9162,1.8939,2.5313,1.6,82.3,3
70.11,1.21,2.2,0.43,0.1803,0.1767,2.2429,23.1,35.8,0
26.32,2.55,-6.28,-1.35,0.427,0.7445,6.4199,12.3,70.1,1
15.82,1.0,-8.25,4.37,3.4444,2.0589,9.3417,2.6,86.0,1
18.21,2.14,0.12,-4.34,1.0095,0.4166,4.338,8.4,60.5,1
14.46,2.6,-2.68,6.21,1.3304,0.1552,6.7628,17.6,78.6,1
24.03,2.97,2.33,-0.63,0.7049,0.1207,2.4098,16.9,56.3,1
45.8,1.4,0.65,-1.51,0.4292,0.1874,1.6456,21.4,40.7,0
5.75,3.72,9.13,4.74,1.7492,1.3622,10.2896,3.6,85.3,2
26.91,1.29,8.74,1.64,1.0989,0.3608,8.894,9.3,59.2,1
26.55,2.31,2.68,0.62,0.3867,0.8224,2.7475,12.7,80.2,1
12.74,3.19,0.31,2.72,0.8618,0.4611,2.7341,12.0,70.4,1
11.97,5.04,-9.74,4.09,1.6753,0.5871,10.5617,5.7,91.4,2
13.42,5.24,6.88,3.81,0.5908,1.1082,7.8636,8.3,76.4,2
15.63,6.07,-11.5,3.46,1.4261,1.2638,12.0095,7.0,76.2,2
8.31,5.6,-15.04,-2.21,1.0696,0.4967,15.198,3.9,76.8,2
14.53,3.32,5.42,-0.08,0.7056,0.5486,5.4221,15.8,61.6,1
28.19,0.41,-18.12,-17.85,3.038,1.2383,25.4377,8.5,74.6,3
67.27,-0.7,-1.47,-0.04,0.3496,0.0816,1.4678,21.4,63.3,0
25.36,-0.98,2.53,-0.17,0.3037,0.1812,2.5409,23.2,42.6,0
17.29,1.25,-25.35,21.22,1.6272,0.3062,33.0624,4.9,50.8,3
68.65,1.02,0.77,0.49,0.2056,0.1653,0.9119,15.1,58.2,0
13.42,1.03,-3.75,-2.4,1.7921,0.8615,4.4507,12.7,55.7,1
63.42,0.64,4.23,-2.26,0.4135,0.1708,4.7914,18.9,50.8,0
8.14,7.92,16.5,3.16,0.6453,1.5208,16.8013,8.7,81.5,2
58.49,-0.0,3.08,-0.29,0.193,0.0794,3.0913,16.1,45.2,0
16.95,1.35,-5.06,-0.59,0.9409,0.2423,5.0976,11.0,71.1,1
71.14,-0.66,-4.65,-0.57,0.3143,0.0916,4.682,16.9,54.3,0
18.52,3.13,5.62,0.75,0.742,0.3388,5.6749,11.4,81.4,1
49.51,-0.63,0.3,2.55,0.3635,0.1713,2.5633,22.5,34.4,0
29.66,1.41,-4.02,-0.33,0.718,0.175,4.0307,23.6,45.1,0
17.86,1.14,-2.62,2.13,0.6017,0.4056,3.3772,6.7,73.9,1
23.73,1.22,-2.69,0.32,0.4205,0.1009,2.7069,20.0,44.8,0
37.61,0.06,2.34,3.15,0.4713,0.0575,3.9291,15.1,44.5,0
5.77,5.64,5.22,-0.03,2.3551,0.8304,5.2232,5.7,83.1,3
11.91,2.44,-5.21,4.91,0.268,0.4963,7.1607,17.2,61.2,1
31.89,0.33,15.98,-14.79,2.9163,0.9948,21.7753,11.4,55.4,2
3.36,18.67,6.56,-3.43,3.1566,0.7868,7.4072,5.0,90.5,3
11.62,5.56,2.13,5.42,1.3834,1.0427,5.826,6.3,86.1,2
0.67,8.9,3.54,2.27,3.3092,1.7395,4.2099,3.7,92.5,3
9.38,1.58,-6.86,-1.21,3.8257,1.6364,6.9658,4.4,75.8,1
27.64,3.47,6.81,-2.05,0.931,0.4946,7.1146,9.7,58.0,1
63.57,-0.02,3.49,-1.04,0.447,0.1584,3.6415,17.6,57.7,0
20.58,2.41,4.54,1.75,0.0786,0.4926,4.8625,9.5,61.0,1
6.64,5.01,-13.23,8.49,1.1589,0.6297,15.7212,3.7,87.6,2
1.26,6.64,-0.39,1.2,1.4957,0.8292,1.2605,6.2,90.6,2
45.94,-0.95,-0.25,-0.1,0.0671,0.1262,0.2717,21.7,41.4,0
65.58,-0.77,-2.3,1.75,0.119,0.2035,2.8885,20.7,60.0,0
10.83,0.77,0.72,-2.25,0.7612,0.4184,2.3638,9.7,81.4,1
75.04,-0.96,-1.43,0.34,0.5468,0.2707,1.4698,22.2,62.1,0
14.38,3.3,-10.35,1.15,1.6153,0.7903,10.4123,8.9,79.7,2
17.82,1.83,-4.5,7.75,0.5952,0.5428,8.9616,13.7,63.3,1
29.15,-1.53,3.72,-9.63,1.3223,2.1282,10.3259,3.7,93.9,1
16.21,3.73,-3.37,-0.81,0.4332,0.403,3.4687,12.9,64.5,1
14.68,3.94,6.8,5.02,0.9486,0.524,8.4538,4.0,84.0,2
2.79,16.39,-12.21,6.22,1.8378,1.125,13.7001,4.2,89.9,3
1.59,16.9,-5.17,0.19,1.4049,1.1413,5.1779,3.7,93.5,3
20.3,-0.34,-2.64,-0.16,0.4974,0.1695,2.6456,19.5,53.5,0
47.09,-0.43,-1.46,1.86,0.2971,0.0873,2.366,24.2,32.3,0
16.31,2.99,-3.54,2.51,0.2145,0.3536,4.3396,10.2,62.8,1
10.27,2.85,0.26,1.3,0.9685,0.2819,1.3302,10.8,58.8,1
23.69,3.58,-4.07,-3.3,1.6254,0.5562,5.2395,6.1,72.7,1
17.47,3.7,0.97,-5.8,1.3601,0.3981,5.8799,14.6,66.3,1
24.88,0.18,-0.47,-0.63,0.5214,0.1462,0.7857,18.2,43.1,0
55.41,1.17,1.89,-1.53,0.3334,0.1166,2.4363,19.7,63.9,0
12.83,5.67,-9.65,0.11,0.9509,0.7664,9.6463,3.9,91.2,2
38.91,1.25,1.89,0.56,0.1537,0.1339,1.9732,22.7,58.6,0
18.42,3.64,4.64,-2.28,1.1296,0.2613,5.1703,15.5,69.9,1
4.89,11.39,-3.14,0.69,3.1691,1.4245,3.217,5.1,89.9,3
7.38,3.49,-1.22,3.19,1.0943,0.6424,3.4136,8.1,89.3,2
27.54,0.12,1.11,-0.17,0.8627,0.1146,1.1246,18.5,63.3,0
53.43,-1.0,2.86,1.47,0.2896,0.2451,3.2198,18.6,31.9,0
13.38,6.05,10.22,-1.92,1.6101,0.7081,10.3996,5.7,83.6,2
23.69,0.18,0.4,0.57,0.5581,0.1321,0.6932,23.5,39.7,0
56.63,-0.91,1.25,2.13,0.4231,0.1165,2.4716,16.2,48.6,0
19.8,3.91,-1.7,0.69,1.0905,0.2491,1.8372,11.0,75.5,1
29.03,1.06,-0.85,2.71,0.3587,0.1379,2.8342,15.0,39.1,0
26.18,1.04,0.64,-1.7,0.5677,0.1408,1.8175,20.5,64.1,0
15.3,1.15,3.81,-0.59,1.2143,0.7838,3.8577,14.0,66.3,1
37.98,1.47,2.09,-2.2,0.4827,0.1107,3.0303,24.2,44.5,0
7.35,10.11,-4.12,9.33,0.7536,0.7124,10.1999,9.4,82.3,2
8.75,9.15,-3.13,4.62,0.8601,0.7009,5.5774,9.2,85.4,2
58.49,1.26,3.3,1.0,0.4712,0.1515,3.4519,20.5,40.7,0
11.56,1.66,-7.07,-0.47,0.7144,0.4291,7.0879,11.4,68.3,1
76.52,-0.01,1.71,1.01,0.3792,0.1552,1.9803,16.7,63.9,0
14.32,4.93,-3.17,0.36,0.7571,1.4877,3.1934,5.0,89.4,2
67.97,1.49,-4.31,0.8,0.5815,0.0398,4.3855,19.7,36.7,0
9.0,4.61,-13.11,-0.37,0.8132,1.1252,13.1174,7.4,81.6,2
14.49,1.79,-6.37,-0.04,0.3039,0.5261,6.3666,16.3,62.9,1
65.85,1.33,0.69,-4.75,0.4107,0.1029,4.7964,17.3,48.9,0
25.86,1.01,1.14,-1.13,0.7762,0.2563,1.6068,16.2,62.2,1
9.2,9.32,-10.54,4.73,0.9749,0.7318,11.5546,6.2,72.4,2
13.2,7.23,-6.13,2.12,1.1811,0.8533,6.4899,5.9,89.1,2
30.5,2.79,18.64,-19.59,0.8194,0.9538,27.0407,4.2,75.7,3
70.85,0.06,-5.0,-1.62,0.866,0.0876,5.2542,18.0,49.4,0
21.83,1.67,-0.02,0.99,0.4063,0.3739,0.9916,9.6,61.7,1
12.7,5.02,-0.11,-3.52,1.5493,0.9609,3.5265,6.8,81.5,2
7.74,10.66,9.16,-2.5,0.882,0.4362,9.4951,5.2,73.6,2
10.23,9.79,12.38,-2.7,0.8605,0.472,12.6729,4.5,87.3,2
65.15,0.64,2.11,1.6,0.555,0.2046,2.6463,23.3,47.9,0
26.34,0.66,-13.82,-5.46,0.7225,0.3083,14.8637,14.9,65.1,1
10.72,-0.52,1.06,18.91,6.3878,1.8221,18.9377,2.1,84.0,1
26.68,7.27,8.17,-3.13,2.6204,2.2957,8.7473,2.9,79.1,1
4.91,7.03,-9.58,0.6,1.6488,0.838,9.5989,3.1,85.8,3
11.14,7.06,16.79,-7.28,2.4204,3.0226,18.2988,4.0,88.3,2
13.08,8.88,0.55,5.28,1.687,0.751,5.3092,3.1,81.5,2
69.45,-0.3,2.42,2.29,0.2905,0.1513,3.3286,23.4,50.3,0
14.99,2.9,3.09,16.96,0.4383,0.7292,17.2426,5.5,75.4,2
18.74,2.82,2.52,-3.06,1.2052,0.3376,3.9646,11.1,67.3,1
36.04,0.11,-28.39,-19.42,1.0016,0.5919,34.3952,5.4,77.0,3
72.7,0.19,2.01,4.9,0.4383,0.126,5.2946,22.2,62.8,0
10.67,9.62,-6.03,-1.35,0.8769,0.7095,6.1838,7.7,89.7,2
4.53,13.39,-1.57,0.85,2.1335,1.5187,1.7878,4.6,95.5,3
2.28,11.09,6.52,1.04,1.9033,1.3433,6.6025,3.9,82.3,3
7.49,12.68,18.4,-9.63,0.524,0.6338,20.7698,4.1,89.1,3
10.36,5.61,-3.9,-3.73,0.7564,1.5708,5.3977,7.0,77.7,2
14.84,2.89,0.21,1.84,1.3658,0.4236,1.8524,6.7,60.3,1
5.72,2.76,-2.61,-1.0,5.3653,0.6506,2.7953,6.7,90.1,2
5.44,12.96,-0.72,5.37,1.4265,0.714,5.4148,8.1,74.2,2
14.37,3.19,0.59,2.94,1.5738,1.534,3.0026,9.9,81.2,2
14.92,5.74,5.97,-3.56,1.9583,0.4874,6.952,9.0,80.0,2
31.03,-0.27,2.0,-0.04,0.4111,0.1083,2.005,24.6,44.6,0
1.29,18.18,-6.8,-0.44,0.2387,1.8861,6.8171,3.3,83.6,3
5.22,13.04,15.65,12.7,0.9121,2.1119,20.1605,9.3,84.8,2
78.6,0.41,-4.07,-1.38,0.2619,0.0816,4.2957,19.0,36.8,0
39.53,0.59,28.09,16.91,1.5025,0.5475,32.7894,7.6,59.3,3
52.04,0.08,1.85,-3.02,0.6031,0.2363,3.5395,20.0,61.3,0
41.18,1.35,-2.29,0.99,0.356,0.1181,2.492,22.2,37.2,0
7.71,8.95,2.1,-1.57,1.2484,0.7702,2.6222,4.4,85.6,3
10.45,6.29,-4.05,7.36,1.1955,0.7645,8.4021,7.5,87.9,2
18.46,0.68,-9.92,-1.99,0.6353,0.1629,10.1171,9.5,73.6,1
3.79,13.3,-3.18,12.14,3.1855,0.4035,12.5503,1.6,88.1,3
73.97,-0.86,-0.14,-2.0,0.7292,0.1142,2.0048,24.2,52.4,0
46.53,0.72,-0.62,-4.27,0.3865,0.1441,4.3095,15.9,31.9,0
8.54,11.18,-1.3,-4.72,0.986,0.9871,4.8974,3.4,77.7,2
13.51,2.78,6.56,2.68,0.5046,0.6608,7.0897,16.0,63.4,1
8.14,0.42,24.79,-19.8,2.1723,1.1695,31.7268,9.0,55.1,3
75.49,-0.56,0.64,-2.25,0.6388,0.1477,2.3358,21.8,41.4,0
6.07,12.6,5.8,-2.5,2.9839,1.0252,6.3193,5.1,87.5,3
20.71,1.82,6.0,0.23,0.5346,0.4243,6.004,12.2,71.7,1
36.44,1.74,28.86,14.53,1.7615,1.7502,32.3164,9.5,73.8,3
51.2,-0.14,-2.03,-1.38,0.7889,0.142,2.4548,21.9,46.3,0
20.2,0.11,25.46,-18.77,2.0981,0.9625,31.6374,9.4,83.9,3
3.37,12.22,-4.23,-5.36,2.9811,1.0296,6.8267,3.1,82.4,3
53.47,0.09,-0.33,0.37,0.3703,0.1909,0.4935,25.0,62.9,0
3.78,6.37,-1.99,0.86,0.6238,0.8814,2.1708,1.9,96.5,3
13.71,3.01,1.7,1.81,0.5591,0.4633,2.4825,12.3,75.1,1
25.13,0.8,19.63,11.74,3.7718,1.6656,22.8723,6.1,66.8,2
5.47,12.88,-7.36,2.01,1.8188,0.3953,7.627,3.9,77.9,2
43.9,0.73,4.26,1.35,0.4565,0.1312,4.4706,24.3,39.0,0
63.92,0.37,0.89,-0.53,0.4167,0.0601,1.0319,23.9,35.5,0
26.39,-0.99,-0.85,1.76,0.1805,0.1437,1.9562,15.3,42.4,0
26.73,3.12,-2.6,-0.61,0.9186,0.3307,2.6671,10.5,55.8,1
71.52,-0.86,-2.0,4.9,0.2466,0.1104,5.2964,15.7,48.6,0
16.29,1.53,3.1,5.85,1.2731,0.3854,6.6237,7.8,72.1,1
9.32,3.79,-4.98,-3.2,0.9792,0.2419,5.9194,4.2,82.4,2
74.12,-0.55,2.36,-5.32,0.1953,0.0908,5.8218,20.5,30.3,0
17.78,3.48,3.84,-1.62,1.0049,0.6919,4.1651,9.2,81.0,1
21.48,1.71,-27.48,-13.84,1.518,0.4934,30.7655,5.6,69.7,3
49.44,0.25,4.5,-4.93,0.3563,0.1653,6.6706,16.5,30.2,0
25.63,6.0,-8.34,2.14,2.5985,2.0722,8.6069,4.3,86.9,1
7.82,5.39,6.09,-7.3,2.0621,0.3667,9.5025,3.7,87.0,3
6.47,8.38,-14.31,6.69,1.22,0.4524,15.7981,4.5,81.9,2
6.41,5.31,-4.73,-3.95,2.2464,2.0382,6.1638,1.5,96.6,3
23.12,1.85,-13.41,-3.25,0.7474,0.3317,13.8006,14.3,80.8,1
26.47,2.04,-1.73,-1.59,1.6154,0.3881,2.348,12.6,72.9,1
39.77,-0.25,-3.84,-2.65,0.5084,0.0938,4.6601,20.6,58.0,0
7.78,7.63,-0.67,-6.13,1.0228,0.6188,6.1636,3.5,89.2,3
10.51,2.98,-3.12,2.81,0.7751,0.9958,4.1962,6.6,59.1,1
9.89,8.93,4.6,12.74,0.941,0.5557,13.5458,3.1,82.2,2
27.51,0.53,5.46,-1.48,0.7314,0.6399,5.6573,16.8,62.7,1
44.2,-0.41,-4.35,0.91,0.5988,0.1465,4.4415,16.0,44.4,0
14.11,3.48,3.69,-1.35,0.5694,0.1375,3.9236,10.6,67.5,1
33.79,-0.91,-0.25,3.12,0.9817,0.1576,3.1329,19.9,47.3,0
8.8,2.99,-6.31,1.65,0.64,1.7976,6.5218,3.6,79.3,2
22.58,0.52,15.7,19.24,3.8293,1.4602,24.8305,13.8,64.5,2
51.32,1.26,1.0,1.47,0.7078,0.2305,1.7769,21.7,55.3,0
79.12,0.51,-4.54,-0.84,0.7591,0.1657,4.618,16.9,58.0,0
6.49,7.84,-11.73,2.95,1.6809,0.1556,12.1,3.1,89.9,2
24.62,1.88,-4.93,1.51,0.9637,0.2424,5.1537,18.0,62.3,1
36.88,0.63,1.86,-1.07,0.6161,0.1517,2.1448,22.1,40.0,0
1.84,14.09,7.98,-3.33,1.2675,1.0716,8.6529,5.8,98.0,3
18.28,1.02,3.21,-4.38,0.4431,0.5649,5.4313,12.2,75.4,1
26.91,2.86,2.3,7.28,1.6243,0.9221,7.6323,16.8,80.7,1
27.94,0.51,-0.55,0.06,1.3839,0.3909,0.5528,15.5,65.8,1
11.31,2.39,3.15,2.32,1.1494,0.1987,3.9128,15.0,55.6,1
8.5,3.95,9.74,-5.6,1.2741,0.6612,11.2349,5.2,81.9,2
2.22,9.55,-1.08,-7.94,0.3278,2.311,8.0124,3.8,87.7,3
10.89,0.95,0.15,6.92,0.4886,0.4707,6.9191,11.0,59.2,1
27.48,2.16,-7.03,9.72,0.3677,0.1565,12.0003,16.2,66.1,1
6.01,7.27,0.14,5.24,1.083,0.6128,5.2445,9.5,85.4,2
25.16,2.01,4.91,3.77,1.0368,0.1601,6.1894,11.5,77.7,1
17.24,0.7,-8.34,7.84,0.7348,0.251,11.4397,15.1,72.4,1
2.86,10.32,0.92,1.17,3.3737,1.5636,1.4816,5.0,83.8,3
14.85,4.48,-7.5,1.53,0.5324,0.9389,7.6508,5.9,84.5,2
7.82,6.17,1.35,5.46,1.7964,0.9682,5.6245,4.6,93.8,3
24.39,-0.59,4.16,4.84,5.0737,3.2433,6.3831,7.2,85.8,1
56.33,0.8,-0.02,-3.34,0.3869,0.0681,3.3381,21.0,42.9,0
9.26,5.95,-8.86,4.87,1.0184,1.5696,10.1085,3.2,77.6,2
45.89,1.49,6.66,0.79,0.3512,0.2627,6.7056,23.5,33.4,0
43.04,0.99,2.53,-1.9,0.7081,0.126,3.1673,16.0,50.8,0
12.18,3.76,-3.3,1.2,0.8676,0.4223,3.5076,11.2,75.1,1
5.51,12.68,-3.21,2.61,0.3788,2.3556,4.1322,3.0,90.2,3
11.36,2.25,1.0,-3.49,0.2794,0.647,3.6314,9.9,56.3,1
11.86,0.88,-2.98,0.53,0.903,0.5125,3.0299,16.8,79.8,1
5.88,7.87,-2.3,-0.78,1.78,1.6441,2.4277,4.4,83.6,3
12.04,4.97,1.5,-2.54,1.446,1.2985,2.9519,9.0,72.8,2
11.67,9.34,0.88,-1.17,1.0323,1.3863,1.4584,9.9,88.4,2
8.88,11.04,-9.72,2.07,0.8117,1.6048,9.9412,5.7,72.1,2
4.79,8.29,4.56,0.45,0.4247,0.8577,4.5852,1.1,86.3,3
24.72,0.73,0.21,-0.79,0.5132,0.1207,0.8147,15.6,34.2,0
56.04,1.16,0.72,-0.29,0.5765,0.1591,0.7713,21.3,41.9,0
35.44,-0.98,1.31,2.73,0.3287,0.1662,3.0259,18.4,38.9,0
74.39,0.68,-4.83,-0.18,0.6147,0.0876,4.8291,23.1,56.7,0
26.69,3.45,2.13,0.25,0.9265,0.4244,2.1404,13.1,73.0,1
2.15,13.71,-0.56,6.28,2.486,1.1681,6.3018,2.8,83.3,3
6.7,10.2,6.97,2.89,1.0144,1.3783,7.5468,6.7,80.7,2
73.09,-0.78,1.0,-1.81,0.6003,0.1103,2.0629,18.5,54.5,0
11.53,8.35,-0.87,-12.18,1.5721,0.6274,12.2071,7.4,76.4,2
79.17,1.0,-2.01,-0.02,0.7643,0.2335,2.0084,24.5,44.2,0
15.37,3.56,0.24,-7.69,2.3702,1.2346,7.6933,6.5,85.2,2
13.6,4.06,8.02,-4.39,2.0195,0.5949,9.146,3.5,77.5,2
29.52,-0.07,-0.53,2.01,0.411,0.1469,2.0746,21.8,39.9,0
0.97,9.07,-7.6,0.04,1.6926,0.8366,7.5999,3.1,96.1,3
7.22,7.6,5.34,-0.46,1.9368,2.1528,5.3561,6.0,87.4,3
1.1,8.4,-3.69,3.54,1.6207,2.0318,5.1162,2.1,85.6,3
2.34,18.79,0.06,4.36,1.8936,1.4915,4.3626,2.7,85.7,3
2.99,8.66,4.54,1.04,1.6459,0.915,4.6606,4.4,95.8,3
9.82,7.55,0.83,9.91,1.9582,0.9512,9.944,9.6,75.5,2
66.88,-0.2,-1.1,-0.99,0.1492,0.1654,1.4787,20.7,50.4,0
22.28,3.95,1.49,-1.13,0.8134,0.1981,1.8679,7.7,77.5,1
15.45,5.45,2.99,12.84,1.1113,0.6194,13.1856,4.1,78.7,2
7.53,3.8,-10.01,-0.65,0.9852,0.5599,10.0283,5.3,72.7,2
23.93,0.88,0.99,1.99,0.8753,0.1919,2.2214,13.6,68.2,1
16.83,3.55,1.44,-5.27,1.3851,0.159,5.4604,9.8,61.0,1
0.97,15.27,-1.47,-1.67,1.8934,0.4582,2.2285,5.3,95.2,3
21.64,1.28,0.9,-4.68,0.5817,0.3228,4.7628,14.4,64.4,1
54.89,-0.08,1.2,-0.71,0.4682,0.1526,1.3986,20.1,35.6,0
9.09,8.96,5.03,-1.51,1.0743,0.4174,5.2544,5.4,91.6,2
11.2,5.14,9.86,-1.9,0.5509,0.9685,10.0431,7.2,87.2,2
7.41,11.37,2.53,1.43,3.0514,0.5367,2.9052,7.6,78.2,2
79.43,-0.16,-3.95,-2.8,0.2832,0.1494,4.8382,16.5,42.6,0
11.05,3.25,-7.17,-5.4,1.0081,0.3629,8.9742,7.2,58.5,1
48.74,0.97,2.16,1.92,0.4623,0.1014,2.8897,22.6,58.5,0
11.85,8.52,-10.86,6.31,0.5201,1.2506,12.556,7.6,83.3,2
25.98,1.3,-0.75,0.55,0.1392,0.0787,0.9326,16.4,54.7,0
20.09,0.22,19.96,20.76,3.6342,1.2359,28.7981,9.3,78.6,3
37.89,0.2,-25.27,-10.96,1.9146,0.8201,27.5391,13.3,60.5,3
76.03,1.47,-0.79,2.67,0.4112,0.1286,2.7813,20.2,52.1,0
25.36,-0.63,-2.45,0.74,0.1234,0.3329,2.5583,18.4,31.2,0
6.76,13.74,1.57,1.24,2.7317,0.793,2.0054,1.6,89.9,3
29.31,2.17,16.9,10.4,1.7129,0.8951,19.8436,14.9,51.2,2
29.97,-0.62,-1.89,-4.93,0.6058,0.1925,5.2774,15.5,30.3,0
38.29,0.76,2.6,-2.58,0.3351,0.2681,3.666,18.7,46.3,0
32.01,-0.39,30.42,-11.47,3.3849,2.5384,32.5097,2.4,91.2,2
29.75,1.48,-0.14,-1.68,0.6417,0.1866,1.6887,18.7,53.6,0
47.89,-0.77,-3.89,-1.75,0.1018,0.1777,4.265,18.9,52.7,0
3.59,15.61,0.78,-9.59,0.5897,1.056,9.6247,5.2,93.4,3
35.19,-0.66,3.2,-1.31,0.4137,0.2937,3.4631,24.8,35.1,0
13.11,3.8,-5.77,0.93,0.4145,0.4309,5.8495,7.1,69.4,1
43.77,1.17,-2.65,-0.98,0.5207,0.071,2.8237,16.3,32.3,0
4.94,4.42,3.61,-10.69,1.8802,0.5539,11.2827,7.2,80.9,2
16.63,1.66,-9.87,-0.54,0.9722,0.3284,9.8853,15.2,67.2,1
53.56,0.16,0.17,0.02,0.7586,0.2327,0.1741,19.2,47.2,0
19.02,3.95,-9.33,1.0,0.9033,1.0848,9.3821,10.9,62.3,1
9.94,10.21,0.41,1.17,1.9125,0.4585,1.2357,3.7,79.2,2
1.56,13.52,4.1,3.86,0.5487,1.2687,5.632,3.5,92.1,3
25.67,3.4,-5.45,-2.29,0.7289,0.3226,5.9158,12.3,60.0,1
63.04,1.28,2.37,0.86,0.4449,0.0557,2.5242,15.5,49.8,0
31.09,-0.9,1.39,-3.1,0.3608,0.1657,3.3994,23.9,58.6,0
46.87,-0.5,2.48,-0.72,0.1552,0.1373,2.5791,18.1,64.7,0
73.55,-0.77,-1.05,1.31,0.4889,0.1748,1.6779,15.6,54.1,0
24.8,3.67,3.8,-3.58,1.1947,0.2409,5.2207,6.7,56.4,1
17.84,0.9,-6.85,1.22,0.8903,0.6432,6.9562,16.9,77.8,1
27.53,1.99,2.34,-1.07,0.3234,0.7459,2.5731,13.3,70.3,1
4.92,7.93,-2.58,-5.61,1.7129,1.1911,6.1736,2.5,90.7,3
3.93,15.11,6.48,1.26,2.6642,0.7123,6.5967,5.5,87.3,3
23.17,1.08,-3.35,-2.16,1.1873,0.4183,3.9855,14.9,67.7,1
10.2,1.15,9.0,-3.64,0.6176,0.1658,9.7051,16.1,76.4,1
10.82,1.65,7.65,2.29,0.3239,0.4896,7.9851,8.9,61.7,1
1.62,7.76,-1.25,-3.42,2.1488,0.6432,3.6444,3.5,96.6,3
27.07,-0.98,-2.15,-2.52,0.3282,0.2302,3.3137,19.2,42.8,0
1.83,11.28,9.23,3.27,2.0041,1.9299,9.7936,3.3,84.3,3
65.61,-0.39,-0.29,-0.23,0.4844,0.0502,0.3709,19.9,52.4,0
8.96,5.53,-7.45,4.98,2.4936,0.7362,8.9605,4.2,80.0,2
28.47,0.1,-4.06,-0.6,0.1562,0.137,4.0989,23.1,50.0,0
46.38,-0.08,3.52,-1.08,0.6148,0.1387,3.6839,16.5,42.3,0
13.34,4.09,-6.5,3.18,1.2759,0.5973,7.2343,4.7,73.4,2
15.44,3.71,1.87,6.31,0.8214,0.3848,6.585,8.9,82.0,1
23.97,1.82,1.31,-2.8,0.9667,0.3795,3.0934,6.7,71.1,1
17.22,1.37,-6.7,-4.29,0.4412,0.6365,7.9514,14.4,78.6,1
62.5,0.38,0.36,0.54,0.2618,0.1843,0.6489,22.9,52.5,0
78.3,0.44,4.57,0.33,0.7552,0.1447,4.577,19.6,44.4,0
59.8,-0.57,-1.68,1.67,0.688,0.1432,2.3705,24.6,39.5,0
29.22,-0.19,5.51,1.46,0.5128,0.1752,5.6989,18.2,37.7,0
6.76,10.56,-6.02,2.15,1.2719,1.0016,6.3913,4.8,93.8,3
13.64,7.03,5.4,1.87,2.0737,0.6428,5.7116,4.4,81.3,2
5.3,8.28,-0.03,2.61,0.8005,0.7135,2.6115,1.9,94.4,3
73.9,1.4,1.35,0.47,0.299,0.1767,1.4298,23.3,59.5,0
9.32,10.31,-3.88,-11.04,1.5058,1.2695,11.7016,6.2,72.5,2
1.72,19.64,2.51,0.83,1.2484,1.4604,2.6448,1.3,91.6,3
77.14,1.3,-3.54,-0.15,0.3101,0.1976,3.5464,20.7,55.1,0
24.11,0.58,7.59,-3.29,0.3947,0.1359,8.2724,21.9,61.6,0
72.16,0.24,-0.25,-2.15,0.2032,0.1512,2.1679,17.1,43.9,0
35.95,0.05,-4.26,-1.11,0.2685,0.3062,4.4059,23.4,43.6,0
8.87,5.71,0.83,-13.88,0.8763,1.08,13.9012,5.1,73.8,2
30.91,-0.45,-2.86,3.35,0.5538,0.2264,4.4033,16.8,35.2,0
67.41,0.06,-0.46,0.48,0.4362,0.1699,0.6601,20.6,41.7,0
7.07,7.87,0.1,2.36,4.1045,1.475,2.3592,5.5,88.8,3
24.18,3.78,4.55,0.75,0.4406,0.2233,4.6074,12.1,65.7,1
63.28,0.96,-0.92,0.1,0.7601,0.0765,0.9302,18.9,41.2,0
7.01,9.46,-10.31,-1.63,1.6893,0.3245,10.4337,4.3,85.5,3
22.93,2.9,-0.62,-1.12,0.9113,0.4736,1.2857,9.4,72.7,1
13.41,4.68,6.97,1.14,2.4098,2.5326,7.0657,2.9,81.3,1
36.94,1.28,-25.81,-15.93,3.9494,1.0662,30.3297,11.5,75.4,3
48.34,0.76,-0.18,1.63,0.155,0.1729,1.6371,17.1,42.9,0
15.2,1.15,-8.8,-7.51,1.1295,0.2203,11.5671,8.8,56.8,1
4.5,9.74,-2.64,2.16,1.9151,1.2471,3.41,5.1,89.0,3
5.97,9.8,1.79,3.49,0.8265,1.8606,3.9216,6.1,72.9,2
9.56,6.86,-11.87,8.39,0.6575,1.3279,14.5334,5.7,80.5,2
1.97,11.03,-4.35,0.97,1.4461,1.1578,4.4547,4.0,87.5,3
68.62,-0.55,0.87,-0.66,0.365,0.1532,1.0958,18.2,57.4,0
13.65,7.63,15.84,-5.74,1.4325,0.214,16.8457,4.1,73.5,2
4.97,14.52,-12.0,2.07,2.505,2.1527,12.1801,1.3,84.9,3
14.25,0.61,-3.15,-0.82,1.0608,0.4332,3.2542,8.7,77.7,1
10.26,4.71,4.54,10.49,0.6498,0.6136,11.4362,6.1,84.6,2
6.34,11.83,-9.04,-6.47,2.0155,2.0301,11.1144,4.0,82.8,3
68.18,1.39,3.26,-2.57,0.5259,0.1705,4.1529,24.6,46.1,0
2.17,7.58,-4.74,-8.38,1.6478,1.2486,9.6294,2.5,89.3,3
40.27,0.7,-2.06,5.05,0.5446,0.1859,5.4578,24.5,44.0,0
14.93,2.1,-0.54,-1.74,0.8254,0.6694,1.8252,16.4,80.9,1
70.97,1.06,5.01,3.13,0.5664,0.2792,5.9128,17.7,58.3,0
5.09,6.68,-17.66,0.46,1.0386,1.3996,17.6666,4.4,89.6,2
3.74,12.47,0.34,-2.84,1.891,1.2564,2.8567,4.1,83.6,3
25.31,0.18,-0.33,-5.08,0.4283,0.1235,5.0866,22.8,46.4,0
9.65,6.38,-9.62,2.1,1.2513,0.8431,9.8511,7.2,75.3,2
16.31,3.92,-4.26,-4.67,1.2249,0.1102,6.3237,14.9,75.2,1
11.83,1.98,3.8,4.4,0.2804,0.662,5.8151,6.5,78.5,1
30.37,0.17,25.77,-10.9,2.392,0.8942,27.9796,13.2,59.6,3
23.08,0.49,-3.36,1.2,0.3065,0.1275,3.5704,22.6,47.4,0
20.16,3.75,2.17,1.74,0.6064,0.5763,2.7817,11.0,58.8,1
34.74,-0.14,-1.29,1.59,0.4258,0.0919,2.0458,17.7,38.0,0
10.05,2.91,-2.36,5.98,0.8949,0.8975,6.4302,4.1,78.7,2
23.31,2.17,1.79,-2.55,0.521,0.6353,3.1219,9.3,68.4,1
42.84,1.26,-0.49,0.37,0.499,0.2337,0.6171,19.1,42.0,0
23.52,1.35,-0.57,2.71,0.1819,0.2538,2.7669,16.3,52.1,0
12.8,8.63,-7.8,-6.4,1.6829,0.7404,10.0906,5.8,77.1,2
18.19,5.39,4.27,-1.22,4.2518,1.4468,4.442,5.7,88.2,1
10.92,3.36,-13.03,6.58,0.5027,1.0866,14.5958,8.3,81.3,2
20.35,3.58,6.34,4.17,0.8355,0.7559,7.5936,17.8,66.8,1
34.47,0.09,24.44,18.52,2.8341,1.1845,30.6622,7.8,82.2,3
4.59,3.43,-5.38,-5.47,0.7241,0.5115,7.6731,9.3,82.8,2
41.67,0.33,-0.34,1.67,0.1865,0.0669,1.7021,20.3,48.5,0
14.49,1.11,-1.07,4.2,0.6084,0.2661,4.3336,15.6,80.9,1
4.1,5.2,2.64,8.22,0.7868,0.4321,8.637,9.8,72.9,2
47.55,0.49,1.59,1.02,0.231,0.0996,1.8892,19.9,30.8,0
36.44,2.39,28.39,21.93,2.0478,1.5032,35.873,12.7,54.1,3
40.44,0.92,2.41,-0.56,0.1174,0.3237,2.4776,24.4,45.1,0
10.94,2.16,-6.48,-5.46,1.4856,0.4273,8.4767,12.3,67.9,1
11.38,9.91,-7.31,-6.8,1.0774,0.7009,9.9793,9.0,86.2,2
59.11,0.79,0.2,-0.29,0.2841,0.2379,0.354,18.3,44.4,0
15.72,7.39,11.23,7.09,1.735,1.2709,13.2807,5.6,89.8,2
73.05,1.06,1.16,0.79,0.2281,0.0564,1.4037,24.2,62.2,0
50.55,-0.48,2.13,-0.3,0.5481,0.0916,2.1473,17.3,52.7,0
12.45,0.59,-2.16,-5.04,1.3252,0.2236,5.4777,13.1,73.7,1
11.28,9.1,-5.89,0.95,2.0726,0.9296,5.9702,7.5,91.8,2
52.49,-0.67,-1.55,1.78,0.4494,0.255,2.3568,21.4,44.4,0
24.77,0.47,0.88,0.64,0.3514,0.1521,1.0914,22.2,45.2,0
20.72,-0.76,2.16,1.32,0.2453,0.2371,2.5299,21.6,59.2,0
26.28,2.84,-4.2,-7.47,0.7863,0.8069,8.5695,15.2,58.8,1
8.78,11.27,2.12,-2.23,1.9259,0.5287,3.0809,6.1,89.7,2
63.71,-0.22,-2.35,-1.48,0.3934,0.2768,2.7783,20.4,55.2,0
27.28,-0.07,-0.45,-0.33,0.146,0.1199,0.5573,16.7,36.7,0
2.84,14.43,-1.96,-2.38,1.7481,1.0062,3.0842,4.7,87.0,3
26.86,1.27,-1.96,2.91,0.1597,0.2134,3.5109,15.3,44.0,0
66.54,1.02,3.56,-1.93,0.2505,0.1469,4.0518,19.4,54.5,0
70.67,-0.39,-2.58,-1.29,0.2758,0.1417,2.888,16.1,47.8,0
6.2,10.18,12.54,8.12,1.6671,1.1588,14.937,3.1,79.9,2
23.66,1.87,-9.91,0.45,1.1398,0.5118,9.9204,9.6,80.0,1
20.94,3.89,-3.93,-2.5,0.3566,0.4384,4.6532,14.7,57.7,1
4.16,8.28,-9.02,-4.13,1.4048,1.0313,9.9207,5.8,87.3,3
44.45,-0.38,-0.95,-2.51,0.3047,0.1643,2.6821,18.0,34.5,0
27.57,-0.11,1.7,0.29,0.4332,0.1856,1.7282,15.1,35.3,0
8.77,5.33,1.06,-12.58,1.1649,0.8419,12.628,4.6,89.2,2
15.12,5.76,-4.76,1.47,0.6165,0.5982,4.9818,8.6,82.9,2
37.36,0.19,1.06,0.95,0.6727,0.1352,1.4221,18.7,52.7,0
73.36,-0.84,-0.67,6.33,0.5913,0.1915,6.3646,24.5,35.7,0
70.27,-0.99,-0.35,1.84,0.3981,0.1317,1.8702,15.9,55.5,0
6.76,8.17,3.89,2.91,1.9369,1.5622,4.8594,3.6,88.3,3
41.71,-0.09,0.74,1.26,0.3466,0.2003,1.4573,16.0,57.0,0
7.29,11.84,-0.8,-4.59,4.7726,1.912,4.6599,3.1,89.5,3
12.6,4.47,9.62,-20.22,1.2799,1.6919,22.3958,2.4,77.4,1
2.56,10.64,5.04,-1.54,1.0168,1.1065,5.2728,3.9,83.2,3
6.14,5.82,-8.01,2.88,0.7526,0.4931,8.5101,3.5,83.4,2
52.85,0.02,3.57,1.44,0.1829,0.1276,3.8486,24.3,30.8,0
22.29,3.31,-0.97,0.89,1.5898,0.4681,1.316,13.8,72.7,1
5.25,7.68,4.1,-3.39,1.0945,0.4679,5.3173,8.9,80.0,2
24.16,4.91,-2.12,-4.78,2.1699,1.6,5.2292,4.4,82.6,1
6.01,4.0,5.24,-5.0,1.0432,0.8503,7.2393,4.1,78.8,2
12.55,5.12,11.71,-7.42,0.6851,0.6065,13.8674,6.1,81.1,2
13.48,2.32,4.01,-7.75,1.4434,1.4601,8.7262,5.6,76.1,2
10.19,3.89,0.48,-6.61,0.3957,0.467,6.6296,10.6,80.6,1
11.43,0.9,16.11,12.28,1.4324,1.055,20.2568,8.2,79.7,2
4.26,8.77,0.16,4.26,2.3385,0.7212,4.2635,1.7,92.5,3
11.3,0.15,-23.08,11.63,0.9782,0.5042,25.8424,12.1,72.4,3
7.33,6.25,0.19,-14.22,0.6693,1.2021,14.2201,4.8,91.8,2
77.79,-0.53,-1.69,-3.39,0.3747,0.1735,3.7849,22.9,55.0,0
36.28,-0.28,-2.16,-0.15,0.6758,0.1906,2.1637,20.2,44.4,0
25.15,2.99,3.59,-1.12,0.4387,0.145,3.7599,17.1,64.6,1
21.28,3.02,-0.63,-0.23,1.0136,0.5221,0.6688,10.9,73.8,1
38.35,0.08,-0.05,-0.06,0.2904,0.2584,0.0772,16.6,33.0,0
14.94,3.69,3.77,-4.75,1.5466,1.0401,6.0596,5.4,83.7,2
15.46,0.64,-2.88,0.01,0.4345,0.7956,2.8797,8.4,68.6,1
23.56,4.65,10.78,-3.14,1.8491,2.4069,11.2338,7.0,82.5,2
5.71,3.95,-9.04,-6.13,2.5319,1.3077,10.9227,9.7,89.5,2
6.66,-1.06,-0.53,3.45,1.1706,3.1066,3.4874,5.3,75.2,2
16.32,0.76,29.89,-17.8,1.267,1.6142,34.7929,12.3,65.0,3
26.96,2.59,-28.73,-16.18,2.144,0.4748,32.9776,6.8,62.0,3
9.04,9.68,0.31,2.74,0.7461,0.7195,2.7524,3.2,79.7,2
0.84,19.35,-2.59,-5.07,1.7855,1.1949,5.6934,1.6,94.2,3
18.93,1.09,1.77,4.42,0.9298,0.4142,4.7614,16.5,62.1,1
55.54,1.47,3.83,1.18,0.2459,0.1841,4.0108,22.7,46.1,0
11.5,2.53,8.59,5.15,0.3279,0.6442,10.0195,15.1,60.1,1
37.58,1.34,15.37,19.1,0.9299,1.1315,24.5178,8.0,66.8,2
22.46,0.7,2.87,2.09,0.5866,0.237,3.5456,15.8,37.0,0
10.71,6.32,-7.3,1.69,0.269,0.8072,7.494,3.5,78.2,2
18.66,0.4,15.42,-21.39,2.3463,0.6643,26.3719,13.5,79.0,3
27.72,-0.44,5.64,-0.39,0.4918,0.1379,5.6539,22.9,52.0,0
14.73,2.45,-9.16,8.75,0.559,0.5888,12.672,17.7,70.0,1
24.52,3.5,0.5,-8.82,0.5284,0.347,8.8368,6.4,55.3,1
70.33,-0.32,-1.35,-0.47,0.5449,0.1669,1.4316,21.2,33.5,0
24.29,0.38,-10.76,-7.8,3.7756,1.9095,13.2925,4.5,91.7,2
11.26,1.91,-4.72,-5.12,0.5049,0.6283,6.9629,13.4,78.9,1
49.77,1.08,-2.56,-0.97,0.4287,0.1074,2.7378,18.8,32.5,0
0.5,1.81,-16.5,2.22,2.1795,1.4342,16.6467,5.0,78.5,2
63.39,0.34,1.03,-0.18,0.1401,0.1163,1.0497,19.1,52.1,0
71.67,1.16,0.36,3.1,0.3,0.1614,3.1206,19.7,36.6,0
57.27,0.07,-2.51,0.42,0.278,0.1501,2.5448,18.6,32.9,0
11.8,0.44,-7.42,2.56,4.5463,2.1466,7.849,4.2,91.8,1
22.37,3.18,5.38,4.3,1.3069,0.4652,6.8813,7.7,72.3,1
42.37,-0.63,3.53,-0.41,0.3051,0.1664,3.5495,19.2,30.8,0
13.91,5.95,-15.09,-5.36,1.7198,0.7693,16.0174,3.8,87.7,2
3.04,17.43,8.14,-0.5,1.2082,1.1595,8.1582,4.3,83.1,3
25.41,2.1,28.16,-14.75,4.1567,0.5323,31.7927,14.8,60.1,3
16.29,2.61,3.55,-5.14,0.8092,0.4634,6.2419,16.6,65.4,1
0.5,0.48,-12.27,-5.76,2.7129,2.6282,13.5543,4.7,91.9,2
56.01,-0.87,1.73,-0.1,0.2701,0.1372,1.7307,18.3,49.1,0
26.08,3.24,5.05,7.42,1.2631,0.3665,8.9709,12.3,75.2,1
20.92,3.16,-0.03,3.43,0.8083,0.5973,3.4346,15.6,61.5,1
55.67,0.9,1.23,1.32,0.3083,0.0861,1.8082,21.3,46.6,0
4.52,16.13,-9.32,5.74,1.8161,1.0582,10.945,4.1,83.5,3
17.42,3.6,4.9,-0.84,0.368,0.2277,4.9756,13.5,64.3,1
45.39,-0.47,-3.92,-0.79,0.3887,0.1208,4.0014,16.2,37.9,0
43.45,0.52,2.79,-2.47,0.4276,0.2633,3.72,16.6,51.0,0
10.68,4.15,4.68,3.18,0.3903,0.169,5.6604,3.6,81.1,2
13.34,5.95,9.03,5.46,1.302,1.1809,10.5536,4.6,88.9,2
11.76,0.55,-24.41,-18.51,3.6958,0.6018,30.6312,12.6,66.4,3
47.73,-0.82,-1.42,-3.13,0.5119,0.0933,3.4366,24.2,41.4,0
17.42,2.08,-6.84,3.76,0.9676,0.2432,7.8046,7.1,62.9,1
4.82,13.92,-12.1,-2.46,3.0257,1.7325,12.3461,4.2,85.6,3
23.49,3.82,-7.45,3.13,1.1477,0.193,8.0821,17.9,57.8,1
12.4,6.34,3.73,1.07,1.9768,0.4817,3.8794,4.1,78.9,2
4.39,13.27,0.6,3.14,1.4445,1.8147,3.1968,2.9,87.1,3
0.7,10.48,1.17,5.57,2.6143,2.3123,5.6911,5.9,94.5,3
15.16,2.84,-0.6,-0.68,0.3779,0.4973,0.905,13.5,73.5,1
27.49,2.25,1.09,1.31,1.0639,0.4313,1.7061,15.6,65.4,1
4.3,16.74,6.25,-10.58,0.6657,1.186,12.292,3.5,94.6,3
27.82,0.63,-2.38,-0.34,0.8536,0.7514,2.4082,9.3,55.6,1
36.69,0.61,0.2,-2.42,0.4337,0.0922,2.4291,17.4,48.9,0
56.98,-0.22,1.62,-2.88,0.4969,0.0599,3.3065,23.1,62.2,0
8.77,4.89,2.49,4.48,0.8463,1.003,5.1213,8.0,80.4,2
21.49,3.76,-2.62,1.85,0.3708,0.7416,3.2121,7.6,64.0,1
20.64,3.54,-3.15,2.31,0.506,0.3848,3.906,11.7,76.9,1
12.65,5.7,-2.21,11.29,1.4388,0.4597,11.5092,8.0,81.7,2
12.88,1.34,3.9,1.75,0.6933,0.2773,4.2725,10.1,75.4,1
7.84,10.49,-0.48,-3.28,0.6147,0.7236,3.3137,9.3,87.3,2
30.84,-0.89,-2.14,2.36,0.3073,0.0811,3.1882,17.5,49.0,0
41.66,-0.86,-2.27,-1.84,0.2861,0.0635,2.9239,18.3,47.5,0
75.27,-0.74,-1.12,-1.24,0.7156,0.1857,1.6667,15.0,62.9,0
10.5,-0.22,-13.87,5.83,2.9219,2.1776,15.0441,4.7,93.3,2
61.67,0.24,1.12,0.1,0.1544,0.1366,1.128,18.7,40.7,0
69.36,1.3,-1.78,0.57,0.3022,0.1273,1.8667,23.3,54.5,0
13.87,2.38,9.59,1.76,0.9456,0.576,9.7527,8.8,73.6,2
72.81,-0.1,-1.77,1.9,0.4695,0.1461,2.6017,23.3,34.4,0
40.89,1.34,1.91,-1.46,0.4647,0.1451,2.4052,24.1,63.4,0
22.31,3.38,-1.03,-3.89,0.5794,0.3838,4.025,13.9,55.9,1
27.22,0.61,-7.95,-5.01,0.8377,0.4119,9.3999,12.7,74.6,1
10.3,9.95,1.24,12.29,1.6126,1.026,12.3481,6.8,85.4,2
25.46,1.01,-2.46,-0.51,0.3134,0.1377,2.5167,19.3,60.8,0
6.81,8.77,-2.43,6.6,3.8662,0.5887,7.0335,2.9,86.7,3
61.71,0.31,2.32,-0.16,0.3646,0.1257,2.3261,18.0,59.1,0
13.89,8.09,0.39,6.43,1.2764,0.6887,6.4452,9.6,86.5,2
13.2,3.99,-7.35,2.57,0.8477,0.3065,7.7869,7.2,69.9,1
55.63,-0.51,1.67,1.06,0.3766,0.1532,1.9769,23.2,60.1,0
43.14,1.13,1.12,-2.75,0.1488,0.0674,2.9699,19.2,50.7,0
22.4,0.73,1.7,-1.54,0.2081,0.3996,2.288,17.7,62.9,1
32.02,2.07,-28.01,-17.35,1.8516,1.5397,32.9447,12.1,84.8,3
14.03,2.23,7.55,3.7,0.9482,0.7849,8.4055,8.4,90.1,2
15.07,6.63,0.11,11.98,1.0149,1.3231,11.9837,9.8,84.4,2
15.71,2.44,15.16,6.79,0.5563,1.0834,16.6138,6.8,91.5,2
24.45,1.7,0.61,0.97,0.4635,0.4303,1.1441,7.7,56.4,1
20.13,1.14,-1.12,-2.09,0.5692,0.4639,2.3748,6.4,72.4,1
18.6,4.59,-7.12,10.06,3.4914,2.024,12.3258,4.5,89.5,1
5.62,11.5,4.68,-2.71,0.3993,0.5933,5.4109,6.4,78.9,2
24.14,3.43,-6.72,0.47,0.7672,0.1576,6.739,16.8,69.3,1
18.87,0.93,0.08,-7.59,0.8078,0.1964,7.5885,15.0,62.3,1
47.51,0.66,-0.57,0.56,0.2445,0.19,0.7999,18.4,50.2,0
11.47,0.39,-19.28,-13.23,1.9879,1.5213,23.3883,12.1,74.0,2
5.35,5.57,11.84,-2.16,1.9262,1.6214,12.0393,3.7,95.3,3
14.44,1.87,-1.37,2.14,1.0443,0.1736,2.5366,14.1,63.4,1
34.45,1.28,1.73,1.74,0.4281,0.1508,2.4543,16.6,45.5,0
25.04,0.04,18.95,11.47,2.2125,1.0479,22.1449,6.0,64.1,2
10.52,2.19,-8.04,-2.94,0.916,0.4065,8.5562,15.6,58.5,1
4.76,8.43,1.99,0.95,0.6507,0.9177,2.2028,2.8,94.1,3
9.63,4.57,-15.27,-14.01,4.493,2.6999,20.7229,2.1,83.1,2
9.45,7.99,6.45,-0.87,1.0493,0.5351,6.5111,6.7,78.3,2
21.71,1.87,-5.06,-6.36,0.6919,0.555,8.1273,8.0,59.5,1
21.58,1.51,1.1,6.3,0.8756,0.6928,6.3948,12.0,72.4,1
25.54,2.6,17.47,-18.01,1.7467,1.3503,25.0908,4.5,64.9,3
26.36,2.7,2.42,1.77,0.3698,0.5898,2.9989,9.6,67.6,1
43.68,-0.45,0.73,0.72,0.5141,0.1281,1.0272,21.1,37.0,0
6.24,5.51,7.21,-10.7,0.9485,1.3775,12.9063,1.9,97.4,3
18.14,2.47,-5.92,-0.25,0.4214,0.3866,5.9244,14.2,81.9,1
33.21,4.73,16.71,-11.74,2.7064,1.8365,20.4258,3.4,93.5,2
15.39,6.04,-9.28,0.52,1.5869,1.1412,9.2951,9.9,83.5,2
35.0,0.6,2.24,-1.81,0.5883,0.1035,2.8755,24.1,35.2,0
7.33,8.74,-3.91,-1.68,2.9971,0.4476,4.2593,2.0,95.8,3
14.85,3.72,0.37,-15.6,1.2174,0.853,15.6033,7.5,79.2,2
5.37,9.95,5.87,-4.43,0.5476,0.7683,7.3524,4.5,93.4,3
22.99,1.86,3.22,6.36,0.7873,0.6023,7.1283,9.0,70.8,1
17.18,3.18,4.1,1.87,0.8048,0.1465,4.5107,12.3,74.2,1
21.08,3.74,2.74,-0.69,0.5261,0.295,2.8266,11.1,56.0,1
28.08,-0.2,0.58,2.3,0.6727,0.2463,2.3753,16.6,61.9,0
47.32,-0.26,-3.13,-2.0,0.601,0.214,3.7167,18.7,35.7,0
79.15,-0.69,-1.81,-0.77,0.2931,0.1824,1.9704,24.2,37.6,0
79.07,0.45,-0.28,-0.73,0.3179,0.3062,0.7832,23.8,49.1,0
7.85,6.87,-4.89,-3.55,0.8001,0.4604,6.0401,7.8,77.3,2
9.85,5.29,-12.98,2.78,0.5081,0.5015,13.2727,7.8,77.5,2
19.69,2.69,-4.11,-7.97,1.2226,0.2854,8.97,9.3,58.3,1
13.17,4.44,-0.01,-1.55,0.7743,0.6521,1.5529,6.9,91.3,2
26.08,-0.49,1.42,2.87,0.4857,0.087,3.2072,20.7,59.4,0
50.15,-0.02,-0.6,-1.14,0.5508,0.0786,1.2916,20.8,41.4,0
16.93,3.51,-4.97,0.49,0.7213,0.3354,4.9915,13.0,63.4,1
9.16,7.8,-9.78,8.79,1.5459,1.2792,13.1542,7.6,87.3,2
28.93,0.6,3.37,-1.21,0.5132,0.2484,3.5822,19.9,45.3,0
21.48,3.52,4.07,0.18,2.3639,1.4955,4.075,6.2,79.5,1
58.0,1.15,4.78,1.82,0.1615,0.13,5.1114,22.9,57.6,0
55.13,-0.98,0.99,-0.74,0.5969,0.1296,1.2383,16.0,43.6,0
51.77,0.23,-3.46,1.23,0.7583,0.0851,3.6665,15.7,33.5,0
11.17,7.81,-0.03,-6.4,1.1311,1.3955,6.4043,5.7,89.3,2
15.89,0.74,-1.81,5.08,0.9291,0.342,5.3923,13.2,68.4,1
23.13,1.32,7.8,2.68,0.7418,0.486,8.2448,13.6,74.2,1
34.97,-0.74,0.98,-4.08,0.4921,0.3331,4.1935,23.1,60.8,0
23.75,1.64,-7.14,1.06,1.0583,1.0951,7.2173,9.0,70.9,1
10.56,0.68,-1.16,5.27,1.1196,0.206,5.3958,11.3,72.8,1
23.31,1.6,13.32,-2.1,1.2574,0.3744,13.4858,9.8,57.9,1
27.09,-0.49,1.1,-2.17,0.4384,0.1255,2.432,21.4,59.1,0
45.58,1.13,6.08,1.44,0.5884,0.2802,6.2457,22.9,31.2,0
74.09,0.43,2.03,1.23,0.469,0.1633,2.3743,24.3,36.2,0
4.47,17.12,-0.85,-3.92,2.1021,0.8391,4.0097,5.4,91.2,3
26.57,2.7,-5.17,-1.8,1.1943,0.2681,5.4757,11.3,56.0,1
16.25,3.91,4.26,-4.53,1.1948,0.5811,6.217,16.1,78.4,1
12.58,3.31,-6.07,9.68,1.8535,0.2479,11.4272,16.3,80.7,1
7.46,3.19,-11.64,6.67,0.9615,0.6995,13.4179,7.3,85.3,2
1.46,12.99,-4.15,2.52,2.0903,2.0578,4.8553,4.8,89.6,3
1.1,16.42,-7.17,-6.44,1.3311,1.5958,9.6339,4.4,95.2,3
43.36,1.45,-2.6,-0.23,0.401,0.1851,2.6137,20.2,53.2,0
15.74,5.69,2.73,-0.07,0.9992,1.5042,2.7282,4.3,88.8,2
20.88,0.87,4.81,3.07,0.6293,0.6742,5.7059,10.2,58.4,1
6.56,13.29,-0.12,2.8,0.8868,0.5167,2.7984,2.5,88.2,3
47.24,1.34,-3.79,-3.71,0.9254,0.202,5.3001,19.7,42.7,0
4.18,7.94,0.32,12.04,1.763,0.7517,12.0491,4.7,80.8,2
2.02,12.94,0.46,0.36,2.8968,1.9654,0.5864,5.0,82.6,3
15.0,1.93,5.34,-1.62,0.6543,0.3716,5.5837,17.1,56.6,1
14.36,2.54,17.12,-3.24,3.1458,2.8011,17.4198,2.6,91.6,2
6.43,4.32,4.02,1.72,1.3481,0.834,4.3747,6.3,77.9,2
6.18,7.34,2.72,-7.05,2.324,0.9585,7.5596,3.7,84.4,3
5.95,6.41,-20.82,0.84,6.9101,3.8207,20.8337,2.3,78.0,2
10.31,6.17,6.01,4.87,2.7328,0.6849,7.7354,9.9,79.9,2
24.96,-0.92,0.14,-1.66,0.3881,0.1957,1.6646,20.5,34.0,0
62.41,-0.6,0.25,-0.05,0.2545,0.0856,0.2552,15.8,31.3,0
55.32,-0.43,-0.08,-4.19,0.3903,0.183,4.1881,15.8,34.4,0
11.07,3.74,-15.7,-7.63,1.374,0.7052,17.453,7.7,78.2,2
42.95,-0.24,3.01,0.64,0.3546,0.1048,3.0783,19.5,50.8,0
9.46,8.56,-4.49,7.36,1.2812,1.4814,8.6249,7.4,79.2,2
1.61,16.22,-0.39,12.33,0.8288,2.2988,12.3333,4.3,95.1,3
18.94,2.23,-7.06,5.86,1.1481,0.5858,9.1768,14.8,76.9,1
5.02,10.76,-4.54,3.66,0.4657,0.4821,5.8314,4.5,82.3,2
23.4,2.15,-1.64,-1.71,1.5267,0.3942,2.375,12.1,61.7,1
13.66,1.32,-0.99,-5.73,0.6991,0.3713,5.8186,10.4,79.2,1
11.35,3.71,-1.18,5.45,0.9022,0.1804,5.5802,11.9,56.0,1
8.04,7.55,-4.76,-0.26,1.8555,0.7951,4.7682,5.8,85.3,2
27.87,2.7,-2.61,-3.32,1.0374,0.3659,4.2232,6.1,80.6,1
46.22,0.73,0.13,3.89,0.2858,0.2231,3.8945,22.4,59.4,0
16.53,2.03,-5.19,-0.78,1.1536,0.3276,5.2517,7.9,77.3,1
2.44,18.4,-3.72,7.94,1.3824,0.8825,8.7646,4.3,93.5,3
58.53,0.4,2.81,-2.86,0.166,0.2364,4.0083,22.4,34.1,0
7.61,5.72,-2.63,-5.35,0.3411,0.8259,5.9588,6.6,82.2,2
50.19,-0.72,2.56,-0.39,0.4605,0.0662,2.5887,21.8,64.7,0
37.47,-0.55,0.18,0.82,0.6888,0.0786,0.8373,23.3,51.2,0
74.96,-0.55,-3.05,-1.45,0.1674,0.2107,3.3776,18.3,54.3,0
11.7,6.16,1.73,-10.61,1.3907,0.5457,10.7501,6.7,85.9,2
5.27,7.15,-3.44,2.05,0.6197,1.0902,4.0001,5.2,87.1,2
13.27,2.4,-3.97,3.65,0.7666,0.8242,5.392,8.4,82.0,2
32.94,-0.59,-2.87,0.14,0.4074,0.1589,2.8735,15.3,63.6,0
74.14,-0.08,6.19,-3.46,0.6041,0.299,7.0916,15.8,41.5,0
30.54,-0.74,-2.93,1.2,0.5915,0.1056,3.1618,24.6,49.9,0
17.01,2.7,-12.21,0.58,0.8314,0.4371,12.222,11.7,80.4,1
3.15,9.48,2.37,-3.02,3.2771,1.0943,3.838,1.2,96.4,3
13.99,1.2,-5.04,-5.87,1.104,0.2196,7.7428,15.8,59.3,1
5.72,6.14,5.58,-0.6,1.0654,1.6899,5.6164,2.7,90.3,3
4.53,13.56,3.65,-0.65,1.6729,0.9417,3.7097,3.1,82.2,2
3.34,8.18,7.32,-6.03,4.1085,1.2902,9.4863,4.4,88.9,3
12.24,6.49,9.24,-2.5,2.3446,0.6364,9.5756,8.6,88.0,2
10.55,3.23,4.92,2.89,1.5033,0.4901,5.7026,3.7,82.1,2
13.74,2.2,-3.71,-1.13,1.0012,0.2906,3.8737,16.6,69.1,1
13.68,5.69,-7.4,3.36,1.4615,0.6689,8.1323,5.5,83.5,2
15.08,0.56,8.12,-4.9,0.8484,0.3865,9.4858,7.0,79.7,1
37.8,0.28,0.71,-0.95,0.121,0.0758,1.1865,23.8,43.5,0
8.66,3.14,0.54,5.16,0.4303,0.564,5.1848,5.9,72.3,2
14.23,3.77,-5.06,3.54,0.7238,0.8891,6.1698,7.5,82.1,2
8.34,6.53,9.56,0.36,1.5018,0.4754,9.5697,3.9,83.9,2
2.96,7.87,-7.03,-3.48,0.9147,0.5535,7.8452,5.9,96.3,3
60.16,0.66,0.31,2.37,0.5176,0.0508,2.3928,20.6,62.3,0
18.23,1.63,-5.27,0.79,1.2166,0.4256,5.3252,10.1,68.5,1
38.02,0.09,-1.97,3.42,0.3766,0.1242,3.9472,21.0,44.2,0
26.78,1.16,-0.12,1.52,1.1093,0.4255,1.5229,8.0,61.2,1
20.05,2.93,-23.25,-11.43,0.7421,1.3293,25.9058,13.4,52.3,3
11.67,2.22,9.32,-2.93,0.8992,0.5323,9.7706,12.8,59.1,1
12.41,3.48,-4.81,-7.15,1.1243,0.5546,8.6185,6.0,66.8,1
22.28,3.14,-3.58,1.91,0.6474,0.6923,4.0619,6.9,73.2,1
11.96,3.24,0.56,-4.12,1.2301,1.0411,4.1534,5.3,83.4,2
38.28,0.84,-3.89,0.96,0.2992,0.0936,4.0097,22.1,61.2,0
52.26,0.94,-2.77,1.45,0.2363,0.1344,3.13,24.8,50.2,0
12.94,0.53,7.41,0.88,0.1035,0.5151,7.4579,10.8,66.5,1
17.07,2.22,1.19,0.59,0.5718,0.3288,1.3308,7.5,64.7,1
13.69,1.27,6.47,-5.55,1.16,0.0983,8.5226,11.5,77.2,1
9.79,10.54,-1.07,7.87,1.4824,0.8991,7.9452,3.8,88.1,2
65.08,-0.87,-1.14,-0.04,0.6288,0.1694,1.1382,15.1,34.2,0
76.04,-0.67,2.08,-1.99,0.4564,0.2484,2.877,15.7,39.2,0
4.81,16.36,0.98,0.49,1.7399,0.6916,1.0961,5.1,85.9,3
41.23,0.14,-4.54,-3.23,0.4075,0.0535,5.5743,19.8,39.5,0
58.0,0.35,0.47,-1.06,0.3615,0.2971,1.1585,20.7,38.6,0
78.98,1.01,3.22,-0.18,0.4972,0.0865,3.2256,22.8,55.0,0
17.09,3.3,2.17,1.09,1.2168,0.5589,2.4256,7.8,77.3,1
35.14,-0.8,3.09,0.3,0.3456,0.2191,3.1047,24.5,37.0,0
34.97,0.65,19.46,15.59,3.4445,1.1943,24.9375,8.4,60.4,2
18.37,3.11,-1.75,1.52,0.3407,0.4059,2.3189,15.6,77.7,1
31.07,-1.66,21.82,4.3,3.6039,1.842,22.2418,7.5,88.9,2
59.25,0.43,1.28,-0.5,0.4573,0.1342,1.3792,16.5,41.1,0
19.91,3.83,4.53,-2.89,0.552,0.3615,5.376,13.2,67.3,1
12.78,1.88,-4.02,-2.84,1.264,0.3675,4.9223,6.6,64.0,1
46.03,-0.25,0.06,2.44,0.7437,0.2037,2.4413,17.0,48.5,0
18.93,2.5,24.34,18.68,2.6012,1.4648,30.6856,5.0,55.7,3
76.91,0.25,2.73,-1.01,0.5147,0.0584,2.9129,15.7,54.4,0
13.25,3.25,-5.83,2.3,0.8684,0.5146,6.2711,7.7,67.1,1
32.57,-0.18,0.53,4.03,0.7519,0.1346,4.0667,18.3,36.8,0
39.87,0.85,-2.8,2.66,0.3002,0.2162,3.8583,16.3,56.0,0
15.33,5.3,10.86,-0.22,1.6107,0.5765,10.8592,7.1,90.8,2
70.05,0.96,4.79,-2.67,0.4405,0.1079,5.4866,22.7,44.1,0
26.01,0.14,-1.28,-3.05,0.3626,0.1963,3.3055,23.2,42.9,0
15.75,6.95,-2.81,-0.37,2.0526,0.8793,2.8367,9.5,87.3,2
24.11,0.92,5.98,-3.3,1.0648,0.2391,6.8292,10.6,80.5,1
23.19,2.61,6.23,7.25,1.2061,0.5117,9.5549,14.9,63.7,1
5.31,6.21,-4.46,-7.71,2.9589,1.0244,8.905,2.6,93.2,3
20.0,3.7,5.31,13.8,4.8802,1.6729,14.7817,7.8,91.2,1
42.95,-0.55,-0.01,-0.29,0.4051,0.096,0.293,17.5,62.3,0
63.8,-0.45,-0.09,0.36,0.3252,0.1238,0.3719,16.4,44.1,0
10.31,2.2,5.03,-5.9,0.2674,0.3662,7.7572,16.1,62.7,1
64.77,-0.46,-2.0,0.88,0.4817,0.1318,2.1849,16.6,51.6,0
20.29,1.44,0.8,3.76,0.4761,0.418,3.8404,6.4,60.9,1
20.96,3.98,-4.03,-0.87,0.8658,0.2179,4.1258,7.3,70.2,1
43.05,1.07,1.74,0.82,0.3736,0.101,1.9269,16.8,45.1,0
14.89,4.39,0.14,-1.58,0.7916,0.8853,1.5825,7.0,79.0,2
12.04,3.43,5.81,-3.33,0.5308,0.3358,6.6967,15.4,64.7,1
4.3,7.26,6.96,-0.69,0.9259,1.1684,6.9975,3.0,83.5,3
10.19,3.88,-0.22,1.41,0.5043,0.5933,1.431,15.7,78.3,1
12.24,0.88,5.56,-0.03,0.4581,0.6197,5.5611,15.0,74.8,1
10.01,5.25,-16.12,-3.16,2.2945,0.9108,16.4247,5.7,73.0,2
7.85,9.02,6.72,1.87,0.6229,1.7261,6.9766,3.1,86.7,3
73.18,-0.81,0.43,0.18,0.1929,0.2233,0.4663,20.5,49.0,0
14.95,6.25,1.93,-1.11,2.1112,0.7195,2.2252,8.6,72.1,2
13.71,3.74,2.53,-2.69,0.359,0.4859,3.6974,11.3,71.9,1
8.87,10.11,6.58,-4.65,1.9448,0.4337,8.0535,10.0,88.1,2
51.32,-0.07,2.96,0.66,0.5423,0.1899,3.0309,22.6,54.4,0
10.03,3.48,1.82,-4.51,1.0519,0.4861,4.8675,7.9,77.9,1
47.21,0.48,0.31,1.96,0.2517,0.1077,1.9825,16.0,46.7,0
59.8,1.2,0.09,0.78,0.6574,0.3254,0.78,24.5,50.9,0
25.29,0.9,0.86,-0.78,0.4936,0.3001,1.161,8.2,60.4,1
27.37,3.02,0.03,-5.76,0.6161,1.0143,5.7582,14.2,58.3,1
10.57,1.03,-3.05,-5.1,1.1664,0.4752,5.9387,6.1,57.3,1
52.66,-0.92,4.99,-0.9,0.3807,0.2107,5.0654,24.0,62.7,0
15.37,2.56,1.19,0.55,0.7698,0.7326,1.3099,15.6,70.4,1
34.9,-0.79,2.19,2.19,0.7867,0.0917,3.1033,22.1,37.1,0
55.07,-0.58,-0.59,1.31,0.6117,0.0732,1.4425,16.6,36.4,0
58.6,-0.61,2.84,-3.18,0.1897,0.0324,4.2646,17.2,52.5,0
60.78,0.65,2.98,1.42,0.4847,0.1446,3.3028,22.4,41.1,0
2.51,8.54,2.53,4.73,1.4,0.7787,5.3649,5.6,95.0,3
7.73,4.47,-6.53,-1.5,3.7836,0.8691,6.7008,3.5,97.3,3
18.96,3.81,-14.43,-4.18,1.0618,0.5172,15.0189,8.8,80.0,1
60.96,1.41,4.27,-3.23,0.4761,0.1377,5.3553,23.4,53.2,0
13.5,1.45,3.63,1.13,0.3228,0.7606,3.8023,8.1,78.6,1
12.51,0.58,0.63,-0.73,0.5217,0.3459,0.966,7.1,66.7,1
8.89,9.49,15.64,9.5,1.2166,0.3122,18.301,6.5,82.6,2
27.3,3.25,5.96,2.3,0.8407,0.5582,6.385,6.6,55.8,1
30.07,0.1,-4.07,-0.11,0.5553,0.1971,4.0731,22.6,62.3,0
29.85,0.88,3.71,0.02,0.4389,0.0739,3.711,24.8,43.6,0
26.53,1.45,7.27,1.13,0.5798,0.1627,7.3597,12.6,61.2,1
15.03,1.13,-5.91,-3.26,0.609,0.2567,6.7479,13.4,76.1,1
24.67,2.3,-0.05,0.09,0.5304,0.5634,0.1063,7.3,78.7,1
2.52,14.49,3.83,-5.52,2.6472,0.8978,6.7194,1.0,93.5,3
56.41,-0.92,-0.45,2.25,0.4627,0.233,2.2986,23.6,62.5,0
46.62,-0.67,-3.69,0.55,0.1503,0.1369,3.7281,23.4,54.5,0
6.85,6.1,9.53,-4.71,1.0328,0.7549,10.6332,5.8,92.4,3
66.62,0.24,2.33,0.6,0.5405,0.0957,2.4043,18.3,32.3,0
23.62,3.92,2.78,-7.11,0.735,0.5317,7.6377,10.1,64.7,1
36.65,0.22,-0.31,1.36,0.508,0.2478,1.3909,18.6,51.1,0
4.75,16.45,-13.89,-2.22,1.5089,1.9248,14.0702,2.7,96.0,3
71.36,0.4,-3.24,-2.38,0.5217,0.1895,4.0162,15.6,39.4,0
20.22,3.46,4.97,-3.21,1.1178,0.4286,5.919,15.9,71.9,1
11.0,2.46,4.47,-3.18,0.5861,0.4026,5.4851,12.7,68.3,1
15.69,5.63,-7.27,-8.2,0.8045,1.3782,10.9539,3.4,80.8,2
10.17,10.45,4.18,-11.71,1.1041,0.4704,12.4357,9.4,80.3,2
15.92,0.07,-6.96,-1.51,2.7753,2.0522,7.1242,4.7,83.7,1
3.94,11.18,3.67,4.64,0.832,1.0601,5.9138,5.2,94.3,3
27.69,1.08,6.27,-2.42,1.9865,0.603,6.7233,8.1,70.0,1
5.34,5.34,9.61,13.68,1.8673,1.0612,16.7166,9.7,81.2,2
25.81,1.77,7.21,2.92,0.3645,0.1902,7.7796,16.4,80.2,1
65.78,0.44,5.17,-1.0,0.2182,0.1712,5.2692,21.2,53.6,0
22.17,3.54,2.82,0.52,0.5275,0.2835,2.866,11.3,59.1,1
38.53,0.28,-1.76,0.71,0.365,0.1606,1.8979,23.4,41.2,0
1.65,16.41,-1.66,2.91,2.128,0.9204,3.3553,4.5,85.2,3
22.77,3.59,1.42,-2.19,0.6944,0.5182,2.6037,12.3,71.8,1
1.27,9.5,4.38,2.92,2.5122,1.374,5.2691,3.3,93.2,3
12.56,5.22,5.88,1.64,1.1695,0.4061,6.1076,3.2,79.0,2
10.96,9.37,1.04,-2.9,2.2265,0.7979,3.0805,5.3,79.4,2
17.11,3.03,0.48,4.99,0.6138,0.7872,5.0095,14.5,70.7,1
33.67,1.3,1.04,-2.7,0.3088,0.1112,2.8913,19.4,39.7,0
11.23,5.08,-1.78,-1.85,1.3328,0.6023,2.5679,3.0,74.5,2
4.3,13.11,-0.63,13.31,1.8708,1.0959,13.3212,8.5,86.5,2
15.7,2.46,-24.55,10.28,1.6787,1.3402,26.6177,6.5,70.9,3
18.7,2.79,-0.69,-1.37,1.4583,0.5668,1.5313,10.7,56.3,1
43.26,0.52,0.24,1.59,0.4747,0.1623,1.61,15.5,55.0,0
55.72,0.19,-0.96,0.66,0.2849,0.0866,1.1604,20.5,39.4,0
7.63,9.54,-6.23,6.4,2.0259,0.1425,8.9351,4.4,82.3,2
18.08,1.06,-17.37,-16.68,1.9186,1.1675,24.0809,13.6,67.5,2
15.84,-0.75,9.41,-10.22,4.9204,1.2754,13.8929,7.9,84.5,1
8.18,6.8,6.49,2.88,2.4603,1.3712,7.0973,5.3,74.2,2
59.87,1.32,-4.77,3.25,0.2616,0.1393,5.7699,22.8,60.5,0
44.25,0.9,-1.54,1.46,0.6768,0.1991,2.1247,21.5,39.6,0
74.63,1.42,1.01,-1.95,0.2942,0.2452,2.1995,18.7,38.0,0
40.31,0.73,-2.88,-3.16,0.6077,0.1791,4.2718,23.7,31.3,0
11.57,8.41,5.53,-11.75,1.3704,0.6453,12.9843,8.0,90.3,2
68.65,0.94,-3.08,-2.07,0.3728,0.1883,3.706,16.7,32.4,0
17.86,2.15,3.81,-3.94,1.4378,0.2468,5.4807,8.6,78.9,1
1.49,8.68,-3.35,1.88,1.6236,1.6143,3.8408,4.6,87.3,3
10.95,6.47,-9.68,4.98,0.9378,0.385,10.8863,7.1,79.6,2
40.81,-0.94,-4.68,-0.59,0.4476,0.1179,4.7191,23.5,45.0,0
63.86,0.34,-4.54,-3.68,0.3899,0.291,5.8438,23.9,40.6,0
24.08,1.18,0.97,-0.16,0.6255,0.0597,0.9786,22.0,33.9,0
25.63,0.84,-5.6,6.74,0.7471,0.5103,8.7615,10.0,64.1,1
73.84,1.35,0.86,-1.55,0.2583,0.0779,1.7694,22.7,37.9,0
22.55,1.76,3.74,-0.71,0.7327,0.5033,3.8081,15.7,58.6,1
24.97,2.1,0.12,-1.94,1.1198,0.2263,1.9406,12.1,81.3,1
73.01,-0.91,-1.38,-1.02,0.3164,0.0555,1.714,17.0,61.0,0
65.02,1.17,-1.19,-5.17,0.3048,0.0783,5.3052,16.1,59.6,0
17.44,1.48,-22.61,-19.73,1.5981,0.9391,30.0072,9.1,58.9,3
18.4,3.56,0.78,2.67,0.4676,0.3872,2.7812,14.9,81.1,1
23.43,3.27,-1.35,3.16,0.6657,0.4847,3.4384,11.0,56.9,1
23.97,3.31,-4.25,-3.95,1.1716,0.5067,5.8021,14.7,66.3,1
22.78,1.22,4.54,-4.73,0.168,0.2017,6.5626,6.5,81.5,1
1.27,20.67,7.01,0.27,2.6447,0.4823,7.0183,3.1,91.8,3
27.51,3.75,-7.71,-0.51,0.7991,0.546,7.7264,17.9,56.0,1
66.66,0.67,3.19,0.42,0.812,0.208,3.2193,23.5,38.9,0
18.89,1.16,-1.25,-2.24,1.0216,0.5719,2.5675,6.9,71.6,1
7.43,11.11,-2.67,-1.73,2.5526,1.0166,3.186,1.1,90.4,3
26.45,2.16,-5.04,-0.54,0.6249,0.5167,5.068,14.2,69.3,1
20.32,1.0,1.84,0.33,1.1032,0.5694,1.8724,7.2,71.4,1
24.06,0.73,-1.27,-1.85,0.8002,0.1149,2.246,21.1,56.3,0
29.28,-0.61,0.45,-3.49,0.4958,0.2548,3.5214,22.9,57.3,0
11.46,4.57,-14.93,0.87,0.8104,0.4145,14.9553,8.0,73.3,2
7.41,8.13,14.2,0.39,2.0243,0.1735,14.2046,4.3,96.4,3
2.82,8.23,-1.42,1.17,2.0636,0.7415,1.8398,2.7,86.7,3
34.1,0.77,2.91,-1.0,0.3154,0.18,3.0826,15.6,45.8,0
10.06,0.95,3.88,2.14,0.5674,0.8003,4.432,11.0,74.7,1
57.35,-0.37,-4.75,1.01,0.1138,0.124,4.8579,19.1,32.8,0
37.58,1.03,2.05,2.0,0.5391,0.1034,2.8667,17.6,63.5,0
11.17,0.84,0.46,-5.52,0.6875,0.3531,5.5428,6.9,81.4,1
35.2,0.01,-27.79,16.81,2.6412,1.6194,32.4769,14.0,51.5,3
72.05,0.63,1.77,0.43,0.3926,0.3387,1.8166,17.3,57.9,0
14.86,3.48,3.64,0.8,0.4522,0.496,3.7282,14.2,57.4,1
23.77,3.62,3.9,8.74,1.0069,0.2552,9.5703,7.9,79.9,1
27.89,0.8,8.37,4.98,1.3244,0.2471,9.7433,14.8,67.7,1
27.63,1.49,-1.18,0.19,0.5837,0.1723,1.1949,21.2,45.3,0
3.73,16.63,5.83,-0.9,1.5786,1.5124,5.8979,5.6,95.2,3
19.68,1.36,-5.11,12.59,0.7152,1.5966,13.5847,5.6,82.4,1
5.15,15.38,0.19,-5.23,1.5094,1.2585,5.2317,3.0,88.4,3
53.68,-0.14,1.91,5.59,0.2764,0.1962,5.9024,16.7,42.3,0
2.95,18.18,-6.13,-0.28,3.0072,0.5911,6.1394,3.7,95.0,3
21.39,2.84,-0.53,-0.15,1.3861,0.623,0.5531,16.1,67.2,1
44.2,0.95,-2.16,-0.42,0.5361,0.0936,2.199,21.3,51.1,0
28.09,-0.87,-0.14,2.72,0.2968,0.1275,2.7267,15.7,45.9,0
61.27,-0.39,1.47,1.1,0.1117,0.2407,1.8383,21.3,46.7,0
54.16,0.18,2.02,1.04,0.6385,0.2211,2.2743,16.6,42.9,0
61.68,-0.31,-3.01,-0.41,0.4827,0.3125,3.0332,19.8,54.1,0
12.88,2.43,0.03,5.9,1.035,0.4022,5.897,9.9,66.8,1
23.08,1.07,3.52,5.27,0.8227,0.3133,6.3349,7.6,72.0,1
7.96,4.14,-0.76,8.04,0.8338,0.7522,8.0786,3.2,75.8,2
6.23,3.81,-0.68,10.81,0.7942,0.9875,10.8359,6.5,83.7,2
2.53,7.64,-1.52,4.8,3.106,1.3608,5.0332,1.3,91.6,3
47.74,-0.77,-3.5,0.61,0.436,0.241,3.5564,22.7,37.0,0
49.67,1.33,-0.16,-2.64,0.5191,0.1903,2.6433,20.4,55.7,0
79.95,1.2,-0.35,0.3,0.3479,0.0818,0.4612,19.0,59.4,0
4.58,10.61,1.1,-11.25,2.434,0.8668,11.3083,7.1,87.0,2
8.72,6.13,-7.58,-14.23,1.4555,0.7122,16.1272,4.5,77.7,2
10.05,7.98,-5.55,3.35,0.8532,1.1097,6.4844,6.3,79.3,2
10.21,2.03,5.84,-4.56,0.8534,0.9473,7.414,11.9,67.7,1
44.45,-0.42,1.49,-1.04,0.4499,0.1531,1.82,19.1,32.9,0
14.76,3.03,-9.07,-0.29,1.039,1.2323,9.0757,4.6,84.4,2
25.64,1.42,4.63,0.5,0.634,0.21,4.656,7.8,65.6,1
77.31,0.37,0.4,2.29,0.3384,0.04,2.3218,24.6,32.3,0
24.71,2.16,-2.5,-3.46,0.5429,0.614,4.2645,11.7,55.5,1
13.24,1.26,2.87,-1.45,0.6715,0.3569,3.2133,12.0,60.7,1
24.97,1.33,17.99,17.55,1.9271,0.6915,25.1322,6.3,79.2,3
21.98,0.68,1.0,0.09,1.2457,0.3847,1.0074,15.7,61.7,1
57.19,-0.85,-1.48,1.19,0.485,0.2474,1.8978,22.4,41.5,0
6.69,11.3,11.66,1.7,0.4908,0.8209,11.7791,7.3,75.9,2
3.82,9.71,-3.26,7.11,2.6215,0.713,7.8205,3.4,92.5,3
2.14,14.43,13.23,7.23,2.9922,1.4538,15.0797,1.7,96.7,3
20.32,3.97,5.6,-5.82,0.7667,0.2985,8.0714,7.6,73.0,1
5.15,11.93,-5.82,-2.88,1.5004,1.2995,6.4887,3.1,92.9,3
27.99,7.33,-3.06,-0.12,4.8217,1.6243,3.0595,6.7,79.2,1
24.14,0.6,0.15,3.43,1.3499,0.412,3.4334,9.1,76.9,1
9.7,10.15,3.56,-1.59,0.802,0.5501,3.9022,6.8,80.8,2
79.56,-0.26,3.63,-0.4,0.4087,0.2043,3.6508,20.0,61.6,0
4.59,9.27,-6.64,2.04,1.2149,0.5059,6.9522,7.6,87.3,2
17.13,1.19,-1.11,-13.28,2.906,2.3275,13.3219,3.1,84.7,1
27.7,1.63,-1.35,-5.73,0.7931,0.7281,5.8894,15.1,57.8,1
25.4,0.48,-28.89,-18.96,1.1015,1.3899,34.5576,10.3,76.4,3
10.33,1.05,22.07,-3.22,1.2158,2.0504,22.3007,3.4,82.5,2
13.4,2.84,-16.11,4.68,0.9349,0.44,16.7763,3.9,81.6,2
7.44,12.78,-5.2,-1.71,1.515,1.4078,5.4733,4.2,83.0,3
5.43,13.7,7.6,0.57,1.6516,1.4605,7.6211,5.8,92.3,3
20.68,3.42,-5.47,-2.28,0.6213,0.1111,5.9225,9.7,80.6,1
5.46,13.51,-0.1,0.72,2.8086,1.1954,0.7279,2.4,84.6,3
68.21,-0.34,-3.68,3.12,0.4099,0.2795,4.8266,24.9,38.6,0
32.36,0.72,0.22,-0.09,0.618,0.3136,0.2343,18.7,59.3,0
14.22,1.69,-10.23,1.8,0.467,0.1438,10.389,9.0,81.5,1
60.12,-0.49,1.95,-3.93,0.316,0.1622,4.3893,24.1,52.5,0
12.31,0.76,-1.78,-2.79,0.7706,0.5198,3.3146,10.4,60.4,1
47.71,-0.93,4.48,0.52,0.3162,0.014,4.5133,16.0,48.8,0
60.44,-0.32,-1.51,-1.96,0.2397,0.0953,2.479,21.8,47.0,0
22.47,1.3,9.25,7.22,0.83,0.442,11.7317,7.3,56.9,1
13.37,6.03,7.25,3.83,1.6945,0.7172,8.2039,7.2,91.7,2
5.59,7.1,7.85,-0.35,1.8162,0.757,7.8597,5.6,76.6,2
5.73,6.45,-12.05,-7.75,2.6233,0.4909,14.3295,5.3,82.2,3
61.38,0.38,-0.12,-0.04,0.1859,0.241,0.1309,20.9,52.0,0
42.74,0.97,4.5,3.01,0.2469,0.3071,5.4111,25.0,60.9,0
6.09,9.51,4.76,3.93,0.7739,0.835,6.1733,3.4,84.1,3
65.94,-0.73,-3.88,0.13,0.5592,0.1303,3.8773,16.0,57.3,0
60.72,1.04,-3.95,0.24,0.3155,0.1091,3.9531,19.7,47.3,0
79.71,-0.29,-1.15,-1.87,0.173,0.2308,2.1933,18.7,53.9,0
69.81,1.05,2.26,-0.86,0.9263,0.1735,2.4215,21.9,58.5,0
6.58,7.79,-6.57,-2.68,1.1102,0.8688,7.0943,6.0,86.7,2
54.89,0.18,-2.58,-0.41,0.2729,0.0914,2.6144,16.9,34.2,0
3.1,17.92,-5.57,3.9,2.0096,1.5296,6.8002,2.9,93.7,3
21.56,3.55,3.56,-3.17,1.3065,0.8496,4.7684,8.6,69.1,1
12.1,3.93,-1.64,4.67,1.1687,1.3096,4.9535,3.6,86.8,2
58.0,0.16,2.37,2.87,0.3768,0.176,3.7237,20.5,36.0,0
29.41,1.43,-6.84,-0.74,0.2313,0.1723,6.8816,20.6,59.5,0
13.73,7.93,0.67,2.01,1.4056,1.2828,2.1237,7.0,88.3,2
9.13,3.01,3.08,-15.87,1.3026,1.1558,16.1663,5.0,84.6,2
33.53,-0.43,-2.67,1.06,0.342,0.0351,2.8671,16.9,51.2,0
4.74,9.28,1.89,1.1,1.7526,0.1652,2.1836,8.3,83.7,2
50.03,-0.14,1.16,0.14,0.8444,0.1804,1.1699,19.6,37.2,0
11.07,2.0,2.36,3.3,1.1668,0.5519,4.0532,11.4,60.0,1
10.57,8.91,4.32,2.25,1.0515,0.8869,4.873,7.9,92.0,2
12.06,4.51,1.92,9.16,2.0346,0.5759,9.3557,9.5,75.9,2
54.99,0.22,0.02,0.96,0.5427,0.0616,0.9627,16.5,33.3,0
78.35,0.29,-0.76,-1.39,0.286,0.2176,1.5807,23.8,41.1,0
1.73,8.27,5.26,-3.69,1.8549,1.0288,6.4276,2.1,84.0,3
7.06,5.24,10.22,5.71,1.871,0.5104,11.7097,5.2,87.6,2
31.87,-0.56,2.99,-2.1,0.3819,0.2206,3.6574,15.2,53.7,0
3.83,15.83,0.43,-6.86,2.7399,0.8775,6.8724,1.2,94.5,3
9.88,9.23,-8.92,3.66,1.9822,1.2833,9.6428,3.3,78.8,2
12.06,8.07,-11.29,7.43,1.1205,0.8449,13.5202,9.8,86.7,2
13.82,8.37,-0.32,-2.41,1.5888,0.3697,2.4327,6.7,88.3,2
25.91,2.3,2.04,1.53,0.5047,0.6202,2.5453,9.9,64.0,1
23.37,1.78,-2.16,-4.91,0.6474,0.4855,5.3661,8.7,80.9,1
37.65,0.34,-0.78,0.51,0.4638,0.0818,0.9294,21.8,37.6,0
17.44,3.52,-2.03,7.26,0.5409,0.2471,7.5347,8.4,81.3,1
2.26,17.1,0.6,-0.4,1.7295,1.0825,0.7246,4.6,94.7,3
50.98,-0.27,0.49,1.63,0.5821,0.1531,1.7044,18.3,41.2,0
28.63,0.35,3.82,-0.53,0.1371,0.1007,3.8588,21.4,50.7,0
13.79,7.28,3.48,-3.21,1.9229,1.0663,4.7355,3.1,79.8,2
14.65,5.44,16.81,0.29,0.6286,0.8157,16.8158,6.0,91.4,2
30.51,0.95,-3.76,0.68,0.6342,0.1068,3.8209,15.4,37.0,0
14.64,2.04,0.19,-2.9,0.6023,0.6068,2.9071,13.6,55.9,1
12.94,6.01,2.45,-5.43,1.2977,1.2193,5.9536,3.5,75.2,2
8.04,4.93,8.15,3.44,0.6462,0.5604,8.848,9.3,83.1,2
6.1,14.78,5.51,0.12,1.8277,0.8453,5.5093,1.6,96.8,3
16.09,0.58,7.78,-6.8,0.7841,0.5146,10.3319,11.8,75.7,1
61.21,-0.86,1.11,-1.18,0.2062,0.1211,1.6215,18.2,54.8,0
15.38,1.47,2.66,3.68,0.6721,0.46,4.5379,12.4,76.2,1
36.42,1.07,18.69,-20.86,2.887,0.8201,28.0127,9.2,66.0,3
26.86,2.3,-18.37,14.15,2.7479,1.0704,23.1929,5.9,77.4,2
21.37,-0.81,-3.39,-11.37,0.6244,1.5868,11.8613,4.5,82.7,1
15.08,2.98,-2.75,7.57,0.6588,0.4758,8.0561,13.4,59.1,1
21.7,-0.89,-2.07,-2.04,0.5686,0.1576,2.9011,17.9,63.5,0
14.18,1.6,-0.62,3.41,0.8022,0.6814,3.4615,14.3,61.9,1
16.55,1.27,9.4,-5.35,0.537,0.5484,10.8154,15.4,79.6,1
17.96,1.39,-0.6,-3.5,0.8775,0.2685,3.5526,7.4,61.5,1
5.78,9.23,-8.6,3.16,1.848,0.8174,9.1649,7.3,74.2,2
28.38,2.57,-24.39,-16.32,0.99,0.96,29.3448,10.7,71.9,3
13.17,1.37,-4.72,2.73,0.9328,0.5467,5.4547,9.2,70.4,1
71.32,-0.53,4.34,1.62,0.5505,0.333,4.6374,19.4,53.0,0
22.89,5.51,1.26,4.41,7.5191,2.7777,4.5846,7.6,90.5,1
37.29,1.36,1.23,-2.33,0.3514,0.2662,2.6331,24.9,53.0,0
59.92,1.39,-5.37,-1.66,0.291,0.1756,5.6162,16.2,61.9,0
9.1,9.58,13.04,0.29,1.0765,1.0561,13.0438,9.3,81.6,2
6.43,13.17,-4.06,-3.86,3.8202,1.304,5.6064,1.1,89.8,3
38.2,1.24,-15.52,14.58,2.5994,0.8743,21.3001,13.9,67.0,2
68.5,-0.88,-1.67,0.25,0.2823,0.2467,1.6843,20.0,46.9,0
18.65,3.13,5.83,-3.05,1.0538,0.4077,6.5798,10.8,61.9,1
5.79,10.82,1.85,-9.22,0.9912,1.0883,9.4008,4.7,88.6,2
10.16,1.74,-2.77,2.25,0.6854,0.7712,3.5673,17.2,75.9,1
67.79,0.3,-1.42,-0.84,0.3884,0.191,1.6549,20.0,46.0,0
12.52,2.49,15.83,14.46,1.3094,1.172,21.4358,4.9,77.3,2
46.94,-0.57,1.41,-1.86,0.5199,0.1038,2.3287,18.0,57.0,0
27.47,-0.08,3.17,-2.11,0.376,0.228,3.8069,20.2,58.0,0
13.39,2.57,3.34,-3.47,0.604,0.1839,4.8166,12.4,79.0,1
25.95,2.91,-8.59,-3.04,0.8888,0.2713,9.1136,17.7,66.5,1
7.96,5.44,10.55,-0.63,1.4545,0.4652,10.5707,8.1,72.2,2
1.74,11.15,-1.22,5.19,3.4013,1.3012,5.3321,3.9,93.9,3
19.14,0.96,1.1,3.0,0.7463,0.1952,3.1999,13.8,61.3,1
73.03,0.33,2.72,-1.56,0.4121,0.1652,3.1346,21.6,37.5,0
76.34,-0.13,-0.17,-0.39,0.212,0.2272,0.4221,18.4,51.1,0
11.28,1.68,6.54,1.01,0.7494,0.4203,6.6125,8.7,72.5,1
35.83,-0.22,1.7,-1.09,0.5581,0.2396,2.0184,15.5,35.2,0
25.97,-0.29,1.47,1.08,0.6335,0.274,1.8271,24.2,53.3,0
14.8,2.2,-0.07,-3.45,0.9252,0.3206,3.4523,9.4,87.3,2
51.75,0.71,-2.76,-2.7,0.1018,0.2171,3.8623,20.7,61.4,0
22.95,0.63,25.66,20.65,3.7643,0.8834,32.9365,11.0,60.1,3
12.1,0.59,1.08,1.47,0.4246,0.382,1.8182,9.7,55.9,1
15.12,6.83,-0.95,-4.96,2.1525,0.5183,5.0496,6.5,77.4,2
16.94,0.77,7.1,-4.03,0.573,0.4017,8.1588,17.9,56.0,1
5.78,14.29,7.91,-9.28,0.9967,1.6024,12.1923,3.1,89.6,3
32.12,0.8,1.57,0.35,0.3622,0.3043,1.6092,23.9,45.7,0
7.38,12.02,-5.86,9.0,0.8371,1.0765,10.7411,8.9,79.2,2
25.93,1.73,-1.39,2.24,0.7815,0.4881,2.6368,7.5,70.2,1
68.73,0.22,-3.29,-0.31,0.581,0.2437,3.306,16.8,51.0,0
67.24,0.62,0.55,0.23,0.4562,0.2048,0.6016,18.6,36.2,0
17.48,2.93,2.09,-6.95,0.541,0.2463,7.2548,17.0,75.0,1
6.46,8.62,0.65,-4.33,1.9337,1.9271,4.3771,1.9,84.4,3
3.8,6.4,-10.54,-2.93,1.273,1.2537,10.9364,2.0,93.3,3
7.96,5.8,0.21,2.48,1.62,0.9376,2.484,5.2,82.6,3
34.87,1.33,-27.11,15.03,2.579,2.1325,30.9964,6.1,58.5,3
53.07,0.89,2.1,1.46,0.5904,0.1086,2.5529,23.2,61.1,0
13.87,4.08,-5.95,3.2,0.9882,0.5938,6.7569,4.9,90.3,2
30.88,1.0,2.92,-3.13,0.9953,0.0482,4.2815,16.0,55.4,0
12.6,3.73,8.96,4.28,6.9272,4.0416,9.93,5.2,90.3,1
20.58,0.33,-28.87,-15.18,1.792,1.7202,32.6143,15.0,81.0,3
48.23,1.17,-5.2,-2.41,0.747,0.0842,5.7299,15.5,59.9,0
7.81,10.82,15.94,5.38,1.7408,0.6889,16.8244,1.6,83.5,3
13.27,2.4,-10.03,-5.12,1.7939,1.397,11.2561,7.1,85.2,2
67.13,0.85,-2.5,-0.75,0.1033,0.1923,2.6118,18.1,44.8,0
5.53,10.85,-0.79,1.08,2.3239,0.7276,1.3342,8.0,88.3,2
75.68,1.29,-3.56,0.04,0.6623,0.1443,3.5651,17.8,60.5,0
15.93,1.4,-3.99,0.99,0.6246,0.5524,4.1128,13.0,73.7,1
13.13,3.51,-1.31,-4.55,0.7731,0.6263,4.7371,14.6,57.0,1
15.82,6.8,-5.57,-2.8,1.3144,0.4757,6.2315,8.5,81.4,2
13.93,2.35,2.79,3.01,0.6834,0.322,4.104,14.8,59.3,1
26.39,2.32,-1.1,-3.95,0.985,0.3924,4.1034,7.4,71.6,1
11.2,3.09,9.46,9.32,1.1545,1.3888,13.2823,5.0,84.5,2
14.5,5.23,1.85,1.17,0.901,0.917,2.1947,5.0,84.4,2
1.76,8.89,2.52,3.06,2.2529,1.7911,3.9651,5.0,82.9,3
46.39,-0.26,-0.15,-3.08,0.3278,0.1171,3.0838,18.0,50.4,0
6.45,13.51,7.31,0.36,3.492,1.5881,7.3172,2.4,87.2,3
31.93,1.99,-22.1,-19.93,1.332,0.9294,29.7587,9.3,69.1,3
77.87,-0.27,-3.85,-0.43,0.2702,0.1316,3.8774,21.1,36.6,0
27.27,3.28,1.5,7.99,1.2303,0.5606,8.1287,14.2,68.3,1
20.38,1.54,-6.28,8.16,0.9984,0.3633,10.297,12.3,64.4,1
54.71,0.83,1.71,1.43,0.6516,0.2225,2.2307,22.6,39.6,0
66.53,-0.89,-0.13,-3.12,0.3528,0.1972,3.1271,15.4,47.6,0
5.63,9.83,-2.71,-16.48,0.8097,1.8108,16.7024,8.5,86.1,2
74.97,0.65,4.16,-1.49,0.4802,0.1461,4.4217,18.2,43.7,0
10.95,1.95,3.18,1.11,0.5258,0.5477,3.3672,8.2,66.0,1
5.24,11.16,-1.77,-2.24,1.3478,0.5499,2.8567,3.9,77.7,2
25.86,2.51,-2.06,-5.88,0.6004,0.5587,6.2328,9.5,82.0,1
10.15,6.13,2.23,9.68,1.0085,0.6543,9.933,4.3,83.4,2
57.42,-0.42,0.88,0.81,0.9306,0.2123,1.1975,17.5,46.4,0
13.02,1.66,-3.98,1.13,0.8116,0.3674,4.1425,16.5,82.0,1
51.86,0.59,2.44,0.67,0.1381,0.2303,2.5326,19.1,62.7,0
57.24,0.61,-0.11,-1.5,0.1069,0.1207,1.5001,15.7,43.6,0
19.11,5.03,-4.69,13.25,6.9412,1.3444,14.0557,5.5,75.1,1
5.41,3.87,5.81,6.96,1.2996,1.0023,9.0676,3.7,73.9,2
60.4,-0.49,1.12,-0.98,0.26,0.0695,1.4889,19.4,34.8,0
1.15,14.4,-8.34,1.88,1.5772,0.8762,8.5467,5.0,87.9,3
26.9,3.5,-3.73,-2.11,0.6984,0.2256,4.2855,11.0,57.8,1
53.44,-0.66,0.08,1.35,0.6799,0.0744,1.3493,17.7,53.6,0
13.53,3.19,7.32,-0.99,1.1781,0.3986,7.3835,16.1,70.1,1
56.78,-0.19,-0.77,-0.75,0.1238,0.0811,1.0712,19.9,33.5,0
14.84,1.78,2.44,-6.84,1.0059,0.3998,7.2646,7.0,58.0,1
45.89,0.73,1.33,-0.07,0.6895,0.1381,1.3313,22.1,34.2,0
18.36,0.77,1.69,-5.29,1.5349,0.3581,5.5564,9.3,67.9,1
0.99,12.2,0.13,4.87,1.8192,3.1331,4.8686,2.9,97.0,3
4.81,12.05,-0.03,5.09,1.0223,2.8739,5.0881,1.9,92.2,3
73.39,-0.8,0.28,-0.67,0.7271,0.1925,0.7273,17.7,31.4,0
3.17,13.35,3.56,1.45,2.1307,1.0275,3.8385,1.9,84.4,3
3.39,14.8,-12.19,3.55,1.7304,2.3458,12.6981,3.5,94.4,3
22.03,-0.49,-2.14,-1.89,0.1884,0.2089,2.8511,20.9,64.8,0
6.2,5.27,-1.94,-5.93,2.3606,1.472,6.2392,1.2,88.1,3
50.19,-0.47,-2.18,1.83,0.4199,0.1905,2.8477,22.0,33.3,0
7.42,6.96,1.11,-1.44,2.1682,0.578,1.8152,2.8,84.2,3
1.24,1.39,-6.46,2.38,4.4512,2.7805,6.8876,3.8,91.4,2
12.66,3.09,-4.08,3.62,0.7137,0.3252,5.4573,9.6,65.4,1
29.26,0.05,0.4,-0.17,0.5808,0.1071,0.431,17.0,30.2,0
10.9,3.28,2.17,11.08,0.5644,0.3154,11.2854,12.1,74.0,1
6.54,12.32,-3.27,-7.63,0.6269,1.6965,8.2999,5.6,92.6,3
1.31,11.95,-8.92,3.12,1.4886,0.2264,9.4544,3.1,90.3,3
10.29,5.37,2.56,-2.81,0.7825,0.7268,3.7989,9.2,73.6,2
32.65,-0.07,0.56,-1.01,0.4821,0.1474,1.1567,15.3,39.7,0
10.74,0.69,-6.52,-0.44,1.1311,0.4632,6.5344,10.7,73.2,1
62.49,-0.58,4.81,-1.06,0.9391,0.178,4.9287,22.8,36.6,0
52.53,0.6,0.61,0.19,0.742,0.2427,0.6403,17.3,54.8,0
1.49,13.96,1.55,-4.79,2.9777,1.3035,5.0376,3.4,86.8,3
34.63,1.0,-1.99,1.61,0.3216,0.2289,2.5594,21.0,61.8,0
14.98,0.72,-1.3,-3.31,0.5722,0.5226,3.5537,16.7,65.4,1
69.16,1.41,0.44,0.29,0.4912,0.0476,0.5282,21.9,52.0,0
53.93,1.33,3.96,1.41,0.7082,0.0962,4.2042,19.5,33.1,0
44.42,0.45,-4.97,4.13,0.2592,0.2119,6.4609,24.6,33.0,0
70.47,1.1,2.32,-1.22,0.6723,0.1121,2.6221,20.1,43.8,0
24.08,3.42,-4.45,-1.64,0.734,0.4207,4.745,14.9,55.3,1
3.44,11.9,5.43,2.65,1.4715,0.6461,6.0369,5.5,92.3,3
45.21,0.64,-0.1,0.65,0.7363,0.1153,0.6566,18.6,49.0,0
3.96,6.04,-3.81,-2.1,2.744,0.9547,4.3555,5.4,97.9,3
5.69,3.75,7.19,3.38,0.3381,0.5676,7.9426,9.5,84.7,2
22.69,-0.65,0.09,2.97,0.4786,0.1092,2.9727,23.8,55.8,0
5.68,5.7,-7.87,4.94,3.6441,1.0559,9.2894,1.9,88.0,3
57.95,-0.5,-1.47,-1.17,0.5326,0.1196,1.878,21.9,41.3,0
13.93,1.89,-5.4,1.01,0.5942,0.2791,5.4969,18.0,75.6,1
59.9,0.71,1.0,-0.97,0.405,0.3408,1.3912,17.1,53.0,0
35.78,0.31,1.17,2.98,0.1608,0.0896,3.1958,15.0,53.5,0
11.64,9.72,4.43,-9.77,0.7313,0.768,10.7289,6.4,82.3,2
21.5,0.65,1.21,-1.8,0.4259,0.4906,2.1713,13.9,55.0,1
3.36,8.75,1.05,-4.41,2.7848,1.7699,4.5285,1.0,88.8,3
16.86,2.53,3.97,0.47,0.3616,0.1423,4.0009,10.2,76.7,1
70.68,1.05,-2.57,-1.06,0.2865,0.1186,2.7768,17.7,30.5,0
8.39,8.1,-7.6,-1.18,0.8959,1.2818,7.6924,7.5,77.8,2
14.14,2.15,-11.21,-15.65,0.5462,1.173,19.2528,3.4,75.3,2
15.07,5.9,2.38,-4.79,2.0262,0.9104,5.3519,8.8,78.4,2
5.44,14.14,-8.06,-0.87,1.043,0.2305,8.1098,2.5,94.7,3
7.51,8.44,-5.4,-5.21,2.0464,0.9274,7.5032,2.9,88.8,3
22.65,1.12,-5.94,0.45,0.6418,0.4396,5.9552,14.3,78.1,1
23.14,2.23,1.37,-2.87,0.749,0.511,3.1825,10.0,73.6,1
35.54,1.79,-24.55,-19.46,1.2356,0.5059,31.3237,6.4,78.3,3
7.1,5.97,3.55,5.46,1.142,1.8937,6.5095,1.5,93.1,3
13.65,2.45,-8.81,7.39,2.6377,0.5896,11.4944,9.2,91.6,2
37.29,1.95,-29.43,16.92,1.6914,1.2604,33.9504,14.7,73.5,3
15.1,2.59,15.13,17.62,2.2615,0.4876,23.2228,5.5,58.5,2
14.47,0.52,-0.2,3.84,0.4811,0.4492,3.8452,11.1,68.5,1
19.8,3.48,-4.07,0.46,0.5312,0.5952,4.094,9.5,65.3,1
0.97,20.26,3.95,2.12,1.4701,1.6872,4.4876,4.1,88.2,3
68.03,0.69,-0.92,-0.69,0.5638,0.0582,1.1536,19.2,64.6,0
76.51,1.37,-0.85,0.97,0.4847,0.1847,1.2892,15.1,37.6,0
73.48,0.8,-2.94,-0.27,0.2973,0.2673,2.9511,22.5,44.8,0
54.55,0.43,-0.65,-2.01,0.174,0.2477,2.1167,24.2,33.1,0
19.94,1.08,0.15,-5.26,1.077,0.6918,5.2623,15.4,59.9,1
65.07,0.26,4.72,0.26,0.7082,0.1337,4.7234,22.1,44.8,0
10.97,5.03,-15.69,-1.14,0.7292,0.5183,15.733,4.6,78.9,2
35.5,1.51,16.88,20.55,4.2799,1.8112,26.5962,7.5,81.4,3
21.99,0.52,0.48,-1.39,0.3941,0.2233,1.4728,23.8,30.4,0
11.19,5.11,1.13,-1.71,1.6644,0.783,2.0485,7.6,83.1,2
12.14,3.6,-1.5,-6.48,1.3582,0.9577,6.6562,9.6,82.6,2
7.51,8.3,-12.27,-7.17,1.4141,0.4749,14.2151,5.5,82.7,2
59.57,-0.76,3.22,-1.74,0.1372,0.1545,3.656,20.5,51.2,0
4.58,15.63,-9.67,-7.78,1.6697,0.7935,12.4077,3.8,88.2,3
44.32,1.12,-0.78,2.67,0.1986,0.0955,2.7863,23.0,30.3,0
9.54,8.0,-4.13,3.6,1.2968,0.7571,5.4817,3.4,75.4,2
10.14,0.61,4.81,-9.93,0.8087,0.126,11.0323,8.1,59.1,1
2.73,7.89,-15.62,-10.1,1.8935,1.5479,18.6015,2.4,88.6,3
31.78,-0.97,2.46,2.01,0.0831,0.1574,3.1739,17.2,34.6,0
22.98,0.34,0.45,0.85,0.4759,0.1371,0.9683,18.4,40.9,0
4.58,13.81,-22.64,-2.2,3.5795,1.3495,22.7448,4.3,86.1,3
10.16,3.94,-7.36,-3.22,0.8252,0.579,8.0317,13.9,57.5,1
61.24,-0.1,-1.08,-2.11,0.4113,0.1496,2.3659,16.4,36.8,0
12.93,5.05,2.76,-3.31,1.9612,1.2049,4.3086,8.7,73.3,2
20.67,2.83,-18.23,-12.92,2.2464,0.9326,22.3444,11.9,78.0,2
32.15,0.66,-0.92,0.54,0.2591,0.207,1.0653,24.7,32.0,0
20.17,3.41,-5.43,-3.28,0.7692,0.3695,6.3417,13.2,70.3,1
29.45,1.4,1.4,0.62,0.45,0.0905,1.5344,20.9,51.7,0
20.38,0.03,0.25,1.83,0.6145,0.1945,1.8504,22.3,33.6,0
13.11,4.88,5.76,-1.14,1.0877,0.7129,5.8767,4.2,78.1,2
65.11,-0.98,-6.44,-2.93,0.4547,0.1694,7.0746,24.3,46.6,0
64.87,-0.26,5.03,1.44,0.3935,0.1445,5.231,24.8,64.5,0
6.55,10.99,7.24,-3.29,2.0723,1.3795,7.9512,2.6,86.8,3
7.27,3.17,7.04,-5.35,1.2263,0.2952,8.8394,6.5,88.9,2
8.0,10.95,-0.85,3.04,0.5988,0.4567,3.1589,7.4,91.1,2
14.49,1.68,1.0,6.48,1.4676,0.8119,6.5579,10.6,65.2,1
6.97,4.1,6.77,-4.21,0.7894,1.1192,7.9709,3.3,86.2,2
46.4,1.33,-6.71,0.35,0.2764,0.1927,6.7235,23.6,34.1,0
36.82,0.2,-2.77,1.64,0.5852,0.1429,3.2208,24.1,41.3,0
4.29,7.3,2.78,0.19,1.9236,1.4811,2.7821,1.5,98.0,3
11.3,6.13,9.49,-0.13,1.9096,1.2574,9.4952,8.9,80.5,2
11.9,3.75,-5.45,-6.99,1.5546,0.4269,8.8638,3.8,78.8,2
4.56,10.82,13.25,3.03,1.7043,0.553,13.5917,8.5,88.6,2
17.74,3.4,-9.77,-1.64,1.4184,0.4687,9.9024,15.4,82.0,1
6.03,10.56,-5.87,9.05,0.8192,0.7685,10.7853,9.1,79.1,2
24.41,1.4,3.38,1.41,0.4009,0.1001,3.6633,16.8,49.9,0
25.22,0.94,8.59,5.34,0.8484,0.2279,10.1177,14.1,75.2,1
44.09,-0.43,3.53,-0.26,0.5025,0.2835,3.5346,15.6,43.1,0
58.49,-0.12,4.69,2.53,0.3808,0.0453,5.3328,24.7,34.7,0
14.1,1.2,6.79,3.34,0.6536,0.435,7.5638,9.5,59.0,1
11.72,3.18,0.23,0.39,0.7276,0.264,0.4567,15.9,72.2,1
11.08,8.66,-2.77,6.61,0.1946,1.1026,7.166,8.1,79.7,2
15.14,2.92,12.18,2.91,0.6438,0.6268,12.5227,11.6,69.2,1
35.83,0.31,-1.64,-2.62,0.2397,0.1389,3.0883,19.8,62.7,0
2.36,17.01,-3.09,6.56,0.4468,1.5713,7.2559,3.5,97.4,3
0.85,10.46,-5.61,1.72,3.0914,1.4191,5.8645,3.6,87.3,3
5.6,12.71,-6.88,8.89,1.4879,0.9519,11.2418,7.7,89.5,2
12.17,7.69,-2.78,0.34,0.7256,0.391,2.8022,3.6,79.6,2
8.21,11.09,-2.51,-7.77,1.1002,0.8517,8.1692,9.8,75.8,2
24.7,2.8,-1.13,3.25,0.4421,0.4128,3.4359,10.4,63.2,1
69.55,1.18,1.58,-0.25,0.1608,0.0985,1.5946,21.6,36.0,0
42.58,0.15,3.12,0.52,0.2627,0.1941,3.1645,19.9,33.8,0
72.67,0.16,-1.35,1.32,0.3542,0.1313,1.8894,20.4,39.2,0
6.19,5.97,-8.28,0.97,2.8275,1.4298,8.3374,3.8,87.1,3
32.22,1.28,26.4,-13.94,0.3739,1.2225,29.8506,14.2,82.2,3
9.19,3.51,-6.77,3.64,1.3438,0.7395,7.6887,8.3,74.7,2
4.03,10.39,4.15,-16.14,2.2496,1.4391,16.66,3.4,84.6,2
36.62,-0.79,-3.2,-0.89,0.5402,0.1995,3.3177,20.2,47.8,0
27.31,2.93,-5.23,3.17,0.3633,0.5701,6.115,15.9,77.2,1
18.79,0.58,-4.15,-1.2,0.3137,0.4382,4.3239,6.3,58.2,1
37.05,0.57,3.24,2.81,0.4571,0.28,4.2856,20.4,39.5,0
12.2,3.42,1.4,-0.28,0.521,0.7205,1.4278,6.9,84.5,2
18.83,2.35,-6.25,-5.67,0.7533,0.3222,8.4361,6.7,58.0,1
17.14,1.06,-8.76,1.94,1.0344,0.4911,8.9769,13.2,77.9,1
27.33,2.08,-8.18,-3.68,0.6407,0.5493,8.9717,15.2,77.4,1
67.46,0.67,2.13,-0.42,0.7683,0.0701,2.1758,23.9,44.6,0
6.94,7.85,-0.01,4.08,2.7167,0.9532,4.0824,3.9,89.2,3
21.88,0.5,-4.29,3.21,0.3249,0.247,5.3536,21.8,39.4,0
11.07,8.98,4.25,-6.1,1.6422,0.7406,7.4361,7.9,91.3,2
2.86,15.22,-4.88,5.49,2.0885,0.8064,7.3453,5.7,84.5,3
23.78,5.61,-16.36,-7.95,2.3059,2.3358,18.1886,7.7,88.0,2
45.31,0.69,-0.16,0.17,0.4267,0.0843,0.2341,24.0,33.1,0
6.44,9.17,9.0,3.21,0.4195,0.6225,9.5584,7.4,76.6,2
15.69,2.07,2.63,10.49,0.9528,0.7862,10.8124,8.2,83.2,2
20.56,0.74,3.05,-5.44,0.2387,0.0629,6.2314,18.1,60.8,0
21.09,0.3,0.02,1.66,0.3049,0.1299,1.6611,20.7,57.2,0
7.28,10.53,-11.82,8.99,0.818,1.2707,14.8526,6.9,73.3,2
71.46,1.28,-2.71,-2.7,0.5843,0.0821,3.8224,22.6,53.7,0
27.61,1.51,4.57,2.37,1.0529,0.2764,5.1484,6.9,59.3,1
14.22,1.59,1.81,-1.03,0.8658,0.6037,2.0851,16.5,62.3,1
12.28,1.17,5.98,-2.31,1.4431,0.5326,6.4162,12.7,71.1,1
26.37,-0.19,-2.05,-1.59,0.3239,0.1447,2.599,16.9,49.5,0
33.1,0.31,0.33,-0.11,0.2282,0.1999,0.3511,21.6,60.0,0
23.61,3.6,-3.59,3.72,0.673,0.2493,5.1672,12.8,68.7,1
25.8,2.88,-7.09,-2.68,0.8738,0.6233,7.5837,13.7,55.6,1
4.15,15.84,8.5,-0.73,1.8084,1.011,8.5348,5.5,88.9,3
48.98,0.19,-3.57,1.17,0.2561,0.1516,3.761,21.8,35.8,0
34.94,1.06,-0.13,-0.02,0.4129,0.1299,0.1312,22.2,44.3,0
15.53,3.42,-1.16,-8.43,1.796,1.1092,8.5137,5.1,84.6,2
77.96,-0.9,-2.33,-5.38,0.5445,0.275,5.859,15.7,59.9,0
25.14,2.13,-5.04,-6.71,1.2397,0.0363,8.3887,12.5,72.5,1
8.49,10.72,-2.91,-1.53,1.0492,0.6199,3.284,9.7,91.4,2
11.2,3.9,4.08,17.56,1.8809,1.1744,18.025,7.1,88.2,2
76.57,0.8,-2.74,-0.75,0.6676,0.09,2.8412,20.1,34.0,0
6.46,11.97,5.75,0.53,1.0797,0.4905,5.7772,1.5,89.2,3
49.23,0.87,-2.41,-0.59,0.3439,0.2489,2.4855,21.2,43.0,0
18.46,0.9,2.49,0.2,1.0339,0.1968,2.4953,9.4,62.9,1
73.19,0.74,-0.08,0.42,0.1194,0.1171,0.4298,15.4,45.1,0
2.79,7.69,2.43,-2.43,2.4217,1.2073,3.4383,4.4,84.8,3
6.81,7.67,12.84,4.77,1.6726,0.7147,13.6969,6.4,88.5,2
70.55,0.64,1.42,1.22,0.7751,0.2204,1.8706,23.0,59.6,0
59.73,0.23,-0.17,1.83,0.3804,0.2221,1.838,18.8,41.0,0
10.66,2.59,0.12,1.4,1.7922,2.1069,1.4054,8.3,72.4,2
7.32,6.18,-1.06,2.62,4.4087,1.5666,2.8267,2.4,98.0,3
24.23,1.44,6.12,1.04,0.4676,0.5881,6.2081,7.9,75.2,1
52.2,1.12,-4.69,1.74,0.5272,0.1001,5.0058,20.5,32.6,0
16.33,7.06,-10.87,10.11,1.9542,0.9434,14.8465,3.1,87.8,2
5.76,8.88,-9.1,-10.18,2.0915,1.68,13.6579,5.9,84.3,3
12.98,1.15,2.74,5.07,0.4083,0.5752,5.7658,15.0,66.6,1
6.11,8.28,-6.09,2.19,1.2868,1.2805,6.4706,1.8,92.9,3
75.98,-0.06,-1.43,-1.82,0.3652,0.1991,2.3187,18.9,31.5,0
5.25,12.42,-8.48,-0.56,0.8561,0.6527,8.4946,3.3,88.6,2
25.47,2.78,2.63,-1.38,0.8345,0.3243,2.967,7.0,71.2,1
18.06,0.86,-3.92,10.54,0.9603,0.1997,11.2465,13.9,67.8,1
24.23,2.6,0.24,0.57,1.2519,0.8591,0.6148,15.1,79.3,1
59.23,0.18,0.67,-0.3,0.1615,0.1799,0.7313,19.6,36.0,0
25.62,3.09,-7.35,-0.37,0.787,0.3945,7.3543,6.9,55.9,1
15.09,1.23,6.48,4.29,0.6899,0.3202,7.7752,7.1,71.7,1
6.8,12.21,-12.78,-5.37,2.0427,0.7998,13.8641,2.7,82.7,3
44.44,-0.58,-1.67,-1.17,0.1708,0.1048,2.0371,18.8,59.0,0
25.12,3.85,5.09,-1.45,0.9347,0.5548,5.293,12.6,73.1,1
49.96,1.32,2.08,-0.58,0.2972,0.0767,2.1632,19.3,30.2,0
1.71,7.28,3.93,-0.81,1.2817,0.6243,4.0162,5.8,95.0,3
60.97,-0.9,3.1,-1.41,0.4692,0.1253,3.4009,16.0,52.9,0
23.5,2.11,0.01,-2.44,0.7065,0.6379,2.444,6.6,59.1,1
18.43,5.41,19.65,-0.34,2.2702,1.5311,19.6529,5.5,77.6,2
60.5,0.65,-1.29,-2.39,0.6216,0.266,2.7183,21.2,42.3,0
25.68,1.63,-10.79,-3.21,0.4886,0.5382,11.2565,14.9,79.4,1
45.45,-0.74,-3.79,-0.73,0.5924,0.1974,3.8553,19.6,41.6,0
14.84,4.94,-11.38,19.94,2.1741,2.2846,22.9599,5.4,83.8,2
14.78,4.54,0.07,-6.89,1.6801,0.3744,6.89,6.8,74.2,2
15.82,1.96,5.75,7.52,1.1327,0.4563,9.4705,8.0,72.9,1
19.88,2.76,5.0,-1.08,0.4366,0.5474,5.1156,7.0,78.2,1
32.02,0.71,3.16,1.39,0.2361,0.19,3.4542,21.7,44.5,0
10.24,4.86,12.52,-0.99,0.5561,0.5692,12.5577,3.7,78.4,2
43.47,0.93,-0.02,-3.26,0.2541,0.1814,3.2563,21.7,59.1,0
4.21,15.89,2.77,-3.22,2.0662,0.828,4.2412,2.4,96.4,3
13.42,3.69,0.55,-5.32,0.9174,0.0228,5.3478,16.8,69.2,1
74.4,1.19,1.08,0.82,0.7743,0.1364,1.3533,15.7,57.6,0
7.31,6.73,3.84,-3.36,2.3524,0.4864,5.1044,5.8,86.2,3
77.51,0.33,4.35,-4.62,0.4344,0.0551,6.3478,15.6,48.6,0
52.26,-0.17,2.61,0.84,0.309,0.2308,2.7397,17.7,58.7,0
79.96,-0.7,3.28,2.44,0.756,0.1615,4.0838,23.2,34.9,0
7.03,12.21,-5.62,1.93,0.9323,0.521,5.9474,5.0,76.2,2
10.81,5.71,-2.81,2.06,1.8107,0.7497,3.4822,5.0,76.5,2
36.89,2.88,-23.99,-10.83,2.2759,1.3952,26.3189,5.6,65.4,3
26.87,3.56,14.12,2.91,4.5842,1.8946,14.4166,3.8,86.8,2
24.63,2.46,-6.65,-4.22,0.6204,0.711,7.8748,11.3,55.9,1
78.59,-0.06,1.0,2.03,0.3882,0.1394,2.2591,20.8,31.7,0
16.73,2.01,24.71,19.11,1.6439,1.1671,31.2376,6.5,84.8,3
51.14,1.31,-2.51,1.83,0.5891,0.174,3.1035,18.6,53.5,0
9.0,4.8,5.07,0.61,3.2563,0.8685,5.1107,5.0,89.5,2
66.28,1.02,0.58,1.68,0.5011,0.1289,1.7719,15.6,47.0,0
29.98,2.56,-15.65,6.38,4.5044,0.3725,16.9039,6.5,87.4,2
22.7,-0.2,-4.07,-1.5,0.4631,0.0869,4.3369,20.7,62.1,0
67.34,-0.82,2.85,-0.13,0.4468,0.1916,2.8541,18.6,61.3,0
8.51,3.41,3.63,0.48,1.6021,1.2943,3.6575,7.2,77.2,2
4.15,17.07,-5.53,-11.49,1.8671,1.0117,12.7537,5.2,93.7,3
14.9,1.4,0.42,0.41,1.4161,0.2105,0.5865,17.0,72.1,1
7.66,5.38,-9.6,-0.22,1.4918,1.4544,9.598,1.5,88.3,3
10.41,3.61,0.08,9.88,0.664,0.2498,9.8809,15.2,64.3,1
5.31,14.12,-6.16,-9.09,1.9507,0.9779,10.9809,4.2,88.0,3
52.91,0.25,-3.35,1.28,0.5608,0.1367,3.5902,21.4,51.6,0
0.66,22.22,-6.93,-5.31,1.7117,1.6117,8.7291,5.8,93.9,3
25.34,-0.86,2.01,2.48,0.5445,0.237,3.1966,24.4,58.0,0
19.75,3.08,-6.37,3.17,0.9162,0.5227,7.1135,13.4,74.0,1
3.38,7.28,5.91,-1.7,1.4794,2.5434,6.151,2.3,89.2,3
8.07,10.03,2.2,4.62,1.3324,0.7396,5.113,8.8,89.4,2
25.64,2.41,-2.44,-0.56,0.6426,0.3172,2.5078,15.5,60.5,1
4.59,4.31,-7.21,-23.87,1.2275,1.3055,24.932,3.1,92.6,2
58.84,-0.42,1.28,-0.27,0.6436,0.1631,1.3095,15.1,41.9,0
4.96,16.38,-1.51,-5.97,0.9326,1.9264,6.161,1.2,87.3,3
10.5,5.4,-5.15,-6.77,2.0416,0.3062,8.5013,7.6,73.1,2
30.65,0.7,17.87,-12.79,1.6551,1.5336,21.9724,12.7,61.2,2
10.11,5.21,-2.75,-5.79,1.8439,0.6032,6.4132,5.5,73.7,2
10.37,3.41,-3.26,-7.86,0.3517,0.5998,8.5055,11.9,79.8,1
53.55,0.78,8.1,1.02,0.4068,0.1517,8.1637,22.3,55.2,0
9.74,10.23,6.98,3.17,0.7629,1.398,7.6616,9.3,82.4,2
7.26,7.94,-13.73,-8.98,0.4586,0.4457,16.4045,4.1,80.9,2
70.49,1.04,0.6,-0.9,0.2288,0.1104,1.0821,19.6,57.0,0
38.07,1.17,-2.97,-3.58,0.5315,0.227,4.6569,24.3,54.5,0
11.79,9.47,-0.36,-15.92,1.3225,0.327,15.9289,8.6,85.3,2
71.53,-0.34,-0.92,0.08,0.8709,0.123,0.9225,24.0,51.6,0
5.85,5.75,7.63,3.53,1.0626,1.1978,8.4029,2.9,94.7,3
12.66,6.29,-5.8,-5.0,1.1967,0.8587,7.6566,8.3,78.5,2
22.29,1.11,13.17,5.96,1.4128,0.2638,14.4596,13.8,73.2,1
12.69,2.92,-1.21,8.4,0.341,0.6488,8.4905,7.6,78.0,2
9.5,1.69,27.31,12.16,4.8727,1.07,29.8983,4.2,60.2,3
10.06,9.2,3.3,-2.07,1.1511,0.9978,3.8969,6.2,76.3,2
72.84,0.44,3.17,-2.14,0.3485,0.2438,3.826,16.5,33.6,0
23.0,2.44,-7.36,-5.94,6.9733,2.8596,9.461,5.9,88.2,1
62.5,0.1,-0.99,2.97,0.5701,0.0979,3.1294,21.6,55.0,0
22.04,3.9,-8.89,-2.79,0.7351,0.3947,9.3198,10.1,59.7,1
76.28,-0.23,-3.16,2.48,0.4732,0.189,4.019,21.5,44.8,0
61.09,-0.36,2.83,-4.69,0.3899,0.2225,5.4828,19.9,62.1,0
15.91,1.81,0.14,-1.2,1.0436,0.5428,1.2078,14.5,78.7,1
25.57,0.82,-3.68,4.18,1.031,0.4719,5.5698,9.2,80.9,1
10.85,7.36,-8.81,-4.99,1.1885,1.3662,10.1253,7.2,78.8,2
26.47,1.07,1.55,0.42,0.3233,0.0858,1.6043,19.0,54.3,0
22.95,0.49,-1.23,-1.38,0.3849,0.1018,1.8468,18.8,60.3,0
17.32,3.44,-7.57,2.75,1.5414,0.5112,8.0573,13.1,58.8,1
7.94,7.97,-8.56,-5.81,2.8592,1.5416,10.3436,4.4,93.9,3
32.83,7.26,14.05,5.67,2.4163,2.2817,15.1552,2.7,83.8,2
0.56,19.01,2.63,10.45,1.3344,0.8184,10.78,3.5,86.1,3
12.6,5.72,14.46,-2.86,2.0617,0.2087,14.7378,7.4,72.0,2
27.36,0.61,2.96,-0.89,0.7086,0.1242,3.0968,16.9,32.3,0
9.74,9.77,0.79,-15.46,1.4036,0.6296,15.4842,8.8,78.7,2
0.58,10.15,-11.91,-3.94,3.3143,0.9497,12.5477,5.8,95.0,3
30.86,-0.88,-2.08,-0.69,0.6314,0.081,2.1869,20.2,40.5,0
31.49,-0.3,2.53,-1.44,0.1467,0.1499,2.9095,20.9,45.4,0
37.36,1.04,-0.25,-1.74,0.4541,0.1657,1.7594,17.2,40.5,0
27.56,1.7,-0.63,-4.17,1.3972,0.3064,4.2193,11.8,69.9,1
24.91,2.58,-25.76,19.03,2.3182,0.8187,32.0278,14.4,67.2,3
11.68,3.14,-2.41,-0.19,1.0888,0.3292,2.4197,7.0,74.0,1
12.86,8.77,-1.36,4.26,0.5518,1.5434,4.4751,5.9,84.7,2
24.1,0.11,-0.65,1.52,0.3661,0.2145,1.65,15.8,60.2,0
11.95,2.88,-0.66,-0.08,0.7506,0.3301,0.6662,9.0,60.8,1
3.21,15.53,3.84,3.64,2.4793,1.8513,5.2881,5.3,83.1,3
4.37,12.39,0.12,-3.26,1.335,2.118,3.264,4.3,84.5,3
70.97,-0.98,0.08,4.74,0.1691,0.0898,4.7357,21.6,41.1,0
0.88,10.2,6.62,-1.3,3.7696,2.3176,6.7457,5.4,90.0,3
3.11,7.11,-6.67,-3.48,2.1585,1.4488,7.5202,4.1,83.3,3
43.0,-0.62,0.61,-2.08,0.9188,0.1176,2.1689,18.6,45.5,0
74.79,-0.56,1.15,-0.84,1.0446,0.2654,1.4217,24.3,60.7,0
10.44,0.81,-5.99,5.2,0.8585,0.1706,7.9285,10.9,56.3,1
60.73,-0.89,1.98,1.78,0.5133,0.1171,2.6628,22.7,43.2,0
24.38,2.09,-6.35,-5.76,0.8131,0.132,8.5776,13.0,66.3,1
5.8,-0.86,13.41,10.55,3.1445,2.7925,17.0639,6.3,75.5,2
5.84,10.56,-3.41,-7.9,0.7104,1.2792,8.6034,2.3,93.2,3
17.97,3.58,-4.45,5.06,0.7946,0.6742,6.7349,11.0,58.5,1
15.39,1.79,2.08,0.58,0.7616,0.5383,2.16,16.0,64.0,1
50.04,-0.26,1.48,1.56,0.2935,0.1309,2.1526,19.2,35.3,0
4.6,11.42,-5.34,0.34,2.1863,1.4417,5.3551,3.1,85.8,3
24.86,3.62,-5.78,1.54,0.7445,0.4117,5.9773,16.7,80.4,1
51.83,1.49,3.15,-5.04,0.6048,0.1571,5.9436,24.6,53.9,0
28.53,2.47,24.09,-21.83,0.9826,1.3596,32.5132,7.6,75.9,3
22.55,1.62,1.74,3.17,0.5753,0.2813,3.6206,14.8,71.4,1
19.47,0.87,3.89,-3.86,1.2015,0.6622,5.4773,16.2,70.8,1
55.23,-0.78,0.74,2.19,0.9962,0.1111,2.3126,19.1,62.0,0
37.86,1.5,-2.2,0.58,0.4727,0.1826,2.2741,20.9,42.3,0
76.56,0.27,-4.66,-2.11,0.2937,0.0495,5.117,20.1,35.9,0
30.11,1.13,-2.07,-2.14,0.6102,0.0452,2.9761,24.2,33.2,0
57.84,0.28,0.66,-3.09,0.8034,0.1286,3.1581,23.4,53.1,0
69.8,1.28,-1.02,-2.77,0.4672,0.1339,2.9523,16.8,53.9,0
78.73,-0.33,-0.6,-0.3,0.2825,0.1119,0.6743,18.6,55.9,0
27.8,1.8,-2.91,-2.87,0.9588,0.4048,4.082,12.8,80.5,1
58.02,-0.84,-4.75,-0.17,0.5323,0.1837,4.749,18.4,64.8,0
14.63,-1.68,-12.42,-16.63,3.9803,1.6958,20.7563,3.6,81.0,2
60.39,1.21,1.31,3.52,0.5726,0.2573,3.755,24.1,56.3,0
23.14,-0.24,-2.23,-0.48,0.5427,0.2303,2.2835,20.9,56.5,0
53.67,1.22,-1.63,1.81,0.2445,0.0517,2.4361,22.3,35.2,0
10.22,1.03,18.06,20.33,2.535,0.668,27.1911,5.3,73.3,3
13.41,8.82,-1.08,-1.23,1.0401,0.4417,1.6354,5.6,74.0,2
24.75,3.38,3.56,-5.55,1.2844,0.134,6.5981,17.8,68.0,1
4.11,14.44,-2.38,-5.74,1.2985,2.8151,6.2132,3.0,88.3,3
20.38,1.25,-1.12,-0.22,0.2388,0.1757,1.1386,19.1,46.1,0
53.97,0.21,-2.1,2.52,0.1452,0.2253,3.2822,19.4,30.0,0
68.23,0.17,2.03,4.14,0.5638,0.1474,4.6076,22.7,37.8,0
9.58,6.63,-5.26,-8.11,1.0467,1.1047,9.6688,9.8,72.5,2
4.34,6.48,-4.91,-4.85,3.4387,0.3887,6.8954,2.7,97.4,3
14.78,0.98,0.39,-2.0,0.3446,0.5779,2.0356,9.7,74.8,1
33.32,0.34,-2.89,-0.48,0.6263,0.3111,2.929,22.5,45.6,0
15.71,6.44,-4.12,-5.87,1.8069,0.631,7.1725,4.3,91.3,2
5.08,7.62,-7.15,-3.09,0.8562,0.969,7.7863,9.4,91.8,2
56.09,-0.64,-2.28,-3.1,0.4615,0.4425,3.8468,22.1,46.7,0
25.72,0.32,1.66,0.36,0.6301,0.228,1.7013,24.0,49.7,0
4.93,9.33,12.74,-3.5,1.7785,0.4715,13.2146,6.1,87.8,2
23.13,1.59,11.24,-2.25,0.8385,0.4379,11.4576,9.8,68.4,1
20.98,2.5,5.25,1.51,0.924,0.0749,5.4618,9.8,75.9,1
61.61,-0.14,1.7,1.43,0.1964,0.178,2.2147,21.0,41.8,0
44.68,-0.89,-0.16,1.73,0.4525,0.3053,1.7398,21.7,41.8,0
3.32,14.26,-1.98,3.72,2.1848,1.9852,4.2129,5.4,97.1,3
70.06,-0.82,1.96,-0.37,0.1572,0.2631,1.9912,21.7,56.6,0
1.07,17.28,17.4,3.68,2.1974,1.5311,17.7814,1.7,96.2,3
6.17,12.58,-0.18,6.39,1.9334,0.4775,6.39,2.3,95.7,3
7.8,4.44,2.77,2.81,1.8327,1.6493,3.9451,3.4,92.8,3
3.82,16.9,-1.39,6.47,0.8562,1.0789,6.6213,3.9,83.1,3
73.54,-0.25,2.5,2.75,0.5498,0.1981,3.7228,22.2,52.9,0
19.87,3.94,-4.25,-4.56,1.1311,0.7725,6.2327,17.9,59.7,1
7.56,11.4,-14.21,-7.6,1.2273,0.3073,16.1125,1.9,95.3,3
13.58,4.7,25.77,8.12,4.0424,1.0909,27.0192,2.6,81.5,2
9.06,-1.85,-5.48,-6.88,2.6662,1.5591,8.7938,5.0,79.0,1
46.26,0.03,-0.82,-1.32,0.2457,0.139,1.5533,23.1,46.4,0
52.06,0.42,-1.06,-0.82,0.5804,0.1231,1.3395,21.4,34.1,0
22.39,-0.85,0.73,-2.31,0.444,0.147,2.4169,21.2,39.7,0
1.96,10.47,-2.07,-0.48,1.6381,2.0047,2.1287,1.6,84.0,3
42.23,0.11,4.68,-1.2,0.6999,0.1263,4.8336,16.9,34.3,0
19.95,0.73,-4.38,-1.81,0.2545,0.5128,4.7447,6.0,63.0,1
55.58,0.22,2.88,0.96,0.3868,0.0982,3.0334,15.6,57.6,0
5.38,5.51,5.59,-6.97,0.863,0.8298,8.9319,1.7,95.4,3
78.3,0.32,-2.34,-0.89,0.5454,0.2408,2.5067,21.8,43.8,0
3.69,6.76,-10.05,-1.91,4.0143,1.779,10.232,3.9,95.9,3
9.62,8.35,-1.77,3.87,1.5221,0.7587,4.2572,5.7,88.6,2
21.7,2.1,6.52,-2.64,1.6214,0.6123,7.0383,13.9,60.5,1
7.55,7.13,1.01,-6.66,2.59,2.6906,6.7376,2.1,84.3,3
26.14,3.21,-4.15,-1.62,0.9824,0.6498,4.4499,14.2,75.4,1
61.78,0.69,3.79,-0.53,0.4457,0.1287,3.8252,18.4,51.3,0
73.41,-0.53,-0.71,0.73,0.1708,0.1157,1.0169,16.6,53.0,0
0.83,8.15,-0.62,7.64,1.5115,1.2218,7.6629,2.9,85.8,3
25.03,2.82,5.73,-1.19,0.932,0.433,5.8523,16.7,75.4,1
14.38,1.67,-1.07,-7.62,0.393,0.5002,7.6942,14.2,69.9,1
57.97,1.07,1.55,0.61,0.252,0.1298,1.6662,16.8,32.1,0
20.69,-0.93,-0.28,-0.38,0.1658,0.2012,0.474,15.8,36.7,0
5.73,10.61,-13.81,6.9,2.1603,0.3503,15.4341,8.1,81.4,2
66.94,-0.7,-1.19,3.23,0.5642,0.2947,3.4389,19.3,44.7,0
0.55,9.76,-7.38,-2.4,0.8197,0.9131,7.7582,1.8,83.0,3
14.6,3.03,-0.92,1.98,0.7504,0.4459,2.1796,6.8,72.0,1
52.09,0.6,-3.09,-2.27,0.622,0.2028,3.8369,18.0,33.0,0
18.58,0.89,3.12,0.42,0.8531,0.557,3.1491,17.9,56.4,1
43.55,-0.45,3.76,3.46,0.629,0.1778,5.1069,25.0,49.5,0
2.56,6.77,2.81,1.54,2.4425,2.278,3.2065,6.0,84.1,3
1.4,11.25,4.45,-0.72,1.2618,0.1591,4.5063,3.7,86.7,3
15.07,3.3,4.83,3.39,2.0145,1.3452,5.902,7.1,77.0,2
12.98,9.05,-2.22,-21.73,0.4591,0.7953,21.8455,8.6,86.3,2
12.51,2.22,-3.61,1.59,1.088,0.5278,3.9449,16.3,73.5,1
13.56,7.27,4.39,-3.72,1.3602,0.3394,5.7583,9.3,89.3,2
7.86,7.92,12.28,-10.91,1.1002,1.2401,16.426,3.5,79.5,2
5.84,2.06,-4.62,-9.55,1.8979,2.6542,10.6127,2.7,86.9,2
12.29,2.53,8.89,-3.46,1.2811,0.361,9.545,7.6,62.1,1
70.99,0.77,-1.44,0.32,0.4638,0.1747,1.476,22.4,30.3,0
13.92,3.75,-0.35,-2.88,1.2608,0.5282,2.8964,6.6,89.2,2
14.59,2.1,3.49,-0.39,1.1942,0.1997,3.5085,7.9,60.0,1
14.14,0.62,-6.07,-0.96,0.6808,0.5856,6.1448,17.1,74.2,1
22.98,2.27,7.09,3.66,0.4953,0.6812,7.9793,12.6,82.0,1
22.79,1.45,-1.75,2.79,0.57,0.0914,3.2916,21.5,42.8,0
2.41,19.39,-0.53,-3.06,1.8245,1.8141,3.1086,3.1,86.8,3
20.2,1.59,-7.28,-0.98,1.32,0.475,7.3456,14.4,61.7,1
0.88,22.0,-1.21,1.73,2.1384,0.9185,2.1065,2.6,94.9,3
20.75,2.82,2.01,3.15,0.5797,0.4067,3.7369,17.4,73.8,1
5.15,7.64,-3.63,-5.19,3.1446,0.7019,6.3349,9.8,77.4,2
18.13,0.47,7.71,-2.81,3.0347,2.0291,8.2069,3.8,89.2,1
13.03,7.65,3.84,-5.14,1.1262,1.0318,6.4155,5.6,76.8,2
26.4,1.3,-1.66,-2.64,0.5131,0.1394,3.1147,19.9,64.5,0
21.41,-0.79,-2.81,-0.92,0.0919,0.3299,2.9603,16.3,55.7,0
15.1,5.31,-13.04,3.22,1.1111,0.5164,13.4328,7.3,82.6,2
35.78,-0.05,-3.08,-1.43,0.4447,0.1129,3.3964,19.9,57.9,0
12.69,3.93,0.75,3.18,0.282,0.4573,3.2648,12.9,66.7,1
11.42,3.99,-5.77,2.49,0.6077,0.3087,6.2873,14.9,62.3,1
6.53,7.93,-4.27,-2.19,0.8517,0.9599,4.7971,1.3,87.5,3
11.99,1.26,0.1,2.74,0.7513,0.5909,2.7447,11.1,79.5,1
10.79,3.68,-7.0,-6.61,1.947,0.2653,9.6293,5.8,80.9,2
32.43,-0.46,1.52,-1.3,0.7561,0.0529,2.0058,17.5,36.1,0
14.21,0.56,3.28,4.86,0.675,0.7877,5.8661,9.4,73.2,1
45.42,0.2,-3.72,-1.05,0.1674,0.3071,3.8632,24.8,43.9,0
10.12,1.21,-21.08,20.49,3.3243,1.231,29.3928,7.4,73.3,3
14.41,3.95,-0.17,3.55,1.2124,0.561,3.5583,9.1,90.7,2
17.79,0.65,8.45,-3.43,0.7361,0.2288,9.1231,12.0,59.2,1
72.46,-0.78,-0.38,-2.15,0.5483,0.2047,2.1794,24.0,34.9,0
24.23,2.87,-3.5,-1.67,0.6771,0.3346,3.8731,15.3,63.9,1
12.39,3.89,-1.79,1.68,0.4133,0.3655,2.4548,9.3,78.7,1
25.85,3.74,4.29,1.63,0.8586,0.3255,4.5945,18.0,67.6,1
39.67,-0.6,3.76,-0.15,0.3099,0.2997,3.7659,19.0,35.3,0
25.53,2.75,3.26,1.96,1.281,0.1489,3.8051,7.0,77.0,1
19.67,1.8,-5.29,-3.26,0.3196,0.1977,6.2157,14.4,79.1,1
2.48,15.87,-13.07,3.14,2.1182,1.2018,13.4395,2.0,89.1,3
22.53,-0.45,1.78,0.03,0.4202,0.1856,1.7759,22.4,37.2,0
2.08,15.77,0.59,0.4,2.2007,2.1426,0.7124,2.6,89.3,3
15.72,2.58,-6.9,4.55,1.5792,0.4714,8.2687,16.1,81.2,1
21.88,0.59,-4.15,-3.75,0.6497,0.6239,5.5901,7.2,75.3,1
7.21,5.52,8.53,-1.94,1.8172,2.2616,8.745,2.6,85.0,3
11.32,0.65,2.47,2.86,0.617,0.5147,3.7777,16.5,63.3,1
6.83,10.87,0.87,3.06,3.2556,0.4401,3.1847,5.9,90.7,3
76.48,-0.76,0.49,-0.03,0.3783,0.1647,0.4903,16.7,30.8,0
14.82,2.82,-4.27,5.22,0.6241,0.2874,6.7447,13.3,77.9,1
3.58,17.2,-1.63,-9.47,1.9005,0.6501,9.6089,4.7,95.8,3
13.31,6.26,9.47,-6.23,1.5842,1.0633,11.3325,3.2,88.3,2
72.65,-0.91,-0.21,-0.19,0.4044,0.0776,0.2826,23.1,55.7,0
27.96,0.99,3.74,1.81,1.5428,0.6031,4.1526,9.1,57.7,1
5.57,11.74,-0.24,-0.46,0.8817,0.6491,0.5157,5.0,72.9,2
64.19,1.22,-1.51,1.12,0.2459,0.2118,1.8757,20.7,59.7,0
50.53,-0.27,-0.7,-1.95,0.2785,0.0747,2.0678,16.5,35.4,0
13.31,4.5,-8.62,-9.87,0.5842,0.4295,13.1091,6.5,88.3,2
22.43,3.66,2.07,1.08,1.0213,0.283,2.3359,14.7,76.1,1
28.02,6.42,1.55,14.07,5.4905,1.5979,14.1592,4.0,89.0,1
25.52,-0.67,-4.77,-0.82,0.3481,0.1376,4.8402,24.7,46.7,0
61.85,1.22,0.5,-2.0,0.3089,0.1655,2.0585,16.3,64.7,0
24.09,2.98,0.2,-3.26,0.2735,0.1349,3.2697,15.7,58.0,1
62.49,-0.36,0.65,-1.68,0.5979,0.1223,1.804,20.4,47.2,0
42.76,0.1,-3.32,-0.14,0.1456,0.2305,3.3279,20.8,59.5,0
4.17,17.07,4.49,6.68,1.2161,0.7057,8.0548,1.7,93.7,3
25.11,4.67,-1.69,8.57,4.1139,1.1591,8.7313,2.0,79.2,1
1.66,18.19,-11.56,4.23,1.7587,1.9315,12.3076,5.1,84.0,3
7.65,3.99,-16.49,-1.18,1.4567,0.9722,16.5315,4.9,79.8,2
65.2,1.1,-1.15,1.09,0.3828,0.0872,1.588,21.7,62.6,0
32.25,0.54,-4.39,-2.33,0.3578,0.0904,4.967,19.4,40.4,0
11.24,6.0,5.14,-5.64,0.94,0.7983,7.6276,3.9,90.7,2
6.17,11.16,-18.81,4.43,1.654,0.4336,19.321,6.6,89.3,2
25.98,2.34,-26.26,-13.72,1.6501,0.9058,29.624,7.9,72.1,3
17.81,1.5,1.34,-5.06,0.3525,0.4033,5.2343,16.5,63.3,1
5.27,5.67,-2.2,2.25,0.751,1.2477,3.1429,3.3,96.8,3
5.11,10.17,2.33,3.59,1.7862,2.2468,4.2836,2.3,97.8,3
25.24,1.71,17.07,-5.23,1.3025,1.834,17.8477,5.0,83.6,2
20.32,1.12,5.24,-1.02,0.4938,0.6482,5.3415,13.6,77.6,1
22.97,1.0,-19.31,-17.8,1.4558,0.7074,26.2586,5.5,73.5,3
27.28,2.86,-6.66,-0.73,1.1321,0.7722,6.6957,7.4,63.1,1
21.98,0.87,26.97,-13.12,0.8656,1.1513,29.9979,13.2,76.7,3
21.63,3.07,2.09,-0.6,1.1571,0.2883,2.1762,16.9,60.0,1
77.76,-0.3,-0.49,1.74,0.2985,0.1351,1.812,18.5,42.3,0
24.65,2.49,3.9,-2.46,0.4503,0.8373,4.6099,7.0,63.3,1
9.89,8.93,9.52,6.76,2.345,0.5384,11.6708,7.5,86.3,2
34.04,0.01,0.19,-2.18,0.1445,0.1421,2.1882,24.5,36.8,0
75.32,0.33,0.94,-1.54,0.3061,0.1359,1.8068,21.9,53.3,0
10.61,9.51,-3.04,-0.43,0.4802,1.1164,3.0654,5.1,91.8,2
15.67,4.84,-4.23,8.05,1.1009,1.2121,9.0902,4.5,78.7,2
64.31,1.44,-1.91,2.73,0.583,0.1121,3.3306,20.7,61.7,0
4.92,7.66,-4.15,4.81,1.4557,1.9595,6.3542,5.3,90.5,3
61.74,-0.5,2.84,1.45,0.3067,0.1873,3.1938,24.2,33.6,0
27.29,2.98,5.22,-6.36,1.8146,0.3656,8.2273,9.3,75.3,1
13.27,8.68,0.51,0.8,0.565,0.39,0.9484,8.9,79.4,2
49.54,0.91,-1.37,-3.7,0.4744,0.1162,3.9453,15.3,38.1,0
74.24,0.36,1.67,-2.28,0.2192,0.2818,2.828,24.0,37.4,0
31.13,0.03,-1.69,-0.53,0.1607,0.1767,1.7732,16.1,53.3,0
36.11,0.69,-28.26,-13.47,2.4591,0.7666,31.3071,11.5,70.3,3
65.01,0.07,0.98,-0.66,0.6942,0.283,1.1806,15.4,46.9,0
5.59,15.07,-21.94,0.48,1.7198,1.9822,21.9431,2.6,85.6,3
14.82,2.04,9.56,-3.33,1.5413,1.2897,10.122,4.9,72.1,2
43.03,-0.15,1.31,-2.46,0.326,0.1913,2.7868,15.8,62.6,0
19.06,3.13,2.97,5.55,0.7071,0.4685,6.2917,13.7,62.2,1
6.56,4.55,-3.54,-1.36,1.7781,0.8147,3.7939,4.8,84.1,2
4.12,13.09,-16.17,-1.2,2.2393,0.1709,16.2099,7.3,87.4,2
12.25,3.79,0.43,-0.45,0.6167,0.3687,0.6198,17.4,65.7,1
20.43,3.81,1.43,4.55,1.1458,0.7613,4.7728,16.9,57.8,1
0.5,-1.85,7.97,2.76,2.2804,1.5286,8.4309,6.1,80.0,2
12.79,6.56,-4.67,-10.33,2.1602,0.4938,11.3348,6.6,81.8,2
9.09,7.48,-0.58,2.18,1.8555,0.5431,2.2547,5.9,85.8,2
34.89,0.27,-17.32,10.99,3.0403,1.0083,20.5106,6.0,65.4,2
52.52,-0.76,0.21,-0.4,0.2043,0.1765,0.4549,24.5,44.8,0
1.65,15.92,10.26,12.79,1.6109,1.3281,16.3989,4.2,94.5,3
6.52,3.97,0.53,14.87,2.2706,1.0662,14.8792,6.0,88.7,2
7.35,7.06,1.43,0.49,0.4828,0.6057,1.5143,9.8,78.4,2
77.94,0.08,1.93,0.1,0.429,0.1181,1.933,22.7,50.6,0
38.7,0.09,4.06,-0.84,0.6245,0.1073,4.1417,18.7,30.3,0
64.92,0.21,2.87,1.05,0.7713,0.1555,3.0528,15.2,33.5,0
6.89,10.83,0.94,-6.83,0.5037,0.3481,6.898,3.9,79.4,2
21.39,3.15,5.84,0.35,0.9193,0.5138,5.8504,9.9,75.2,1
2.04,14.22,8.12,2.53,1.9605,1.889,8.5045,4.8,82.2,3
23.35,-0.35,2.68,4.56,0.4996,0.0837,5.291,15.9,45.7,0
7.56,9.73,-17.92,0.13,0.8741,0.9887,17.9162,8.8,79.0,2
8.78,8.12,11.21,4.53,2.6376,1.2686,12.0867,3.6,76.8,2
27.56,1.51,-2.57,-1.64,0.7683,0.6963,3.0445,14.7,78.9,1
5.95,14.48,1.93,5.63,1.8116,0.5814,5.9551,4.6,86.4,3
60.7,0.33,-0.91,2.69,0.7435,0.3061,2.8393,19.6,32.8,0
5.68,9.87,-9.39,3.94,3.3736,1.1295,10.1869,3.8,84.6,3
24.08,2.1,-7.8,-0.18,0.9875,0.8465,7.8045,10.3,71.5,1
20.24,0.83,8.53,2.97,0.4715,0.628,9.0293,9.7,62.6,1
13.87,5.06,-11.94,-1.33,1.898,1.1295,12.0163,8.9,85.5,2
44.14,-0.26,1.82,1.5,0.5049,0.1489,2.3571,15.0,40.0,0
44.7,1.19,-0.15,-0.85,0.5232,0.2352,0.8676,19.0,40.8,0
2.1,12.19,7.86,-1.41,0.7079,1.5915,7.9883,2.4,89.7,3
12.24,3.91,-5.36,-1.6,1.1135,0.8603,5.5922,7.4,80.3,2
41.7,-0.24,-0.98,3.3,0.481,0.1568,3.4442,21.0,36.6,0
15.71,2.49,-1.08,-3.14,0.709,0.2595,3.3216,7.8,63.2,1
26.77,1.05,0.05,-6.45,0.6744,0.3687,6.4463,13.0,71.6,1
0.5,5.32,-14.51,7.12,5.3056,1.3933,16.1649,5.8,78.0,2
45.21,1.3,4.85,0.78,0.2396,0.1571,4.9105,19.3,32.4,0
13.1,6.55,12.4,4.56,1.621,5.5911,13.214,6.6,81.4,2
14.44,3.45,1.63,-0.74,0.8431,0.563,1.7877,14.5,71.2,1
11.49,2.82,-28.48,10.04,2.9589,0.7166,30.2002,8.9,64.6,3
23.32,2.29,-1.84,-2.17,0.8798,0.5196,2.844,17.4,79.7,1
63.02,-0.4,1.71,1.58,0.7676,0.1407,2.3249,15.6,42.3,0
22.2,0.26,28.54,-16.6,1.7409,1.1022,33.0169,8.2,56.5,3
56.18,1.18,1.6,3.13,0.5545,0.2522,3.5213,15.2,62.8,0
30.91,1.19,4.88,-1.41,0.7732,0.228,5.0834,24.7,36.9,0
7.98,6.33,2.17,5.75,1.296,0.6681,6.1489,3.0,97.8,3
9.88,9.76,14.46,9.5,0.7577,1.138,17.3072,3.3,75.6,2
16.42,1.56,1.37,-1.94,0.8561,0.1595,2.3787,9.5,63.7,1
9.35,3.65,7.39,-4.12,0.7551,1.1766,8.4642,5.2,72.7,2
52.92,1.19,1.34,1.89,0.4423,0.1622,2.3182,15.9,45.2,0
21.89,2.73,-4.43,-5.2,0.7666,0.3698,6.83,10.2,63.1,1
5.2,6.22,-4.65,5.61,1.5301,0.4521,7.2823,9.2,89.6,2
33.37,-0.37,2.25,0.21,0.5804,0.0733,2.26,21.2,39.5,0
17.69,1.42,0.96,3.44,0.5387,0.6315,3.5695,6.3,76.8,1
25.14,3.92,5.48,-6.28,0.3955,0.2195,8.3396,7.1,57.4,1
10.47,0.68,4.63,-5.41,0.5682,0.3241,7.1194,9.4,62.7,1
4.29,13.49,-4.16,-0.74,1.2596,1.0906,4.2231,4.8,88.2,3
23.03,0.81,0.02,3.6,0.7714,0.6047,3.5955,6.7,63.3,1
6.54,4.98,8.21,-3.41,1.6694,2.6754,8.8896,5.2,82.6,3
26.97,2.66,6.48,9.35,1.7164,0.5092,11.3745,13.8,79.5,1
60.01,0.35,0.28,2.68,0.568,0.292,2.6941,17.4,35.2,0
1.53,21.2,8.97,-0.15,1.6705,0.4439,8.9732,4.6,97.4,3
6.56,4.85,7.21,2.11,1.2774,0.2499,7.5088,2.2,90.0,3
21.19,-0.7,4.32,-3.8,0.3997,0.1061,5.7545,21.7,47.1,0
19.05,2.93,4.07,1.5,1.2531,0.6921,4.3349,12.2,74.8,1
10.1,7.03,9.01,1.52,1.8781,0.4694,9.1412,8.2,83.0,2
11.6,7.73,-9.49,-3.81,1.3196,0.9611,10.2288,3.9,87.8,2
5.74,15.32,-0.91,-6.54,2.2084,0.8873,6.6013,5.9,87.7,3
7.87,6.94,7.13,-3.32,1.4646,0.3968,7.8695,4.4,88.7,2
78.22,1.37,-4.75,-1.7,0.6334,0.1025,5.0479,16.5,64.8,0
15.94,2.83,0.57,-1.48,0.7526,0.863,1.5838,17.5,60.7,1
11.17,4.1,-1.99,-3.49,1.8998,0.7979,4.0205,3.1,78.8,2
11.77,3.81,-1.64,-9.5,0.4389,0.9993,9.6357,9.8,77.9,2
76.11,0.12,-0.97,0.5,0.4071,0.2224,1.0877,21.4,57.0,0
12.64,2.14,1.14,1.63,0.9089,0.5268,1.9876,17.8,61.2,1
20.5,-0.89,-0.62,-4.15,0.4249,0.0523,4.1941,23.6,50.5,0
30.62,0.92,-4.18,0.57,0.3335,0.2107,4.2185,23.4,63.7,0
31.79,0.92,0.56,-2.11,0.4645,0.2,2.186,18.9,54.6,0
20.21,0.76,-1.54,2.52,1.0338,0.3008,2.9517,11.4,55.0,1
23.6,1.27,-1.21,0.29,0.4042,0.5653,1.2412,11.3,65.4,1
6.49,9.88,4.52,-6.93,0.4547,0.6478,8.2761,4.2,86.1,2
38.53,-0.71,3.59,1.87,0.3456,0.1486,4.0505,16.8,34.4,0
28.34,-0.59,3.18,1.34,0.2823,0.141,3.4476,23.1,55.2,0
32.83,-0.11,1.17,1.8,0.3063,0.1452,2.1468,18.7,32.4,0
16.15,1.95,4.49,3.2,0.0942,1.0001,5.5132,16.3,73.2,1
67.88,0.45,1.86,2.85,0.4389,0.1814,3.3999,21.5,47.4,0
13.64,0.58,-4.1,-3.07,0.7279,0.577,5.124,7.6,78.5,1
23.64,3.08,3.54,0.34,0.6147,0.4438,3.5586,16.0,71.0,1
26.94,1.72,8.9,-8.23,0.244,0.214,12.1161,8.8,68.1,1
26.27,1.34,-7.08,0.77,0.5315,0.5686,7.1232,6.9,62.3,1
15.76,1.64,-3.26,0.89,0.5751,0.3932,3.3789,7.8,80.4,1
6.22,7.27,-10.88,2.34,2.1076,1.3517,11.1282,4.8,95.3,3
71.78,0.68,-1.89,-1.05,0.2596,0.2541,2.1599,24.2,64.4,0
14.35,6.37,14.51,3.02,0.9068,0.6274,14.8229,8.4,86.4,2
26.4,1.57,3.71,-1.26,0.7444,0.2581,3.9181,15.6,67.7,1
11.74,5.33,-6.77,11.76,1.4524,1.0487,13.5717,3.5,90.6,2
75.28,0.19,0.41,-1.13,0.4023,0.1105,1.2065,23.1,34.7,0
33.05,0.76,-0.42,-0.11,0.5121,0.1952,0.4345,16.5,46.0,0
4.97,5.94,-7.85,-9.54,1.0323,1.3851,12.3536,9.4,90.4,2
40.3,-0.09,0.31,3.68,0.4146,0.2516,3.694,24.1,54.8,0
22.93,3.84,-2.11,5.17,0.589,0.6104,5.5848,13.0,63.5,1
13.28,5.19,1.85,3.92,2.5616,0.8596,4.3376,9.0,78.7,2
4.51,7.1,-3.35,1.41,1.7165,0.7544,3.6368,4.1,94.9,3
21.71,0.28,4.61,-1.96,0.7377,0.2595,5.0058,18.3,63.6,0
11.16,6.99,-0.14,6.6,2.0492,1.003,6.6028,5.7,82.7,2
39.5,0.75,0.66,2.67,0.5209,0.0431,2.7535,23.9,34.1,0
28.81,0.54,-0.02,-0.75,0.5349,0.2321,0.7469,20.6,37.6,0
13.26,3.32,5.33,-7.04,1.0461,0.2806,8.8312,14.6,67.3,1
34.92,-0.54,2.74,-1.4,0.554,0.1842,3.0732,15.0,62.1,0
71.13,-0.25,0.26,-0.4,0.3579,0.1403,0.477,17.0,55.6,0
13.75,6.54,15.57,-8.74,0.7033,0.8875,17.8545,5.0,89.1,2
48.1,0.14,-1.57,-2.88,0.2273,0.2953,3.2866,18.9,54.5,0
23.14,0.31,-2.3,3.0,0.4216,0.1528,3.7776,18.5,41.4,0
11.71,2.65,-5.0,-3.8,0.9154,0.6063,6.2809,3.3,80.3,2
10.52,2.81,-2.63,1.1,0.5014,0.5603,2.8522,7.9,62.4,1
19.89,2.44,-5.12,-1.44,0.5414,0.6908,5.3226,6.3,79.8,1
15.11,2.99,2.71,-7.44,0.8535,0.3419,7.9167,16.4,63.6,1
16.08,1.31,28.62,-11.22,3.7423,1.2398,30.7353,14.0,66.4,3
19.7,1.17,1.23,-2.12,0.467,0.2444,2.4533,7.6,57.6,1
9.15,4.7,19.64,-5.23,0.9598,0.704,20.3245,4.3,78.9,2
12.41,4.6,-3.87,0.76,1.1975,0.9587,3.9446,4.3,85.4,2
1.05,15.53,-6.87,0.96,1.5302,1.04,6.9341,2.9,94.1,3
8.47,-1.1,12.46,1.89,3.0151,3.1416,12.6048,4.1,80.0,2
7.49,9.35,-13.07,5.65,0.9015,0.2901,14.2405,5.9,81.6,2
3.25,9.03,0.36,-1.85,1.2631,1.5784,1.886,1.7,85.1,3
38.79,-0.61,2.93,-2.8,0.4365,0.0748,4.053,22.7,52.8,0
1.98,8.66,3.71,-0.37,0.459,0.8451,3.729,2.7,90.4,3
26.12,3.36,-5.48,-8.62,0.2907,0.4395,10.2178,7.6,61.3,1
64.94,-0.4,0.66,-0.05,0.5268,0.0571,0.6597,16.3,60.2,0
21.84,1.46,29.4,-20.09,4.6443,1.5179,35.6098,5.4,78.2,3
46.63,-0.86,1.84,1.41,0.5725,0.1844,2.3153,23.6,51.6,0
15.71,7.25,-4.88,2.34,1.4778,0.3998,5.4121,6.3,78.7,2
5.25,3.36,-13.42,-0.78,0.9882,0.9463,13.4429,7.9,80.0,2
65.63,1.2,-0.66,-0.69,0.5324,0.1531,0.958,20.9,57.6,0
25.85,2.87,3.09,-2.17,0.7126,0.3405,3.7757,12.6,76.0,1
64.05,1.15,1.31,-0.16,0.3967,0.1266,1.3179,16.0,40.2,0
9.61,7.2,-7.2,11.12,0.8522,0.3751,13.2487,5.9,78.0,2
26.88,3.64,5.54,-7.23,0.9903,0.7097,9.1071,12.6,69.4,1
3.03,13.8,5.82,-5.91,1.3682,2.6979,8.2891,2.2,97.7,3
33.61,0.64,2.49,-1.22,0.3084,0.1215,2.7737,15.0,42.4,0
11.89,3.95,0.9,-0.83,1.0473,0.3338,1.2268,8.2,77.0,1
59.01,-0.65,-1.67,-0.2,0.4984,0.2348,1.6845,24.3,55.2,0
10.55,2.08,2.21,-1.46,0.6695,0.3911,2.6544,17.5,65.6,1
8.59,1.84,26.13,14.63,0.6223,1.2042,29.9464,10.6,79.5,3
22.96,1.65,-2.59,-3.57,0.4982,0.8367,4.413,14.5,57.5,1
79.35,-0.98,-3.8,0.29,0.0808,0.0743,3.8084,19.7,59.1,0
58.09,-0.73,-1.99,0.27,0.3454,0.0991,2.0118,19.0,62.2,0
19.94,1.57,5.71,4.1,0.961,0.438,7.0283,11.5,59.4,1
13.18,2.11,-5.36,1.3,0.6389,0.5429,5.513,14.4,62.4,1
18.8,3.14,10.06,-8.88,2.3737,3.28,13.4169,6.2,77.4,2
14.35,3.56,-8.59,2.89,0.7206,0.7688,9.063,4.4,82.2,2
71.85,-0.26,4.44,0.98,0.3214,0.1922,4.5513,19.0,48.7,0
57.09,1.11,0.01,-1.15,0.4239,0.2518,1.1487,18.0,61.5,0
10.56,3.25,4.38,-0.97,0.5026,0.64,4.4903,13.3,79.6,1
63.01,0.13,-3.02,0.02,0.7908,0.2107,3.0193,15.4,44.1,0
24.81,2.27,5.59,1.89,0.5694,0.3888,5.9004,9.6,76.7,1
28.97,1.01,1.31,2.11,0.6645,0.0862,2.4811,20.6,49.9,0
1.0,10.09,-1.95,1.53,1.506,0.881,2.4749,1.2,89.1,3
21.27,3.13,-0.95,-1.81,0.7712,0.421,2.0454,9.5,77.8,1
15.04,2.72,14.92,1.41,0.652,1.4701,14.9878,9.7,74.5,2
46.08,-0.25,-0.94,1.36,0.68,0.0941,1.6575,24.0,51.4,0
10.68,3.29,10.32,1.5,0.8616,0.6865,10.4289,7.7,78.7,2
21.4,-0.79,-1.85,1.43,0.4103,0.239,2.3373,22.7,55.6,0
15.5,6.74,15.79,1.03,4.1656,2.3155,15.82,2.4,81.7,2
12.04,2.44,-2.31,-4.32,0.8824,0.6307,4.901,15.5,64.4,1
18.51,0.65,-29.18,-12.06,2.2015,1.8703,31.576,5.3,83.4,3
52.15,0.91,0.69,1.28,0.5388,0.0494,1.4571,16.9,38.0,0
19.56,1.96,-9.88,7.98,0.6421,0.6307,12.7009,7.4,56.1,1
12.11,8.81,-8.83,2.12,1.0962,1.0827,9.0755,8.5,89.4,2
21.97,2.74,1.83,-3.26,0.3846,0.4962,3.7418,13.6,58.8,1
8.85,5.62,1.9,9.04,0.974,0.6227,9.235,6.3,84.0,2
36.18,-0.2,1.18,-0.24,0.5665,0.1348,1.2048,19.9,45.9,0
38.45,1.35,-3.76,-1.45,0.754,0.1239,4.0297,20.7,48.3,0
78.83,-0.44,3.66,-0.7,0.3852,0.2192,3.7259,19.3,54.8,0
11.92,2.14,8.97,5.03,0.3571,0.3805,10.2806,14.9,58.4,1
6.25,4.56,-4.05,-8.76,3.5395,0.549,9.6475,4.0,87.1,2
17.59,2.17,5.9,-7.22,0.5187,0.2992,9.3236,11.5,66.6,1
13.5,3.55,-8.77,-2.11,0.9517,0.1433,9.0161,14.5,78.1,1
10.92,-1.61,11.33,-19.03,4.8764,2.3726,22.1454,4.2,89.1,2
18.85,2.41,-2.38,4.09,1.1366,0.4961,4.7329,16.9,62.4,1
43.4,0.44,1.27,2.85,0.4163,0.1156,3.1194,24.8,42.0,0
13.38,0.96,9.62,-5.14,0.5912,0.62,10.9046,13.7,66.6,1
15.86,3.33,-14.28,5.53,0.885,0.7352,15.3095,7.5,83.8,2
65.37,1.29,2.24,-2.16,0.1124,0.1327,3.1132,21.1,45.9,0
15.9,3.85,1.91,6.06,1.1689,0.92,6.348,8.0,86.7,2
73.3,-0.95,4.44,-0.73,0.8741,0.2471,4.4949,22.8,56.8,0
20.67,3.33,2.73,-5.7,1.1509,0.4879,6.321,7.1,73.1,1
46.81,-0.0,0.67,1.88,0.2403,0.2036,1.9985,22.6,34.2,0
40.11,0.05,4.87,2.55,0.5956,0.2027,5.5019,23.3,52.1,0
15.73,2.14,0.26,-1.3,0.4797,0.7008,1.3276,12.5,59.2,1
22.81,0.96,1.16,-0.34,0.583,0.2768,1.2067,16.7,75.0,1
6.76,4.6,-3.45,5.27,1.2298,0.8336,6.3018,4.9,86.7,2
2.74,17.44,8.14,2.29,3.1808,0.6597,8.4557,4.5,92.7,3
25.29,3.06,-4.67,-2.71,0.8313,0.5781,5.3954,16.7,72.7,1
22.3,1.77,0.54,2.95,0.8501,0.2921,3.0022,7.1,75.3,1
35.67,-0.1,-0.58,1.48,0.3215,0.1028,1.5884,23.9,40.4,0
65.15,0.33,-2.85,2.14,0.1693,0.1097,3.5637,21.8,63.7,0
12.14,3.6,5.1,-0.48,0.6683,0.5081,5.1201,17.3,67.6,1
5.04,7.1,2.79,8.86,0.6907,0.7756,9.2907,9.0,90.9,2
24.02,3.46,0.64,4.36,1.1183,0.6626,4.4043,9.8,81.8,1
4.55,14.61,-8.2,7.31,1.3379,0.8109,10.987,5.7,92.9,3
25.02,7.42,24.87,8.89,3.6481,0.586,26.4143,5.2,93.6,2
45.92,0.42,-2.86,-0.04,0.1768,0.1626,2.8583,15.3,34.0,0
7.7,7.01,8.93,3.0,1.3954,1.0271,9.4231,3.3,87.4,3
55.89,-0.11,-2.84,-0.18,0.6321,0.2262,2.8437,16.7,64.7,0
21.51,2.09,15.07,-18.2,2.429,1.0974,23.6326,14.0,76.5,2
13.84,2.57,4.64,2.36,0.4564,0.2759,5.2052,8.3,71.4,1
78.04,-0.64,1.36,0.34,0.3038,0.1514,1.4068,19.7,53.1,0
12.91,0.89,-6.82,2.68,0.3459,0.1512,7.3325,13.1,61.6,1
4.21,12.15,11.7,-0.75,1.2365,0.5965,11.7203,5.2,83.4,2
7.23,11.57,-6.59,-8.14,1.4737,0.9663,10.4772,7.3,85.2,2
10.68,1.15,2.89,1.81,0.6681,0.2078,3.408,13.6,59.3,1
63.73,0.5,-0.04,-1.96,0.3915,0.1712,1.9601,16.6,38.2,0
19.96,1.31,-2.14,-1.03,1.2619,0.2869,2.3754,8.1,64.8,1
70.28,-0.25,0.7,-0.3,0.2281,0.1811,0.7592,22.9,36.2,0
21.42,0.2,-0.31,-1.65,0.5581,0.1524,1.6759,21.5,45.0,0
73.99,-0.65,2.83,0.18,0.1877,0.1999,2.8331,20.9,63.9,0
6.89,5.84,2.56,1.41,0.9603,1.2412,2.9232,5.0,84.2,3
1.17,9.94,1.86,-2.29,1.822,1.9385,2.9491,4.1,91.9,3
69.1,0.05,-4.9,-0.89,0.625,0.1584,4.9763,20.0,61.5,0
5.0,2.47,-9.41,5.41,2.5268,0.9481,10.8547,2.7,75.7,2
10.32,2.31,-1.13,-6.25,0.8317,0.6089,6.3469,15.1,70.8,1
69.83,-0.58,1.29,1.8,0.2928,0.1273,2.2131,24.4,34.2,0
55.64,0.01,-0.77,2.11,0.8966,0.1322,2.2512,15.1,46.7,0
7.14,5.91,-1.72,5.8,1.3836,1.0853,6.0495,5.7,84.6,2
11.13,8.93,2.26,7.57,1.8781,0.5685,7.9005,3.9,78.9,2
3.13,16.67,-1.17,-6.39,2.6685,2.1907,6.4973,2.5,87.8,3
10.02,3.44,0.47,10.1,0.7067,1.2564,10.1085,5.3,86.7,2
45.41,-0.31,4.29,0.08,0.2342,0.1272,4.2929,15.8,60.9,0
63.2,0.8,-2.4,0.52,0.7266,0.1492,2.458,24.4,32.7,0
3.28,12.08,14.62,7.19,3.1289,0.7174,16.2937,5.6,83.1,3
14.75,5.06,-13.17,4.36,0.6948,0.6428,13.8729,9.4,76.2,2
70.11,-0.08,6.82,-1.88,0.3036,0.202,7.0743,23.0,34.8,0
27.42,2.5,1.2,-0.59,1.1678,0.7557,1.3374,8.4,74.2,1
6.38,7.03,-14.09,-5.07,2.2264,1.456,14.9724,4.7,75.1,2
79.4,-0.24,-2.48,-1.89,0.7294,0.0885,3.1221,16.7,32.6,0
62.3,-0.07,-1.59,-0.11,0.4642,0.3539,1.5951,22.7,37.1,0
35.25,0.06,-1.06,-2.33,0.5769,0.0966,2.5582,21.6,58.7,0
7.67,5.28,-24.32,-7.24,1.2644,0.9785,25.3774,4.3,82.0,2
65.02,0.89,0.49,-0.44,0.2314,0.1166,0.6577,24.6,61.9,0
58.1,1.31,-3.29,-4.58,0.4372,0.3147,5.6409,16.1,31.3,0
58.07,-0.99,-0.62,3.35,0.6125,0.1385,3.4054,21.3,44.1,0
10.74,8.01,3.41,3.83,0.8692,1.2923,5.1289,5.0,87.8,2
23.34,2.93,3.56,-2.26,0.9922,0.4686,4.2219,15.7,71.0,1
46.54,0.85,0.48,-3.81,0.6343,0.1601,3.8388,22.7,45.4,0
71.93,-0.55,-2.49,0.16,0.5664,0.2661,2.4904,21.8,64.7,0
11.46,1.55,5.43,1.23,0.5079,0.5678,5.5654,16.2,68.3,1
12.92,2.91,8.57,7.06,0.7045,0.5539,11.1001,6.1,87.7,2
33.91,-0.77,3.45,0.94,0.7531,0.2397,3.5768,23.9,38.3,0
4.93,7.21,6.44,-8.88,1.2746,0.51,10.9655,8.3,85.0,2
12.25,3.6,-6.79,-0.39,1.9676,1.1162,6.7972,7.6,82.3,2
17.0,3.52,2.23,2.41,1.1147,0.3999,3.2813,14.6,78.5,1
12.09,5.82,-0.68,3.53,0.9541,0.682,3.5898,8.6,78.1,2
5.43,15.4,4.78,-0.03,1.9982,1.9368,4.7848,4.0,86.8,3
42.64,-0.73,2.99,-1.11,0.4471,0.2136,3.1912,24.3,54.6,0
14.15,2.37,-3.6,-3.13,0.4945,0.4596,4.7706,18.0,80.8,1
5.37,13.99,2.44,-6.36,3.6577,2.2644,6.8056,2.8,97.2,3
18.42,1.17,-1.75,-2.62,1.1838,0.2527,3.15,17.2,63.1,1
18.25,0.64,4.11,2.53,0.8251,0.4044,4.8236,16.4,65.8,1
5.05,5.96,2.67,-3.28,1.0347,1.0581,4.2271,3.6,89.7,3
6.79,4.33,-0.83,2.23,1.5147,0.7778,2.3787,3.3,87.0,2
21.21,1.61,-8.31,5.4,1.1109,0.6627,9.9112,10.2,78.2,1
25.41,1.11,0.64,1.62,0.681,0.267,1.7439,10.0,59.0,1
26.63,3.11,-11.09,7.75,0.6448,0.6847,13.5248,15.7,71.7,1
19.29,2.05,3.06,-4.83,0.9909,0.3307,5.717,13.7,63.8,1
25.88,2.7,-0.03,6.43,0.6776,0.3176,6.4346,7.0,59.3,1
7.25,12.91,-5.37,6.91,2.2385,1.7629,8.7538,3.0,90.2,3
1.18,10.89,-3.14,2.11,1.1679,2.1814,3.7873,5.6,85.4,3
69.43,1.27,-0.82,1.94,0.7296,0.236,2.1078,16.4,45.9,0
70.7,1.27,-2.9,2.14,0.4787,0.0328,3.6072,15.5,58.7,0
23.59,0.13,1.34,-0.55,0.185,0.1452,1.4531,23.4,43.5,0
24.51,1.59,-2.81,2.57,0.9016,0.7468,3.8075,11.6,77.7,1
6.3,9.87,1.95,-3.07,1.5684,0.5783,3.641,9.0,88.8,2
26.5,-0.17,-2.2,1.43,0.3861,0.2519,2.6281,17.2,48.3,0
19.31,2.23,-3.69,5.46,0.9255,0.4818,6.5928,7.3,69.0,1
11.93,3.45,-4.01,5.43,1.7121,0.6782,6.7499,7.3,91.8,2
1.74,9.44,4.06,0.35,3.1237,0.3826,4.0739,4.5,92.2,3
59.44,1.44,1.19,-0.14,0.2563,0.0528,1.1996,19.0,55.8,0
5.14,6.33,7.61,-1.86,1.9779,0.5184,7.834,7.7,78.0,2
18.78,1.21,5.31,3.42,0.7963,0.1576,6.3219,12.3,73.0,1
24.16,1.87,-0.61,-6.05,0.3084,0.528,6.0757,11.2,57.2,1
4.02,-1.43,27.97,-11.93,2.7203,2.1024,30.4123,4.2,88.7,2
8.92,7.06,2.44,4.44,1.2447,1.5826,5.0701,6.8,78.7,2
79.22,1.04,0.95,0.01,0.4095,0.1655,0.9513,22.0,36.9,0
19.44,2.19,5.3,-2.34,1.1117,0.3725,5.7924,15.6,59.7,1
39.23,0.34,-18.4,-14.91,5.0457,1.2863,23.6821,11.7,52.3,2
2.17,11.42,2.15,9.44,0.5247,1.4565,9.6773,5.6,85.9,3
76.94,-0.03,-3.23,1.69,0.3155,0.2123,3.6451,20.0,36.5,0
47.81,-0.44,-0.57,-1.07,0.4534,0.2184,1.2097,19.8,35.2,0
7.09,6.66,11.23,2.11,2.0063,1.2093,11.4264,4.9,73.3,2
27.9,1.2,24.08,-21.39,1.8555,1.3034,32.2067,4.1,56.5,3
69.34,-0.41,1.51,0.35,0.2001,0.143,1.5497,15.3,55.4,0
4.6,4.94,1.53,1.61,0.7717,0.5173,2.2165,7.8,72.9,2
18.43,2.45,-6.98,4.37,0.6127,0.5867,8.2367,8.3,80.2,1
72.33,-0.84,1.89,2.24,0.4048,0.1223,2.9311,17.5,47.7,0
3.72,6.15,2.28,-3.94,1.4449,1.6993,4.549,2.3,96.8,3
17.53,1.36,-17.81,-19.67,2.2511,1.0839,26.5392,7.5,68.3,3
12.85,7.61,-6.74,-5.92,1.0424,0.3687,8.9723,8.1,84.6,2
13.49,7.46,0.61,2.58,0.9666,0.6006,2.6489,6.1,73.4,2
64.94,0.72,-0.54,1.93,0.5487,0.1565,2.0036,17.7,44.3,0
10.7,1.76,-3.75,-1.82,0.9096,0.4298,4.1653,15.9,61.0,1
6.24,5.12,-6.92,0.23,1.7242,1.2815,6.9252,2.6,97.6,3
19.29,0.56,-3.01,2.26,1.068,0.3329,3.7583,9.6,67.9,1
22.33,2.33,4.35,-3.56,0.7276,0.4271,5.615,13.8,62.8,1
38.36,0.92,-1.94,-0.45,0.5088,0.1846,1.9908,21.9,42.6,0
12.06,1.27,-0.69,-4.43,0.9017,0.1957,4.479,12.6,60.2,1
8.78,9.14,0.95,0.34,1.1772,0.3846,1.0123,3.4,72.4,2
15.24,5.37,-0.73,-1.05,2.0165,0.9292,1.278,5.6,89.2,2
6.69,11.9,11.73,-7.47,1.1668,0.6212,13.9091,6.8,73.4,2
12.32,2.75,-0.04,-4.96,1.3274,1.0448,4.9554,6.3,87.4,2
4.98,14.61,2.06,0.11,1.1528,1.2171,2.0601,4.6,84.3,3
27.77,2.51,-1.78,-6.58,0.4413,0.3406,6.8212,10.2,71.5,1
47.6,0.37,3.81,0.13,0.1929,0.2005,3.8074,22.3,49.0,0
48.64,1.1,-3.6,-1.74,0.2004,0.2632,3.9946,15.7,45.8,0
7.87,6.17,7.06,1.98,1.369,1.0617,7.3299,2.3,85.9,3
5.96,12.05,7.01,-1.47,0.6948,2.328,7.1651,4.1,85.0,3
6.21,10.27,4.7,6.71,1.0768,1.3134,8.1933,6.0,80.3,2
7.48,5.59,1.69,2.55,2.6116,1.3799,3.0573,3.8,87.1,3
6.08,7.72,-20.98,-3.92,2.7818,2.8284,21.3445,6.1,85.0,2
12.22,2.44,-2.82,1.25,0.7705,0.1779,3.0821,8.8,73.5,1
24.02,3.11,8.44,-3.28,1.5451,0.6799,9.0548,11.3,66.0,1
67.66,-0.77,0.28,-1.53,0.2322,0.1116,1.5551,20.9,43.0,0
10.62,8.64,0.61,0.14,2.1707,0.9937,0.6213,5.4,77.3,2
34.18,0.38,0.13,1.2,0.4672,0.1475,1.2098,20.6,40.8,0
38.85,1.8,-21.37,-13.0,3.301,1.1115,25.0092,13.1,74.1,3
75.51,0.07,-0.77,0.83,0.3021,0.1077,1.1313,22.5,37.9,0
22.56,-0.06,-0.99,1.33,0.4409,0.0497,1.6589,21.5,56.6,0
78.29,-0.95,4.05,1.18,0.4182,0.1722,4.2181,15.5,56.8,0
77.93,0.03,0.22,0.4,0.5281,0.0829,0.4518,16.0,32.2,0
38.51,-0.94,2.79,-0.8,0.2124,0.2085,2.9053,21.5,46.5,0
77.82,1.43,-1.28,0.31,0.4655,0.2157,1.317,22.1,62.7,0
25.78,1.06,0.2,1.42,0.5878,0.0719,1.434,16.7,59.0,0
52.84,-0.2,-1.88,1.08,0.5897,0.1787,2.1693,23.4,38.0,0
53.79,-0.47,0.56,-4.54,0.7894,0.2872,4.5781,21.0,48.1,0
14.55,2.98,7.3,-1.68,1.4067,0.7873,7.4885,6.8,77.3,2
74.1,-0.14,0.03,-1.2,0.4347,0.1562,1.1993,18.5,54.3,0
9.61,2.83,-18.97,21.74,0.6999,0.5552,28.8465,8.1,56.6,3
26.74,2.8,0.96,-4.64,0.6374,0.2909,4.7425,12.8,76.6,1
10.47,8.81,-4.14,-5.64,1.4506,0.9764,7.0011,7.7,88.8,2
2.36,12.63,-2.54,0.81,2.4208,1.7759,2.6691,2.0,91.2,3
8.29,5.37,-4.75,7.03,1.5815,1.1792,8.4849,5.8,80.7,2
53.75,0.75,1.04,-0.28,0.8659,0.1323,1.0751,23.2,33.0,0
23.54,2.93,-1.92,0.93,0.5531,0.4079,2.1346,9.4,75.8,1
5.72,-0.38,-0.91,7.29,6.0526,3.0946,7.3509,7.2,92.3,2
29.82,0.07,-0.71,2.05,0.6281,0.1349,2.166,24.9,41.1,0
24.05,2.9,6.12,7.78,0.7544,0.632,9.8956,14.1,78.8,1
15.47,1.11,3.36,1.34,1.1539,0.2335,3.6224,14.2,71.5,1
29.67,2.19,23.01,10.1,1.2585,1.3617,25.1252,8.4,53.3,3
4.44,8.57,-7.85,-4.2,2.8018,1.2376,8.9008,1.9,82.3,3
25.2,3.37,-2.61,3.52,0.9518,0.3497,4.3778,9.2,65.8,1
5.44,11.31,-1.43,-4.26,1.3231,0.6112,4.4938,7.6,91.6,2
13.81,3.89,-0.31,-0.4,1.2271,0.8219,0.4994,11.8,64.8,1
59.67,1.33,-2.79,1.14,0.6569,0.0923,3.0173,22.5,49.9,0
37.17,1.0,-1.82,-1.16,0.4407,0.2389,2.1612,21.3,61.6,0
72.57,0.86,0.31,4.23,0.1362,0.2471,4.2423,15.8,45.1,0
12.97,3.13,-5.63,2.18,0.8252,0.4087,6.0375,7.7,61.5,1
26.38,3.69,2.35,-2.99,1.0513,0.596,3.8024,14.3,68.4,1
9.5,8.98,4.64,-1.08,2.1562,0.854,4.7692,7.4,75.1,2
26.18,-0.3,-4.04,-2.6,0.2018,0.1092,4.8015,18.2,36.9,0
4.79,6.32,0.54,-0.69,3.3267,0.9775,0.8758,4.3,82.5,3
7.78,6.03,-7.35,-0.29,3.4578,1.1589,7.3549,1.5,83.6,3
17.32,3.53,-2.6,-2.67,0.7661,0.5088,3.7269,6.6,79.9,1
6.44,10.32,-7.79,-6.59,2.6622,1.1019,10.2029,5.3,91.9,3
3.69,10.83,3.18,6.34,2.1673,1.0715,7.0957,3.0,94.8,3
13.82,7.08,-2.24,-7.77,1.6405,1.0038,8.0831,5.2,76.3,2
11.27,1.01,-19.02,-8.64,0.5093,0.4988,20.8917,7.3,56.5,1
5.25,10.01,7.98,1.22,1.6866,0.9574,8.0735,8.7,75.0,2
15.16,6.63,2.26,2.6,1.8451,0.4708,3.4419,5.7,79.8,2
38.38,0.17,0.2,0.39,0.3818,0.1958,0.437,17.5,43.1,0
16.79,1.26,-1.69,-3.42,0.3725,0.1032,3.8173,16.9,61.6,1
13.33,7.38,3.48,1.69,1.8604,0.7761,3.8685,4.3,86.7,2
20.14,2.05,-6.36,1.84,0.3925,0.7171,6.6232,8.7,74.1,1
14.69,4.45,-18.28,-0.68,2.3045,1.3167,18.2878,7.0,84.4,2
57.79,-0.82,-0.06,-0.67,0.2082,0.1184,0.6696,19.1,35.0,0
14.62,3.32,-3.48,-0.94,0.5385,0.6727,3.6013,13.1,76.9,1
15.75,4.4,-4.62,-2.63,1.2402,1.0773,5.312,7.5,90.6,2
5.15,10.76,-3.2,-4.57,1.1705,1.094,5.5811,5.0,92.4,3
78.17,0.92,1.49,-0.06,0.3678,0.179,1.4872,18.5,41.9,0
4.86,8.92,-14.17,4.4,1.3219,0.7352,14.835,3.1,76.3,2
4.41,17.07,12.52,8.0,2.2218,1.2616,14.8524,4.4,87.2,3
62.29,-0.72,-3.8,0.35,0.7498,0.1157,3.8196,15.8,61.1,0
10.19,5.47,3.43,10.07,0.5959,1.176,10.6393,5.0,87.5,2
17.62,2.96,2.9,2.43,1.2251,0.3998,3.7858,7.9,64.0,1
26.97,3.77,0.01,1.34,0.7246,0.5641,1.3414,14.7,78.3,1
16.29,0.3,-25.18,-13.83,2.279,1.1262,28.7318,6.9,64.3,3
45.98,-0.9,-0.0,-3.38,0.1585,0.1409,3.3777,22.3,30.7,0
11.45,1.99,-2.83,-1.22,0.3764,0.5065,3.0853,15.8,81.6,1
8.47,6.96,-1.27,0.66,0.7833,0.2405,1.4297,4.4,82.2,2
23.63,1.85,11.13,-0.62,0.4436,0.5095,11.15,11.9,63.6,1
38.82,0.98,-4.64,-1.63,0.3635,0.0991,4.9186,16.1,37.5,0
25.74,1.96,5.78,-5.48,0.8062,0.735,7.9697,12.7,68.2,1
8.52,6.4,-2.98,-2.02,1.0981,0.4698,3.596,6.2,72.5,2
20.86,1.78,3.56,-10.59,0.7985,0.6408,11.1722,14.0,75.9,1
6.83,9.3,-2.45,2.54,2.3914,1.2019,3.5279,1.9,82.3,3
10.95,9.22,7.99,1.16,1.6642,1.2712,8.0721,7.4,79.5,2
4.72,7.49,1.93,13.48,1.115,0.8747,13.6129,4.2,95.1,3
68.9,0.52,-0.47,1.96,0.5025,0.179,2.0113,16.3,64.8,0
1.83,8.9,7.59,2.17,1.9821,1.3255,7.892,5.7,84.7,3
9.22,2.94,-4.96,-0.56,0.2815,0.717,4.9863,3.2,84.5,2
24.69,1.9,-6.6,5.9,0.3372,0.2662,8.854,15.2,66.9,1
4.75,16.05,1.47,4.0,1.4066,1.377,4.2655,3.3,92.9,3
1.37,17.01,-3.73,-5.9,2.0703,1.3144,6.983,4.1,96.5,3
15.96,3.36,-3.93,-1.04,0.8026,0.2824,4.0678,8.0,59.3,1
2.92,17.03,-1.34,1.06,0.7109,0.2109,1.704,2.2,93.1,3
6.82,7.11,-13.13,2.8,2.4258,0.4907,13.4282,7.7,73.5,2
18.65,0.5,-0.89,-3.7,0.7497,0.3516,3.8054,17.8,65.6,1
72.58,-0.21,-1.4,-1.66,0.3328,0.1082,2.1769,20.8,61.4,0
25.47,3.33,1.58,0.34,0.4293,0.3429,1.6171,12.3,64.4,1
42.06,1.13,3.14,-0.75,0.3929,0.0977,3.2309,18.7,53.8,0
47.08,0.44,4.37,0.51,0.8488,0.1448,4.4003,22.0,43.3,0
8.2,6.92,6.5,-5.24,1.7933,0.7641,8.3471,8.0,87.8,2
16.82,0.8,-26.82,-13.74,2.0995,0.8584,30.1335,4.7,71.9,3
20.44,2.7,-16.44,-15.66,1.2306,1.0317,22.7075,7.3,69.1,2
4.93,7.41,-0.31,7.66,2.6786,0.8356,7.6679,9.7,91.0,2
10.72,0.77,-2.38,-1.3,0.5319,0.4391,2.7129,8.4,67.4,1
4.32,8.39,-11.73,4.76,1.5803,0.9801,12.6614,3.1,86.9,2
13.19,0.81,-26.93,19.56,1.8676,1.4001,33.2806,6.3,67.5,3
74.98,-0.1,-1.58,-2.73,0.2617,0.1472,3.1574,20.0,56.7,0
7.68,5.04,-4.23,-2.54,2.3223,1.8153,4.9329,6.2,74.4,2
20.55,2.43,2.48,7.49,0.7751,0.1072,7.8874,8.6,60.5,1
26.27,-0.41,-2.17,0.16,0.7349,0.1451,2.1725,21.6,37.7,0
8.72,4.19,-12.18,-1.49,2.0017,0.7741,12.2717,7.7,72.3,2
54.98,-0.23,0.26,-0.3,0.6528,0.1216,0.394,23.0,33.1,0
20.92,2.59,4.97,-2.2,0.6623,0.8141,5.4358,6.7,72.3,1
10.87,3.13,3.03,1.76,0.2679,0.3704,3.5036,12.6,64.8,1
5.16,5.62,-11.19,5.19,2.4544,1.8872,12.3364,5.6,82.8,3
11.33,4.56,-12.07,1.99,0.8464,0.6237,12.2308,7.7,72.7,2
11.83,1.96,7.41,-1.66,1.9504,0.1245,7.592,13.9,79.1,1
13.99,3.1,4.03,5.67,0.6089,0.6629,6.9604,9.4,68.6,1
21.46,3.47,-4.35,3.21,0.8228,0.6216,5.408,15.6,77.5,1
30.41,-0.45,1.44,0.92,0.4262,0.074,1.7121,15.8,54.9,0
74.66,0.61,4.06,0.98,0.5803,0.3134,4.1792,18.7,52.7,0
9.67,9.14,13.96,-2.75,1.2094,0.8053,14.2293,6.0,74.2,2
2.67,7.17,-6.85,-1.48,0.9587,0.421,7.0029,2.5,83.5,3
20.3,2.46,-0.8,2.39,0.7889,0.3101,2.5172,12.0,66.4,1
14.37,1.42,5.77,0.43,0.2774,0.9139,5.7814,6.1,80.5,1
70.79,-0.86,2.29,1.1,0.4281,0.1613,2.5384,22.1,54.6,0
37.3,1.47,23.89,17.24,1.8145,0.4321,29.4651,11.2,66.2,3
52.29,0.21,-3.72,1.28,0.5876,0.0835,3.9367,19.6,51.4,0
57.8,1.18,1.24,-0.62,0.4585,0.1445,1.3853,18.3,34.8,0
67.52,-0.67,2.02,0.61,0.3725,0.1276,2.109,17.3,43.9,0
12.96,2.36,-5.1,-7.06,1.4839,0.2307,8.706,4.6,73.6,2
10.57,-0.27,-3.06,3.83,2.1934,1.2132,4.9018,5.5,86.2,1
3.26,12.43,7.83,-6.34,2.8666,1.2705,10.0698,3.7,90.4,3
17.82,0.55,0.14,2.86,0.3381,0.2239,2.8596,15.5,69.4,1
12.35,5.44,22.77,-7.01,1.3298,0.9352,23.8242,7.5,89.7,2
21.2,0.95,0.04,-0.27,0.4337,0.181,0.2683,18.1,63.8,0
21.89,-0.2,3.81,0.6,0.3081,0.1396,3.8564,18.5,64.0,0
16.12,3.55,1.51,3.61,0.6324,0.328,3.9132,14.2,77.5,1
6.83,10.24,-6.58,1.33,0.9327,1.5267,6.7133,1.6,95.0,3
27.78,0.42,-1.44,2.19,0.1474,0.0602,2.617,19.5,44.6,0
23.36,0.93,-2.66,3.01,0.6115,0.1455,4.0174,15.1,57.2,0
28.61,0.21,2.46,0.47,0.6802,0.3314,2.5022,23.7,43.7,0
68.89,1.23,3.58,-1.73,0.5107,0.058,3.9796,19.4,64.6,0
23.69,2.41,2.92,-1.76,0.8122,0.4093,3.409,11.9,55.5,1
24.51,3.31,-6.71,0.11,1.2252,0.4391,6.7101,10.6,70.7,1
12.17,1.63,-0.07,-0.25,0.8352,0.5527,0.258,7.9,65.2,1
1.14,20.71,1.73,0.95,2.0715,1.5556,1.9745,4.0,96.7,3
61.3,-0.4,-3.45,-3.53,0.3859,0.0674,4.9332,24.1,32.4,0
7.22,7.65,7.55,1.29,2.1439,1.0475,7.6592,5.8,82.2,2
72.81,-0.77,-2.01,-0.16,0.3341,0.1747,2.0153,22.3,55.6,0
42.67,0.47,3.8,0.66,0.6403,0.1446,3.855,16.0,62.0,0
27.79,1.11,-4.86,-0.66,0.2137,0.1943,4.9009,19.3,32.0,0
11.43,9.07,4.99,1.7,1.234,1.023,5.2707,9.2,73.0,2
4.7,7.23,-3.63,1.79,1.7875,0.8424,4.0472,4.5,90.5,3
54.98,0.99,2.77,0.34,0.3008,0.0975,2.7913,16.2,56.0,0
26.46,1.72,-3.28,-3.8,1.5569,0.0914,5.0243,13.4,67.3,1
2.99,13.09,-8.28,-5.38,1.0861,1.1404,9.8692,4.7,96.7,3
6.14,5.39,3.39,-0.66,1.2334,0.7446,3.4573,9.7,79.1,2
36.16,1.33,-4.85,0.69,0.1924,0.1359,4.8967,19.3,43.8,0
68.16,-0.99,-0.77,-0.24,0.1214,0.0942,0.8006,21.3,33.0,0
17.65,0.83,-4.51,-4.52,0.8955,0.4318,6.3805,13.8,76.1,1
27.6,1.36,0.15,7.34,0.889,0.1758,7.3379,10.4,57.2,1
79.57,1.17,2.25,3.31,0.5365,0.0971,4.0027,22.2,42.0,0
14.34,0.69,2.2,-8.24,1.0163,0.5861,8.5275,16.1,77.6,1
8.88,11.11,-4.24,0.51,0.7076,1.0853,4.2692,9.7,86.4,2
25.94,0.94,-8.15,3.66,0.652,0.3758,8.9402,11.2,55.6,1
22.84,2.7,-6.87,1.78,0.8972,0.3399,7.0986,7.6,81.8,1
42.26,0.17,-1.48,-0.83,0.4411,0.1835,1.7019,19.3,34.7,0
10.13,6.54,11.02,5.82,1.4701,0.7638,12.4599,7.6,82.8,2
3.24,15.88,8.29,-12.35,2.0732,1.6923,14.8752,1.0,83.4,3
7.2,9.92,1.63,2.96,2.4572,0.6707,3.3833,9.8,89.7,2
12.32,3.3,24.65,6.89,0.5948,0.8003,25.5969,9.8,78.9,2
5.0,12.72,5.64,-4.39,1.5415,1.4998,7.1515,4.2,93.9,3
7.32,8.01,5.94,-4.86,0.776,1.2883,7.6812,5.5,94.6,3
5.03,13.24,5.24,-7.26,2.0514,0.6778,8.9516,6.5,87.0,2
25.01,1.14,-0.55,0.63,0.4623,0.3781,0.8344,12.9,73.6,1
48.9,1.36,1.14,1.77,0.2659,0.1324,2.1052,17.2,48.7,0
8.97,3.95,-8.29,-6.98,1.0942,0.8179,10.8342,6.1,78.3,2
13.81,1.91,-5.17,1.6,0.8039,0.5478,5.4156,7.4,64.1,1
42.35,1.43,-6.26,-0.11,0.3659,0.2796,6.2605,15.2,46.6,0
33.28,-0.64,-0.4,4.66,0.3285,0.203,4.679,20.0,52.9,0
8.34,10.31,-2.8,4.97,1.2761,0.6017,5.7047,5.5,84.4,2
7.0,7.79,8.73,4.23,2.5163,0.8268,9.7022,7.1,76.3,2
5.02,4.66,2.84,-2.09,1.9445,0.5579,3.5286,6.4,91.2,2
24.52,1.91,-1.53,6.96,1.4927,0.2474,7.1255,6.0,90.5,1
13.23,4.85,15.26,-4.89,1.1418,0.7275,16.0259,8.9,83.7,2
29.59,-0.84,2.72,-2.33,0.3019,0.0943,3.5832,20.4,50.6,0
22.5,1.9,6.43,1.94,0.8009,0.1637,6.7117,12.9,72.5,1
20.98,2.56,5.5,-6.67,0.5104,0.3106,8.6423,16.3,76.9,1
20.5,3.96,-1.34,0.78,0.7042,0.3598,1.5514,13.9,77.5,1
8.68,3.84,3.76,-3.19,0.8796,0.1094,4.9276,5.7,80.2,2
4.56,8.42,-3.54,4.33,0.5389,1.3729,5.5953,4.3,85.8,2
53.35,0.8,1.18,1.39,0.5084,0.1394,1.8216,20.0,59.8,0
58.37,-0.94,-0.28,1.4,0.4557,0.0363,1.4313,17.2,47.7,0
18.87,3.5,-1.02,-2.48,0.9465,0.3659,2.685,16.9,73.9,1
52.75,0.54,-4.39,-0.86,0.8452,0.2458,4.4721,18.8,40.9,0
36.6,2.2,-28.36,21.37,1.8068,1.1172,35.5145,5.1,79.4,3
7.45,9.88,-11.46,1.42,2.0951,0.8618,11.5433,4.7,83.4,3
13.7,3.58,-8.31,-5.19,0.5455,0.2119,9.797,15.7,74.5,1
51.76,-0.17,-1.15,0.73,0.298,0.1289,1.356,23.1,51.9,0
11.23,9.57,-4.6,-6.21,1.227,0.7427,7.7338,6.2,91.0,2
18.05,1.39,-11.82,-0.13,1.1287,0.6324,11.8187,9.1,77.0,1
21.82,0.52,2.89,-2.38,0.5616,0.1868,3.7395,19.8,47.0,0
6.6,11.54,1.03,0.1,1.664,0.4751,1.0382,5.2,88.0,2
5.04,8.47,1.27,2.15,1.9076,1.3344,2.4997,9.2,78.9,2
60.46,0.85,1.6,0.44,0.5128,0.1956,1.6608,18.0,40.9,0
52.43,0.6,2.29,-1.21,0.1344,0.2843,2.5878,24.3,58.4,0
2.13,14.09,-3.48,2.19,3.3012,0.82,4.1119,1.9,92.4,3
52.02,0.63,-2.93,-3.72,0.2801,0.1579,4.7292,16.8,45.8,0
25.82,0.57,0.47,1.61,0.5168,0.5249,1.6746,17.7,61.0,1
2.79,17.85,6.46,-2.56,2.9288,2.1517,6.9522,4.1,96.8,3
28.72,4.1,15.74,-3.28,2.3101,2.5109,16.0756,4.6,91.7,2
12.34,9.05,-15.72,-10.75,2.105,1.5347,19.0471,4.5,91.3,2
5.9,4.64,3.42,-8.35,1.3818,0.6696,9.029,8.6,73.8,2
6.57,5.51,2.11,-0.95,0.5022,1.0605,2.3137,5.3,86.6,3
5.41,6.69,12.44,5.96,2.7206,1.2085,13.7911,1.2,94.8,3
14.9,5.31,1.32,-7.42,1.2507,0.2817,7.54,7.1,89.5,2
12.91,7.74,-0.33,-9.59,1.5566,0.8516,9.5931,9.0,74.0,2
5.6,10.24,-4.06,-4.32,0.1319,0.7325,5.9298,8.3,81.2,2
4.76,13.79,-1.79,-11.14,0.6282,1.1197,11.2874,5.1,92.6,3
7.39,10.86,12.27,-2.57,1.7961,1.7865,12.5349,1.5,82.5,3
24.24,1.38,-1.85,1.37,0.7791,0.0678,2.304,22.8,40.0,0
61.14,1.07,-2.03,2.04,0.6347,0.299,2.8768,21.1,58.8,0
62.75,1.04,1.49,0.41,0.5374,0.1293,1.5436,15.7,48.9,0
10.63,8.65,13.37,-3.37,2.191,1.1106,13.7923,4.7,82.7,2
26.63,0.39,0.54,-3.55,0.4424,0.1322,3.5875,16.0,44.0,0
15.11,1.08,9.42,-1.41,0.5995,0.7437,9.5253,9.0,60.3,1
24.99,1.58,9.31,4.14,1.0039,0.2579,10.1867,13.3,59.4,1
29.33,-0.68,-2.95,2.25,0.5731,0.1393,3.711,22.1,36.4,0
22.23,3.14,-1.1,-1.05,0.8047,0.3933,1.5216,14.9,80.2,1
7.19,11.43,3.08,-4.67,1.1822,0.6185,5.5951,7.6,89.2,2
54.51,0.61,-3.46,2.46,0.659,0.1747,4.241,24.9,44.5,0
14.92,2.53,2.03,0.12,0.9915,1.3655,2.0361,9.9,86.6,2
32.93,1.43,-29.48,17.16,2.6398,1.0068,34.1113,12.4,70.8,3
42.08,0.79,1.96,-0.13,0.715,0.3693,1.9625,20.8,38.7,0
4.45,8.02,2.37,-0.85,2.2532,0.3729,2.5159,3.8,82.1,3
32.16,2.49,-22.08,18.65,2.8124,0.997,28.9071,10.1,83.4,3
14.34,6.38,5.37,-6.43,2.2157,0.2151,8.3828,4.3,86.9,2
32.19,1.35,-3.66,-1.4,0.5664,0.1985,3.9186,19.4,45.1,0
7.57,4.49,5.34,-6.96,1.623,0.743,8.7791,9.4,84.3,2
32.36,0.09,0.51,2.42,0.2349,0.1997,2.477,20.2,30.1,0
26.16,2.2,7.27,-2.03,0.2819,1.0268,7.5424,14.0,58.0,1
4.64,9.27,4.7,-2.73,1.2791,0.9897,5.4361,6.4,91.1,2
9.3,5.84,0.04,-6.69,2.2646,1.2475,6.6857,9.0,85.1,2
43.73,1.32,-3.54,-1.78,0.4799,0.0952,3.9629,23.8,60.7,0
24.07,2.04,-27.91,-13.74,4.4383,0.5189,31.107,11.2,77.1,3
49.43,0.82,-0.31,-0.33,0.2857,0.0928,0.4524,17.5,61.8,0
11.29,4.95,0.45,1.18,1.869,0.4295,1.2631,3.3,80.1,2
10.44,1.54,-6.92,-2.04,0.6866,0.6978,7.2183,9.0,62.6,1
20.88,2.23,-0.86,-10.47,0.3716,0.2903,10.5017,10.4,77.3,1
49.53,0.49,0.26,1.74,0.3246,0.2146,1.7618,15.7,50.1,0
24.21,1.24,21.66,20.21,2.3485,1.2748,29.6237,11.4,77.5,3
74.7,-0.75,2.63,2.52,0.4245,0.0416,3.6446,20.3,54.3,0
4.23,15.5,8.17,2.26,1.5306,0.396,8.48,2.9,90.2,3
6.87,6.91,4.53,3.66,1.5911,0.5739,5.823,4.0,88.5,3
26.14,1.0,10.9,-3.9,1.0141,0.2908,11.582,13.8,57.6,1
25.71,-0.34,-2.63,3.62,0.2121,0.2039,4.476,20.5,48.9,0
23.56,0.6,-0.12,2.01,0.8738,0.0953,2.0105,12.9,57.3,1
52.21,0.6,3.68,1.74,0.2833,0.1523,4.0751,19.0,56.3,0
71.43,-0.63,1.18,0.81,0.4569,0.3248,1.4324,24.1,55.9,0
64.56,1.27,2.02,0.08,0.6783,0.1626,2.0246,22.9,52.8,0
11.43,1.75,3.59,8.97,0.4859,0.6301,9.6662,14.4,68.2,1
60.26,1.21,1.52,-3.97,0.2992,0.1117,4.2568,15.2,50.9,0
69.0,1.05,-1.83,-1.06,0.9432,0.3051,2.1136,23.3,58.0,0
6.47,13.95,-8.33,-11.78,1.1089,0.7448,14.4248,5.3,96.6,3
11.21,2.7,1.68,3.1,0.6705,0.3213,3.5207,15.5,72.9,1
18.95,4.83,8.39,13.7,4.5554,0.2293,16.0679,5.6,80.3,1
27.52,0.01,-4.35,-5.84,0.527,0.1422,7.2862,24.7,56.2,0
47.0,0.7,-2.87,3.4,0.48,0.3232,4.4487,15.6,34.3,0
68.91,-0.33,-1.93,1.17,0.4126,0.1941,2.2519,21.5,60.0,0
2.07,12.59,9.1,1.93,1.7837,2.5092,9.3062,2.1,92.1,3
15.71,5.48,-3.45,-0.52,0.3928,0.3398,3.4857,6.7,79.5,2
8.45,8.88,-2.86,0.13,3.3553,0.7242,2.8626,6.8,91.4,2
27.74,2.22,-2.16,-3.64,0.2003,0.4634,4.2279,9.3,68.4,1
10.04,8.99,-2.24,-1.86,1.7612,1.0957,2.9061,4.2,83.2,2
13.94,7.93,0.21,10.58,1.3587,0.4329,10.5822,4.2,75.4,2
17.83,1.76,0.91,-2.08,1.2617,0.4338,2.2676,16.6,69.9,1
15.51,7.5,0.04,11.51,0.6104,0.4629,11.5058,8.5,88.5,2
17.7,1.1,-6.72,5.29,1.156,0.4676,8.5529,12.9,75.5,1
55.71,-0.62,-0.28,-1.53,0.3823,0.1106,1.5518,19.7,35.4,0
47.09,1.35,1.48,-0.68,0.4625,0.1915,1.6302,15.9,35.5,0
5.98,7.55,8.82,3.93,1.515,0.9047,9.658,6.4,89.2,2
11.76,4.76,-6.86,-2.55,1.2207,1.0187,7.3177,5.3,83.9,2
14.47,3.64,-0.69,-1.16,0.6601,0.2624,1.3527,9.0,72.1,1
31.03,0.91,-17.96,-13.18,1.7099,0.473,22.2787,6.8,59.8,2
14.38,0.52,5.74,-0.17,1.1175,0.2099,5.7428,14.0,61.1,1
58.17,1.39,-2.85,-0.49,0.7742,0.1242,2.8904,17.4,40.9,0
66.78,-0.12,-2.63,1.63,0.4966,0.1891,3.0884,24.2,42.2,0
7.76,6.55,-6.01,0.46,0.9827,1.0085,6.0315,8.0,72.5,2
17.22,3.88,3.91,0.65,0.4107,0.2804,3.9645,10.1,76.9,1
66.83,-0.73,-0.07,-1.96,0.6289,0.118,1.9625,17.7,50.4,0
2.29,7.2,-2.15,-4.95,3.2839,0.7362,5.3991,5.8,98.0,3
43.38,0.18,1.91,-0.48,0.2819,0.0785,1.9707,16.6,54.3,0
5.39,8.42,-1.75,1.91,1.4,0.8558,2.591,7.8,73.3,2
15.18,5.37,14.36,5.57,1.627,0.5339,15.4064,8.6,90.5,2
51.01,-0.29,-2.58,-0.16,0.1281,0.0598,2.5821,15.3,56.1,0
4.22,12.11,-7.09,5.76,1.2306,1.3029,9.1326,9.9,80.4,2
30.02,2.16,19.78,18.42,0.8583,0.7332,27.0286,5.9,79.7,3
73.99,0.2,-1.78,2.99,0.4643,0.2389,3.4836,18.3,51.7,0
4.22,4.13,-15.24,-2.7,2.5004,0.8028,15.472,3.4,80.2,2
38.55,2.64,24.75,10.85,0.9259,0.8852,27.0268,11.9,68.7,3
44.53,-0.9,2.17,-0.93,0.2426,0.1628,2.3631,20.1,47.1,0
25.05,1.11,-0.48,-0.97,0.6954,0.1446,1.0806,17.0,63.6,0
27.37,3.24,0.6,3.04,1.611,0.3917,3.0947,17.4,65.5,1
4.0,3.48,1.71,-0.15,1.0014,1.7472,1.7202,4.4,86.6,2
39.07,0.51,5.12,-1.52,0.206,0.1119,5.3461,18.5,64.2,0
16.04,2.27,-2.56,-0.11,0.9133,0.5911,2.5672,9.5,73.5,1
6.62,12.34,2.52,4.46,1.701,0.728,5.1188,3.8,82.9,3
2.85,9.78,-2.77,17.75,1.5164,0.7436,17.962,3.3,90.2,3
9.01,5.25,-10.0,-0.38,3.1756,0.514,10.0116,6.5,86.5,2
19.66,2.06,22.44,-16.9,2.7923,1.8975,28.0914,4.4,71.5,3
32.1,0.52,-1.13,1.54,0.1515,0.1471,1.9041,20.1,44.2,0
33.13,0.91,-18.76,20.13,1.5815,0.9619,27.5218,5.6,52.0,3
77.45,0.51,0.5,1.84,0.4405,0.2191,1.9101,19.0,32.9,0
42.12,0.74,2.74,-1.98,0.5617,0.1508,3.3783,15.4,53.6,0
10.02,10.17,9.99,4.69,2.585,0.4166,11.0372,4.2,91.3,2
71.79,0.08,0.5,0.53,0.286,0.1905,0.7278,20.4,33.2,0
18.63,2.3,-2.44,-1.7,0.7068,0.3073,2.9746,17.8,61.6,1
7.54,9.65,-2.46,-6.27,3.1495,1.4205,6.7397,2.2,97.5,3
10.61,6.28,4.83,4.82,0.7963,0.7568,6.8268,8.9,82.2,2
49.38,-0.63,-2.23,-0.44,0.4121,0.1566,2.2763,20.7,38.2,0
4.84,7.23,2.4,-1.08,1.0864,0.9517,2.6312,8.9,76.1,2
2.01,9.79,4.45,1.77,2.3924,0.8237,4.7929,3.1,83.2,3
23.01,3.75,2.75,6.25,0.9507,0.242,6.8273,13.5,78.4,1
27.04,2.08,-23.55,21.95,2.9759,0.9343,32.194,11.5,75.9,3
5.02,15.36,2.59,-4.21,3.9067,1.8643,4.9463,4.7,88.0,3
49.58,0.67,-3.0,1.95,0.3145,0.1293,3.5784,15.1,40.6,0
63.51,0.32,0.48,1.68,0.2883,0.3133,1.7459,18.9,42.4,0
71.78,0.38,-2.28,5.19,0.2353,0.2081,5.6679,20.1,49.1,0
6.18,14.01,-3.11,-4.47,1.5054,0.8178,5.4443,5.0,97.8,3
17.74,2.83,-3.12,-5.06,0.5571,0.1849,5.9473,16.9,55.8,1
9.06,8.08,3.22,7.87,2.2235,0.8188,8.5014,4.4,91.0,2
13.83,3.98,6.65,-3.06,0.6472,0.926,7.3147,13.0,61.8,1
4.62,13.06,-0.19,6.63,0.3899,0.8969,6.6355,8.1,88.7,2
13.71,8.6,1.48,-7.23,1.7364,1.0089,7.3742,9.3,75.0,2
15.59,3.12,3.05,2.54,0.5164,0.2017,3.9731,6.3,56.2,1
11.43,0.93,0.57,0.05,1.1825,0.439,0.5722,13.8,73.3,1
3.57,14.44,-1.5,-1.17,1.7405,1.4577,1.9032,1.2,91.8,3
2.08,10.46,9.7,-5.34,1.7939,1.6427,11.0717,4.0,92.2,3
13.54,7.05,-9.02,-2.3,1.1211,0.7766,9.3037,9.5,89.1,2
37.91,0.51,-2.07,1.02,0.261,0.1437,2.3051,16.5,60.3,0
72.72,1.23,0.24,-0.45,0.3467,0.1791,0.5103,18.8,63.6,0
68.16,0.25,2.61,-0.13,0.2052,0.1195,2.6128,21.4,60.0,0
1.3,21.24,0.75,-4.48,1.4194,1.1383,4.5404,5.3,89.0,3
14.03,5.7,-0.3,-5.69,1.2886,1.2652,5.6998,7.4,74.4,2
70.1,-0.2,0.24,-1.02,0.1973,0.1762,1.0497,15.2,55.7,0
21.64,-0.49,1.3,-1.98,0.5429,0.2026,2.3648,19.8,55.3,0
21.73,2.19,16.56,-16.86,3.738,1.2499,23.6349,12.2,57.0,2
13.14,2.14,-1.56,-3.39,0.9615,0.128,3.728,11.8,62.5,1
39.89,1.22,4.95,0.87,0.2145,0.1111,5.0277,15.1,61.4,0
18.77,2.39,1.39,-3.27,0.4562,0.4567,3.5555,13.2,62.1,1
34.68,-0.34,2.13,2.69,0.1328,0.1062,3.4267,19.6,57.5,0
7.71,10.61,-4.38,5.9,1.2015,0.8886,7.3491,3.4,90.8,3
60.23,0.86,2.46,-0.69,0.1908,0.105,2.5533,24.5,31.1,0
27.92,1.79,0.33,2.3,0.6284,0.3715,2.3284,15.2,59.4,1
16.74,3.57,2.04,-1.45,0.8592,0.393,2.5056,6.9,56.6,1
4.82,6.48,6.17,3.77,4.1385,1.0896,7.2257,3.2,86.2,3
12.69,5.58,-3.3,8.19,0.3986,0.9711,8.8334,5.9,80.5,2
20.72,0.83,-29.97,21.36,3.2574,1.369,36.8004,12.2,56.9,3
9.81,2.52,15.5,-14.04,2.5434,2.1557,20.9121,5.5,80.7,2
27.26,2.96,1.67,-3.72,0.849,0.657,4.081,16.7,80.8,1
77.04,-0.46,-0.39,0.92,0.5523,0.1278,1.0041,20.0,36.7,0
5.84,7.35,6.78,1.11,1.0044,0.7895,6.8717,2.2,85.3,3
78.83,0.5,-1.81,0.33,0.375,0.1406,1.8368,24.1,54.9,0
4.03,17.05,-0.4,-2.78,2.0511,1.5763,2.8113,3.6,92.6,3
29.65,0.75,2.42,1.62,0.6131,0.0614,2.9139,15.0,30.2,0
11.77,2.67,17.5,2.93,1.9016,1.0899,17.742,6.4,86.1,2
59.65,1.32,-0.38,-2.28,0.4147,0.1302,2.3073,19.8,40.2,0
8.59,6.19,8.52,-5.44,1.241,0.7214,10.1083,3.2,83.2,2
24.45,3.36,5.78,0.81,0.9616,0.218,5.8413,8.9,78.5,1
49.7,0.84,-3.46,3.48,0.5747,0.1585,4.9023,20.3,39.4,0
45.17,1.28,-1.28,1.3,0.7818,0.047,1.8238,22.5,49.0,0
15.18,6.77,4.1,0.35,0.9422,1.0639,4.1179,5.2,77.0,2
31.94,0.27,-0.76,-0.0,0.347,0.1217,0.7613,18.3,51.5,0
4.36,12.2,-13.63,6.36,1.662,0.8002,15.0448,5.4,84.8,3
26.53,2.53,0.49,-3.77,0.5148,0.3096,3.8029,11.2,80.9,1
4.52,3.44,-2.23,3.81,0.5618,1.3309,4.4177,8.9,72.0,2
30.33,-0.36,5.4,-2.49,0.3231,0.1127,5.951,15.7,51.1,0
11.96,3.8,17.59,13.28,1.6039,0.558,22.0391,5.3,79.7,2
25.6,-1.86,-6.37,-0.76,1.5574,1.8161,6.4135,7.8,75.1,1
20.16,1.93,-1.38,-3.49,0.622,0.4107,3.7549,14.7,64.7,1
7.04,11.72,1.49,-1.18,1.7773,2.6298,1.9054,4.1,97.2,3
68.46,-0.51,-0.22,-0.73,0.5549,0.1754,0.7584,22.2,35.3,0
18.53,3.81,2.56,2.92,0.8168,0.3504,3.8851,16.3,80.3,1
1.04,7.93,2.43,0.51,1.8152,0.5073,2.48,3.4,82.4,3
76.09,1.24,-3.36,0.69,0.2246,0.2522,3.4266,16.6,55.2,0
15.35,4.59,-2.75,11.17,2.2308,0.6447,11.5067,7.9,85.4,2
70.75,1.17,0.79,0.62,0.2227,0.2347,1.0054,20.9,50.4,0
44.04,0.58,1.05,-0.22,0.7882,0.1541,1.0771,16.8,31.4,0
19.05,2.08,-2.93,1.78,0.6447,0.3621,3.433,14.3,73.3,1
66.68,0.97,-1.38,-1.52,0.7351,0.2046,2.0523,20.2,38.0,0
12.12,2.76,4.42,6.9,0.4524,0.9927,8.1932,17.9,79.5,1
1.11,17.79,-0.73,5.51,2.9547,0.9586,5.5611,4.3,85.5,3
45.37,-0.64,3.0,4.72,0.3024,0.2515,5.5919,18.2,44.8,0
13.81,3.86,3.51,-3.09,0.7613,0.7693,4.6812,4.1,81.3,2
52.81,-0.61,-4.02,-1.44,0.3521,0.1505,4.2759,23.1,52.7,0
7.45,8.9,2.83,-0.43,1.2529,1.1714,2.8653,3.3,94.4,3
5.1,12.61,13.06,-2.29,2.4188,1.9859,13.2561,3.4,97.8,3
6.86,9.57,-6.48,-4.35,2.8165,2.3074,7.8041,5.6,83.2,3
8.7,6.67,2.57,-3.18,1.5662,1.0966,4.0874,5.2,84.2,2
73.08,0.64,-1.6,0.04,0.5879,0.2644,1.6019,22.9,65.0,0
24.32,3.37,1.13,3.28,0.5909,0.4044,3.47,7.8,74.4,1
47.38,0.75,-0.5,-1.63,0.551,0.176,1.7073,19.6,61.9,0
12.57,0.07,-29.63,15.71,2.7594,1.3311,33.5362,14.0,58.6,3
53.92,1.44,0.59,-2.42,0.6968,0.3363,2.4889,22.5,56.8,0
0.9,10.41,6.35,-0.97,1.867,2.5313,6.4277,5.4,89.7,3
12.43,6.82,2.92,0.03,0.5818,0.9655,2.9161,5.4,79.4,2
45.61,-0.98,-2.24,-0.43,0.3782,0.1809,2.2847,22.5,33.2,0
13.23,2.53,-6.33,0.39,0.7032,0.3116,6.3412,7.0,58.8,1
6.05,11.92,16.07,4.66,1.7378,0.9596,16.7349,9.0,89.1,2
4.61,10.12,4.61,13.0,3.0586,1.5577,13.7946,1.5,89.2,3
24.55,3.1,5.18,0.47,0.4986,0.5785,5.2022,11.4,76.6,1
69.62,0.29,3.18,1.54,0.1784,0.0997,3.5344,22.5,63.4,0
18.46,3.4,6.86,2.56,1.0525,0.3492,7.3207,7.9,74.7,1
11.0,5.08,-4.27,1.75,0.2948,0.5885,4.6147,6.1,90.1,2
4.16,11.07,-3.94,-5.69,0.6798,1.2908,6.9241,7.6,73.3,2
26.44,-1.0,0.79,0.12,0.3237,0.2549,0.7955,16.0,42.9,0
13.3,-0.57,-0.63,-2.07,1.8625,1.5279,2.1666,6.3,92.8,1
27.88,0.88,-9.1,5.94,0.8745,0.4316,10.8675,10.0,71.9,1
14.7,0.51,3.57,-2.34,0.5304,0.2594,4.2694,14.0,78.5,1
0.87,7.85,7.73,-4.45,1.9002,1.2426,8.9238,2.7,91.5,3
68.14,0.7,1.02,1.78,0.1692,0.1828,2.0488,24.2,34.0,0
40.78,0.11,-4.0,0.78,0.4695,0.2071,4.0768,24.7,52.1,0
19.91,2.42,2.75,-0.82,0.9611,0.3281,2.8673,8.0,55.5,1
10.57,3.44,2.24,-3.84,1.7185,0.8159,4.4437,3.9,77.8,2
7.36,9.49,-11.63,-7.45,1.414,1.0018,13.8108,3.5,78.2,2
11.98,1.64,3.86,-5.16,0.7792,0.1583,6.4474,8.9,80.2,1
22.89,1.41,1.89,1.37,0.3169,0.6342,2.3294,13.2,74.3,1
20.85,1.85,-4.85,1.76,0.8843,0.4215,5.1578,8.5,68.0,1
5.45,15.48,-4.42,-5.48,1.3253,1.1275,7.0403,1.7,92.4,3
22.51,1.77,2.23,-2.0,0.4273,0.3425,2.9933,8.4,75.7,1
5.69,9.64,-4.94,-6.82,2.2745,0.5271,8.4199,9.3,83.5,2
12.33,7.01,-1.44,-8.28,1.092,0.4651,8.4005,6.6,79.9,2
22.61,5.91,-10.02,12.31,4.1232,1.3102,15.8771,3.4,85.1,2
27.44,-0.64,-0.37,3.72,0.1774,0.2386,3.742,23.0,37.4,0
26.94,3.25,1.31,-1.42,0.7662,0.2325,1.9327,11.3,66.4,1
5.01,14.53,6.49,3.63,2.4354,1.5201,7.4302,5.7,90.1,3
39.92,1.28,25.12,15.71,1.8272,1.1553,29.6259,8.4,65.4,3
19.26,2.57,23.11,19.93,3.1371,1.0445,30.5131,12.0,75.4,3
56.33,0.64,-3.72,2.32,0.2042,0.1027,4.3841,23.4,63.7,0
33.01,1.92,-25.29,19.33,5.3598,1.3618,31.8371,10.0,62.6,3
6.59,11.0,1.73,-0.02,1.6743,1.6021,1.7325,5.9,93.9,3
15.77,6.88,11.77,-10.9,1.16,0.364,16.0425,6.2,87.6,2
14.07,3.92,-6.01,4.59,2.4152,1.4641,7.5631,6.8,87.7,2
4.44,6.63,-11.47,-5.12,1.8875,0.5235,12.5624,4.2,82.3,3
57.72,1.04,-2.43,-1.02,0.429,0.1717,2.6329,24.2,41.8,0
6.16,12.94,3.57,-0.09,2.2273,0.3319,3.5665,2.0,92.5,3
14.71,3.17,-1.13,7.08,0.359,0.2836,7.1728,7.0,60.3,1
26.13,1.41,-4.07,3.48,0.9233,0.5145,5.3539,18.0,58.7,1
22.65,2.96,24.26,-17.39,1.8158,0.9456,29.8479,11.3,78.4,3
74.17,-0.68,-1.32,-1.59,0.5789,0.07,2.0666,17.2,34.5,0
7.75,7.06,-1.7,4.1,0.4655,0.3661,4.4386,5.5,77.7,2
23.95,2.4,1.83,3.1,0.9664,0.2666,3.5996,8.7,55.4,1
6.12,10.91,-1.55,-2.23,1.4882,1.8425,2.7155,1.7,92.7,3
24.26,3.97,-0.19,-0.99,0.4925,0.4046,1.0092,6.1,74.7,1
10.49,7.31,-1.55,-3.7,2.1901,0.459,4.0079,8.6,77.8,2
19.79,0.87,-4.24,-7.79,0.6573,0.5613,8.8652,8.7,57.4,1
74.01,-0.39,3.53,-2.13,0.5985,0.0989,4.1204,21.8,47.2,0
5.81,6.2,-3.95,4.3,1.3476,0.7475,5.8397,4.9,72.3,2
12.58,4.65,-13.71,-1.59,1.5307,1.0403,13.7985,9.2,73.7,2
2.68,16.11,12.69,4.71,2.9563,1.039,13.5389,1.7,95.2,3
77.66,0.7,3.07,0.28,0.378,0.0879,3.083,16.2,42.9,0
38.86,1.39,-2.68,0.54,0.4603,0.1864,2.7324,16.0,53.6,0
71.08,1.2,1.61,0.24,0.5714,0.1913,1.6264,17.7,58.8,0
24.79,1.92,-1.46,-1.7,0.7017,0.3701,2.2458,16.3,78.4,1
12.91,3.35,-6.88,1.36,0.5308,0.2119,7.0154,13.6,68.9,1
10.15,3.92,-0.9,-10.27,0.7846,0.3513,10.308,10.2,73.4,1
39.48,-0.84,-0.93,3.07,0.4166,0.24,3.2047,15.1,41.9,0
9.84,4.17,-2.87,-1.14,0.8766,0.7078,3.0861,8.9,90.5,2
27.25,0.3,18.54,-16.11,1.6258,0.585,24.5591,5.3,60.2,2
10.15,2.44,-10.32,-5.56,0.4768,0.7655,11.7238,12.0,64.9,1
24.92,3.04,-4.19,5.81,1.7177,0.1735,7.1642,9.4,69.4,1
7.49,4.8,4.12,1.07,0.322,0.7648,4.2544,7.6,86.8,2
61.61,1.32,0.41,-1.38,0.2147,0.2158,1.4427,24.5,63.2,0
72.19,1.24,-3.07,-2.06,0.4741,0.035,3.7015,21.9,54.1,0
78.3,-0.91,1.25,-2.35,0.188,0.2265,2.6646,18.2,59.2,0
21.09,5.24,1.7,12.39,2.9246,2.3026,12.505,6.4,83.1,1
10.35,9.36,-5.05,-16.25,0.2269,0.8537,17.0132,8.1,79.7,2
41.41,-0.96,-1.61,2.54,0.4258,0.0561,3.0022,15.9,55.4,0
24.45,3.31,0.69,-2.39,0.6467,0.547,2.4882,14.0,75.4,1
58.56,0.06,-1.65,1.3,0.3746,0.1737,2.1007,20.1,53.2,0
40.22,0.07,-3.62,3.05,0.6177,0.0636,4.7303,18.6,41.6,0
4.77,11.4,11.47,11.8,1.8958,0.8654,16.4547,5.4,72.5,2
29.19,0.52,-0.42,-0.09,0.1442,0.1938,0.4257,18.7,61.3,0
9.77,3.01,-14.7,-7.04,1.5625,1.3687,16.3015,3.7,72.8,2
78.77,1.13,1.86,-0.42,0.6332,0.1475,1.9052,21.7,59.2,0
6.93,11.73,6.93,3.75,1.7286,2.463,7.8779,4.9,86.8,3
31.78,1.26,25.48,12.99,0.846,0.7878,28.6022,11.2,58.8,3
12.21,8.08,-4.24,-16.09,1.0405,0.6092,16.6358,9.6,80.3,2
17.25,2.91,-3.9,3.45,1.0985,0.8412,5.21,9.7,66.5,1
23.71,2.6,-3.39,1.19,1.0245,0.3205,3.5914,16.3,62.4,1
6.57,6.54,-0.51,0.16,1.562,0.8483,0.5362,2.0,83.3,3
24.5,-0.39,-1.25,1.92,0.5691,0.0552,2.2875,23.1,54.3,0
13.88,0.61,0.08,-3.63,0.7055,0.5271,3.6311,13.5,72.6,1
20.26,3.14,-0.58,1.78,0.631,0.4848,1.8731,9.9,76.4,1
4.3,12.59,-4.08,-1.51,3.0069,1.6441,4.3468,2.3,94.8,3
24.44,2.37,0.17,-0.45,0.6061,0.4934,0.4853,9.7,79.3,1
13.15,5.12,10.47,-3.88,1.2687,0.5712,11.1626,6.1,82.7,2
59.17,-0.06,-1.59,-3.33,0.5544,0.1817,3.6883,18.7,34.2,0
70.05,0.41,-1.08,0.82,0.3299,0.1782,1.3537,22.9,53.6,0
12.88,2.6,-29.64,-10.27,3.0992,1.2959,31.371,7.8,51.5,3
57.57,-0.84,-1.41,-2.3,0.4028,0.1651,2.6957,21.6,30.4,0
24.65,0.64,2.03,-8.8,0.1707,0.5555,9.0314,12.6,62.7,1
22.25,2.77,11.95,-0.08,1.5293,0.2791,11.9546,6.2,70.7,1
26.32,3.57,0.19,-3.45,0.7211,0.4339,3.4553,10.6,58.0,1
12.6,1.53,17.95,-18.49,2.3348,0.8753,25.7695,4.9,63.8,3
24.65,2.44,7.04,-1.45,0.3673,0.6452,7.1867,6.2,76.9,1
62.39,-0.84,-2.61,1.37,0.4317,0.1862,2.9528,23.6,56.8,0
70.33,-0.99,1.24,-2.17,0.3146,0.1116,2.5001,23.1,60.7,0
22.28,1.48,-3.4,-2.04,0.5815,0.2327,3.96,21.8,42.5,0
17.54,0.64,6.09,-2.39,0.3655,0.2576,6.5378,9.3,80.7,1
46.12,1.49,-3.3,-2.72,0.6627,0.1024,4.2779,18.3,39.7,0
24.85,0.87,2.29,-4.41,0.9652,0.441,4.9673,17.9,76.1,1
13.13,2.97,-6.84,-6.37,0.7978,0.7604,9.3449,8.4,60.8,1
27.46,0.42,-0.85,1.41,0.394,0.1216,1.6478,23.4,37.6,0
21.54,3.94,0.38,6.42,0.8868,0.3417,6.4323,10.3,57.4,1
13.98,3.15,-5.91,-10.65,1.4916,1.42,12.182,9.1,86.0,2
2.55,19.49,-0.5,-2.5,2.1018,1.8098,2.5478,5.5,88.7,3
9.86,5.81,3.47,12.27,0.7366,0.7814,12.7475,3.7,83.8,2
11.08,8.16,-4.55,-12.05,0.8836,0.5376,12.8844,8.9,80.9,2
56.71,0.26,0.12,-1.78,0.3916,0.1998,1.7828,23.9,30.4,0
67.03,1.31,-0.66,-1.25,0.4281,0.0808,1.4103,19.3,38.1,0
23.07,3.41,0.26,4.34,0.9157,0.3227,4.3482,13.7,78.1,1
41.49,1.24,-0.97,-0.56,0.3624,0.2169,1.1172,20.1,44.5,0
27.67,1.26,1.65,-2.04,0.1082,0.1061,2.6286,15.9,53.1,0
31.14,0.48,4.17,-0.73,0.218,0.0807,4.2303,23.4,52.5,0
12.62,0.88,-1.26,-0.18,0.5079,0.5752,1.2695,14.2,75.0,1
73.88,-0.28,1.16,-0.26,0.6174,0.1406,1.1874,17.9,63.9,0
27.44,3.42,2.74,2.22,0.4819,0.5356,3.5226,14.6,62.2,1
75.44,-0.47,5.87,0.81,0.7944,0.1156,5.9263,18.6,35.7,0
27.77,1.87,-3.81,3.17,0.7595,0.5083,4.9577,10.4,67.4,1
16.19,3.15,-2.01,-1.98,1.0848,0.2739,2.8172,15.1,56.6,1
43.96,-0.45,2.98,-0.04,0.2361,0.1377,2.984,15.6,43.4,0
25.87,2.87,2.07,-1.51,1.0811,0.4147,2.5655,7.3,75.9,1
1.56,12.0,-2.26,-1.76,1.8497,1.0744,2.8659,2.0,84.1,3
4.05,10.19,-0.48,-0.12,1.4846,0.821,0.4914,9.7,79.1,2
8.47,4.87,0.47,-5.46,1.0111,1.2868,5.4795,6.9,81.2,2
7.86,9.3,-3.39,-11.46,1.7886,1.7806,11.9543,2.1,89.6,3
70.07,1.12,-2.51,-0.37,0.5019,0.2372,2.5352,20.6,39.4,0
60.19,1.4,-2.15,-0.75,0.4417,0.1096,2.2809,22.6,48.6,0
10.53,3.01,-4.57,-1.82,0.5657,0.4254,4.9202,9.1,79.1,1
20.25,0.51,1.08,-1.43,0.8748,0.685,1.7901,15.6,80.0,1
39.07,-0.89,1.18,3.21,0.4657,0.1731,3.4208,20.0,52.4,0
23.86,2.52,11.06,4.85,0.3478,0.2507,12.0783,8.3,72.0,1
67.06,1.11,-1.35,-1.11,0.7316,0.147,1.7521,20.9,31.0,0
25.12,0.85,-4.85,-1.02,0.8103,0.5651,4.9547,6.7,55.6,1
52.3,-0.68,4.35,-0.42,0.3689,0.2311,4.367,22.2,52.6,0
13.23,7.9,9.88,5.14,1.2405,0.4956,11.14,3.4,72.5,2
19.61,1.35,2.57,-0.84,0.3475,0.3859,2.6997,9.0,65.7,1
79.65,0.74,-2.4,3.68,0.5441,0.2686,4.3957,18.7,44.3,0
70.05,-0.2,-2.58,-1.08,0.6076,0.1468,2.8023,21.8,57.7,0
76.2,1.12,-1.44,0.78,0.6364,0.1384,1.636,17.6,53.5,0
8.98,11.11,-3.55,7.91,0.953,0.9231,8.6673,5.9,78.2,2
27.95,-0.3,0.27,-0.26,0.2092,0.1843,0.3738,17.6,54.5,0
56.29,-0.62,-0.39,-3.53,0.4148,0.0846,3.5555,17.7,37.1,0
14.46,3.16,-10.13,5.97,1.1347,1.0412,11.7575,5.7,82.8,2
4.29,13.6,-4.77,0.41,1.3112,0.9686,4.7845,5.5,92.8,3
14.52,3.99,-12.4,-1.37,1.3646,0.4947,12.4734,6.8,79.4,1
17.08,3.97,0.18,0.71,0.6636,0.545,0.7382,14.1,65.5,1
36.86,-0.02,-3.69,-1.71,0.5776,0.1101,4.066,22.5,58.6,0
17.19,1.84,6.6,1.41,1.0294,0.3312,6.7543,8.3,73.2,1
17.42,-0.8,-8.84,2.0,0.5982,1.262,9.061,5.8,83.8,1
33.93,0.43,-2.62,0.21,0.5501,0.1147,2.6323,24.2,49.9,0
17.84,3.6,-4.12,-2.78,0.445,0.9788,4.9706,10.2,68.6,1
8.08,9.81,-3.83,-4.43,1.0965,1.0504,5.8538,9.2,75.7,2
15.89,1.94,11.09,2.38,1.2969,0.2388,11.3482,12.8,65.7,1
25.26,1.74,-4.44,2.25,1.8784,0.4348,4.9745,7.7,68.4,1
21.44,1.88,-15.48,-8.02,4.7806,3.0431,17.4345,5.0,84.2,2
2.39,19.57,-2.82,-6.5,1.5371,1.5016,7.0861,1.5,92.0,3
39.95,1.02,1.11,-0.14,0.619,0.1385,1.1148,19.7,55.3,0
16.63,3.92,6.44,7.81,0.1038,0.4678,10.1226,16.8,77.0,1
79.0,1.29,2.59,1.95,0.6309,0.1658,3.2423,22.2,45.9,0
15.85,1.98,17.17,-15.52,2.7382,0.7298,23.1429,10.6,69.7,2
5.64,11.11,-1.64,-5.66,0.5918,2.4519,5.8928,1.7,82.3,3
76.98,1.33,-0.06,4.16,0.1654,0.13,4.1562,22.5,38.3,0
10.62,2.59,-10.53,1.77,1.9718,0.3793,10.6784,3.9,91.4,2
17.22,1.39,-0.48,-1.61,0.7609,0.2676,1.6768,9.6,74.7,1
1.43,14.62,1.41,-5.5,0.8975,1.9238,5.6823,1.8,82.4,3
2.64,20.0,-9.05,7.77,2.1749,0.6983,11.9318,2.1,88.6,3
13.68,5.82,12.25,-11.69,2.0683,1.0683,16.9321,9.7,81.3,2
5.45,5.91,9.45,7.65,3.3777,1.9637,12.1601,5.1,94.5,3
16.23,2.48,-1.74,-1.76,0.4185,0.6665,2.4791,17.6,67.3,1
48.29,1.15,3.54,0.1,0.2392,0.1317,3.5439,23.6,56.6,0
40.06,-0.37,1.44,0.93,0.2046,0.2314,1.7094,21.2,56.7,0
22.82,-0.95,1.72,-1.28,0.5643,0.1073,2.145,21.2,34.2,0
12.89,3.23,-16.53,11.9,1.2891,0.9275,20.3656,7.7,86.8,2
57.52,-0.65,-0.17,0.23,0.8557,0.2027,0.2845,20.9,54.5,0
77.8,-0.31,-1.29,-0.82,0.3927,0.1091,1.5265,17.9,63.1,0
42.29,1.48,-0.95,2.18,0.1745,0.2104,2.3761,17.2,58.7,0
6.72,4.6,-20.48,1.84,1.8456,0.9491,20.5657,6.5,91.4,2
23.45,0.3,2.34,3.5,0.2588,0.088,4.2046,24.6,60.3,0
54.45,0.22,-2.33,-1.22,0.6006,0.2285,2.6329,23.1,57.0,0
75.66,-0.59,-2.08,-2.1,0.1539,0.2371,2.9554,18.6,47.1,0
60.03,-0.89,-2.68,1.65,0.2554,0.1036,3.1453,15.1,56.1,0
4.02,14.23,3.57,1.05,3.5564,1.4955,3.7199,1.8,95.0,3
23.29,1.47,1.57,1.06,0.7668,0.401,1.8929,10.9,76.9,1
7.03,11.66,12.34,6.66,1.1884,0.6154,14.0239,4.0,91.3,2
17.6,0.57,4.79,2.64,0.6545,0.2335,5.4675,17.6,71.5,1
62.49,0.91,0.47,-0.14,0.4076,0.1702,0.4878,18.7,50.4,0
27.39,3.71,3.98,-0.11,0.8092,0.967,3.9805,18.0,75.2,1
15.14,4.28,8.6,10.31,0.8297,0.5989,13.4243,3.4,75.5,2
5.8,13.54,-6.39,-5.63,2.3062,0.9687,8.5158,2.4,83.6,3
25.8,0.7,2.53,0.06,0.7587,0.4483,2.5347,8.3,71.6,1
39.84,-0.32,1.49,0.16,0.4478,0.1606,1.5028,23.7,36.6,0
39.98,0.69,-0.55,-1.47,0.1641,0.135,1.5705,15.5,48.5,0
3.18,12.9,3.77,14.01,1.3762,0.7977,14.5118,3.1,95.1,3
26.81,-0.52,0.13,3.75,0.4672,0.0815,3.7486,16.4,39.0,0
20.55,0.26,-2.42,1.98,0.4748,0.1272,3.1322,15.1,48.5,0
18.44,1.75,-7.72,7.18,1.783,0.5097,10.5452,8.4,57.6,1
14.49,5.61,2.01,5.65,1.9283,0.4715,5.9966,5.6,80.8,2
13.7,5.28,2.06,9.74,0.7764,0.1928,9.9567,6.1,88.3,2
14.52,3.54,-0.98,-0.15,1.8703,0.1874,0.996,15.2,65.7,1
28.48,3.13,-9.07,-11.77,3.8126,3.2296,14.8586,6.7,88.1,1
75.6,0.09,-4.63,1.02,0.3035,0.2172,4.7377,15.4,33.7,0
23.48,3.38,0.85,0.5,1.1001,0.2368,0.9861,17.7,56.8,1
21.14,0.97,0.12,3.13,0.3389,0.1315,3.1286,23.6,30.8,0
2.34,9.49,-0.63,-7.97,1.2004,1.2541,7.9994,2.6,96.2,3
13.49,1.84,-3.3,-2.96,1.2337,0.7287,4.4358,10.9,61.2,1
21.1,2.82,-1.47,-1.51,1.0142,0.3941,2.1124,9.9,76.3,1
25.0,0.78,2.72,-1.02,0.821,0.6555,2.9057,12.3,69.6,1
18.73,1.22,4.43,-3.09,0.4515,0.1651,5.4016,16.9,55.1,1
12.97,2.32,-25.25,-16.63,1.2416,0.9,30.2373,5.5,74.2,3
5.45,4.83,5.95,7.37,0.7778,0.9166,9.4664,8.6,82.7,2
4.55,5.43,-7.37,7.07,1.6824,0.4934,10.2125,3.0,87.5,2
19.34,1.08,4.8,-0.62,0.7542,0.5262,4.8368,16.4,72.5,1
8.77,6.39,10.0,-4.65,0.7227,0.39,11.0294,7.3,76.3,2
20.8,2.44,-2.97,-5.74,1.1981,0.5909,6.4674,12.8,65.9,1
9.71,10.59,6.54,3.83,0.5749,0.9947,7.5797,3.6,72.3,2
79.6,-0.25,-0.55,1.35,0.1477,0.1873,1.4547,20.6,62.4,0
48.24,1.43,-1.07,-0.82,0.6935,0.1821,1.3439,20.1,57.3,0
54.36,0.26,-4.04,-5.46,0.4339,0.1455,6.7921,21.2,45.8,0
31.92,1.22,1.15,-1.06,0.4282,0.0739,1.5618,22.9,30.3,0
11.09,1.73,5.04,4.46,1.1123,0.9609,6.7265,10.5,55.5,1
4.75,10.96,2.48,-1.83,1.5234,0.9174,3.083,7.1,77.1,2
3.38,7.2,-4.8,-0.88,1.355,1.7583,4.8788,3.2,92.2,3
4.63,6.97,1.45,-7.74,1.0649,0.987,7.8756,1.1,92.6,3
19.6,6.66,-5.72,3.72,1.6043,1.9721,6.8262,7.8,78.4,1
49.42,-0.93,2.81,0.56,0.3498,0.159,2.8601,24.2,45.9,0
4.87,9.57,5.21,-1.35,1.1284,1.234,5.3827,5.7,79.7,2
23.67,3.6,5.92,6.33,0.6506,0.0799,8.6707,16.2,63.0,1
4.55,8.76,0.17,1.94,1.2095,0.3858,1.9482,3.8,82.6,3
30.45,-0.19,1.67,2.98,0.4972,0.3382,3.4186,19.5,30.5,0
20.78,0.82,-3.72,-0.11,0.2373,0.6322,3.725,15.9,64.1,1
22.58,2.4,-20.42,-21.07,3.4559,0.8887,29.3393,5.7,70.3,3
5.51,7.65,-0.06,-1.74,1.9826,1.5359,1.744,4.5,91.1,3
3.01,12.86,1.8,1.37,0.9845,1.3869,2.2651,4.1,91.1,3
26.14,1.5,-5.73,4.75,1.1743,0.2748,7.4415,12.8,56.2,1
12.16,3.95,-23.94,18.83,2.7857,1.989,30.4535,6.0,78.2,2
0.5,4.77,-13.02,3.33,2.8285,2.2208,13.4416,4.9,78.8,2
38.02,0.63,1.75,0.35,0.231,0.2752,1.7862,19.5,43.9,0
12.79,8.02,-7.71,-4.26,1.1261,0.6425,8.8046,4.2,83.1,2
6.45,9.91,-10.87,-11.43,0.2469,1.1594,15.7737,8.0,75.0,2
63.03,0.19,3.71,0.84,0.3441,0.2919,3.8028,21.6,50.0,0
23.65,3.79,-7.47,-2.12,1.1558,0.2777,7.7644,6.8,68.5,1
2.11,18.6,-5.52,-1.3,2.092,0.9651,5.6674,3.5,83.7,3
16.52,1.44,6.05,-5.4,0.5678,0.6259,8.1081,7.8,59.5,1
15.6,7.01,-7.45,1.14,3.0395,2.3659,7.5373,2.8,80.5,1
29.93,1.8,-20.69,18.82,3.9099,1.3883,27.9639,6.0,63.3,3
31.91,-0.5,-1.67,-1.29,0.538,0.1566,2.1127,22.3,60.0,0
50.45,1.22,0.18,-0.69,0.2477,0.1357,0.7167,24.1,39.4,0
17.73,1.11,-0.3,-0.6,1.9305,0.5163,0.6677,12.3,55.1,1
11.09,3.01,2.79,0.22,1.1382,0.463,2.8033,7.8,79.9,1
14.12,2.75,12.28,2.44,0.13,1.6721,12.5194,5.6,74.4,2
1.39,19.35,3.31,2.07,1.9457,0.769,3.9052,3.6,84.8,3
21.05,1.05,-0.04,0.15,0.4237,0.2744,0.1589,19.3,31.0,0
12.94,1.41,1.67,-4.8,0.8973,0.1478,5.078,16.3,63.1,1
61.87,0.26,5.06,1.43,0.4191,0.281,5.2617,17.3,56.0,0
15.86,7.18,8.25,-9.02,1.7176,0.9094,12.2218,4.3,90.8,2
79.22,-0.72,2.25,0.71,0.3945,0.0944,2.356,22.4,45.9,0
26.85,0.94,1.06,-1.71,0.1001,0.1318,2.0156,23.3,56.3,0
22.97,-0.78,-0.96,4.66,0.6797,0.1532,4.7564,22.5,50.6,0
15.77,1.93,-1.0,-1.8,0.8437,0.7084,2.0643,16.9,60.8,1
74.09,-0.52,0.05,-1.07,0.4718,0.087,1.0678,16.9,60.9,0
48.47,0.29,0.94,-3.28,0.3368,0.1908,3.4144,22.0,37.3,0
8.78,9.25,9.15,2.48,1.6858,0.2416,9.4801,7.9,84.0,2
61.94,-0.3,-2.63,3.55,0.2206,0.26,4.4159,22.1,52.2,0
58.75,0.05,2.45,-0.09,0.688,0.164,2.4538,21.5,42.2,0
9.62,9.1,0.46,-1.14,1.588,1.5954,1.2264,5.2,73.8,2
7.01,3.09,0.93,0.1,0.6651,0.3338,0.9345,3.6,82.3,2
4.05,7.09,-4.43,6.74,1.2002,2.0896,8.0642,5.8,93.6,3
6.82,11.2,4.52,-5.35,1.731,0.5108,7.0103,6.1,79.6,2
60.07,0.74,3.36,-0.31,0.4775,0.0675,3.3754,19.5,57.6,0
63.69,-0.15,0.9,-1.56,0.397,0.2501,1.8001,21.1,41.5,0
63.53,-0.57,-3.3,3.51,0.4539,0.1551,4.8183,19.3,57.0,0
14.51,1.7,2.94,8.2,1.3997,0.594,8.7089,9.5,58.0,1
7.24,6.45,-3.07,1.83,1.4324,1.6065,3.5757,1.3,92.6,3
28.51,-0.71,1.26,0.29,0.5693,0.3066,1.29,21.1,56.7,0
6.71,10.97,-3.55,5.11,0.3479,1.9601,6.2277,2.7,87.2,3
7.55,7.9,-5.55,4.96,1.0093,1.588,7.4446,2.3,93.7,3
3.59,8.42,-0.7,3.46,0.9297,2.3318,3.5287,3.5,93.8,3
16.19,0.84,13.0,2.85,0.5957,0.2257,13.3083,16.4,59.6,1
18.09,6.09,-2.54,-0.11,3.2836,2.6439,2.5464,2.3,82.6,1
12.93,0.07,-22.46,18.94,1.9568,0.5528,29.3828,6.8,68.5,3
2.4,11.1,7.42,-6.02,0.7828,1.7717,9.5572,1.3,92.9,3
11.87,0.58,2.15,-7.67,1.2229,0.1945,7.9601,10.9,61.5,1
64.58,-0.97,1.56,0.26,0.7757,0.2418,1.5852,24.1,30.7,0
11.77,0.72,-1.07,2.0,0.7562,0.4046,2.2682,8.2,61.8,1
16.26,1.6,23.37,11.26,2.0359,0.3683,25.9423,10.1,80.7,3
31.01,0.42,-4.73,2.99,0.6081,0.2626,5.6011,22.0,55.3,0
4.54,14.83,5.08,4.02,1.0298,0.7283,6.4839,4.6,87.4,3
44.87,0.38,-2.35,-0.86,0.4918,0.2237,2.4966,22.1,64.4,0
30.95,-0.63,-35.36,-17.64,3.3297,1.6046,39.5112,5.0,76.3,2
27.8,-0.49,-3.58,1.3,0.4771,0.1599,3.8091,17.8,30.3,0
7.85,8.79,-3.43,3.31,2.3847,0.6971,4.7697,4.5,96.5,3
12.07,8.47,5.29,2.92,2.353,0.7062,6.0446,7.3,82.4,2
13.21,3.97,2.34,9.87,0.8245,0.4973,10.1423,9.9,76.4,1
15.09,7.57,-7.66,4.88,0.92,0.7408,9.0769,7.5,83.2,2
11.86,0.94,0.81,2.76,1.467,0.3276,2.8732,8.9,63.6,1
13.61,5.76,11.92,-2.06,1.1631,0.9686,12.0967,4.8,87.4,2
16.56,1.09,4.64,3.44,1.0729,0.2582,5.7725,16.6,76.4,1
14.07,0.97,21.27,15.98,1.0191,0.9238,26.6098,7.1,74.8,3
58.84,-0.36,2.18,0.82,0.2036,0.2029,2.3282,16.1,38.3,0
29.25,0.78,-4.05,1.11,0.5743,0.1852,4.2027,15.8,45.3,0
6.81,10.33,2.53,4.55,0.4837,0.7021,5.2108,4.3,74.1,2
51.9,-0.04,-0.65,-1.02,0.7087,0.1652,1.2066,19.5,31.7,0
43.68,-0.07,3.14,-0.51,0.517,0.0535,3.1785,18.2,48.6,0
78.45,-0.53,-0.57,0.51,0.2143,0.1939,0.7697,17.4,32.8,0
16.48,2.32,-7.03,2.77,0.2925,0.6827,7.5577,8.7,72.7,1
18.22,0.99,3.51,0.99,0.7464,0.1198,3.6463,16.7,64.6,1
30.11,0.25,1.78,1.2,0.181,0.179,2.1449,17.8,48.8,0
22.34,3.09,-5.0,4.23,1.0767,0.5817,6.5465,15.8,74.4,1
20.52,1.9,3.36,3.03,1.2181,0.2934,4.5291,8.5,57.7,1
19.84,1.52,-0.62,-5.05,0.9774,0.6129,5.0849,16.0,59.6,1
66.3,-0.88,-2.02,3.97,0.6781,0.2219,4.4503,24.3,44.1,0
48.0,0.63,-3.75,1.77,0.5486,0.2797,4.1465,21.8,51.6,0
76.18,-0.46,-0.84,0.86,0.3374,0.1851,1.197,22.4,43.3,0
35.29,0.19,-23.38,12.85,1.2947,1.6372,26.6759,5.9,75.5,3
11.37,1.1,13.91,-0.14,1.1124,0.7424,13.9156,15.1,59.8,1
6.97,5.57,1.82,4.15,1.8881,2.2409,4.538,3.0,82.1,3
10.94,7.01,-0.38,4.86,1.4763,0.9898,4.8705,8.1,88.5,2
3.8,10.35,10.03,-2.09,2.1648,0.6937,10.2416,5.1,93.3,3
3.37,2.11,6.37,-8.81,4.5515,1.8674,10.8661,7.6,89.6,2
61.73,0.07,-1.22,0.48,0.6676,0.1076,1.3121,15.6,38.1,0
20.95,0.73,-0.1,-0.1,0.653,0.1807,0.1406,22.6,48.8,0
19.86,0.62,0.59,-4.3,0.7469,0.2347,4.3411,12.8,77.3,1
7.52,8.66,-3.12,-1.24,1.0188,1.7799,3.3553,4.0,88.1,3
11.75,2.99,-8.44,-8.07,2.2028,0.8873,11.671,7.6,81.8,2
7.83,11.84,0.83,1.17,3.0853,1.4084,1.4372,1.9,84.3,3
34.78,0.63,2.97,-2.84,0.3543,0.0967,4.1126,17.9,43.8,0
0.62,10.95,-11.05,-1.53,0.728,1.306,11.1524,4.1,93.9,3
6.03,4.94,-0.02,1.15,1.7916,0.99,1.1482,6.3,88.9,2
10.5,7.97,14.75,-1.12,1.1351,0.4134,14.794,9.6,90.6,2
45.74,-0.7,1.4,1.18,0.5587,0.0809,1.8311,19.5,44.6,0
78.02,-0.13,1.15,-2.14,0.339,0.2673,2.4315,18.2,56.2,0
10.23,2.59,-21.18,12.4,2.1883,1.1654,24.5464,11.1,57.0,2
76.37,-0.73,-0.59,-1.86,0.6585,0.1313,1.9522,15.2,41.2,0
3.07,13.46,-8.32,-0.8,0.6192,1.3344,8.3627,3.2,83.0,3
0.7,21.81,18.61,-3.03,2.5466,1.9775,18.8581,5.3,96.1,3
27.55,2.55,19.9,11.22,1.7078,1.5505,22.8496,14.0,54.1,2
39.36,-0.88,-6.19,3.57,0.5586,0.15,7.1427,15.4,52.4,0
4.18,16.27,-17.02,-4.73,2.2591,1.1626,17.6625,2.5,93.1,3
30.11,1.41,-0.24,-0.04,0.2246,0.2599,0.2402,16.9,51.7,0
47.47,0.66,0.41,-2.59,0.623,0.0802,2.6258,16.8,30.9,0
65.81,-0.78,1.58,2.05,0.3793,0.1489,2.5911,15.3,55.2,0
13.47,0.99,-3.56,-3.58,0.8967,0.2764,5.0474,15.0,74.6,1
71.42,0.22,3.34,-0.07,0.2462,0.1848,3.3452,20.8,61.2,0
10.14,0.52,5.21,3.24,1.0637,0.6011,6.1384,8.6,75.5,1
11.75,0.66,-23.13,-14.14,4.175,1.1709,27.11,14.8,62.2,3
73.68,1.06,-0.18,0.12,0.4216,0.255,0.2168,22.7,61.2,0
21.55,2.05,22.2,-17.67,2.3902,1.0525,28.3772,9.9,82.1,3
0.53,21.41,4.13,-3.88,3.6093,1.4689,5.6683,5.3,90.3,3
14.99,3.57,-2.26,-0.75,0.5823,0.7483,2.3773,8.2,55.8,1
13.65,7.21,11.87,8.2,2.1376,0.747,14.4235,3.7,89.6,2
14.16,7.91,-1.91,5.8,0.4793,1.2865,6.1032,8.8,82.5,2
9.2,6.3,-8.45,-7.93,1.7065,0.5963,11.5929,9.1,86.4,2
66.41,0.91,0.09,1.67,0.4965,0.1273,1.668,18.8,35.9,0
69.28,-0.04,-2.29,-1.02,0.4614,0.156,2.5028,24.9,30.6,0
4.32,6.02,4.54,1.87,0.7941,0.6289,4.9129,5.7,80.3,2
21.75,3.13,18.11,10.88,6.0581,1.1698,21.1231,5.2,84.1,2
35.78,1.16,4.05,-0.14,0.4196,0.1228,4.0536,20.1,39.7,0
22.14,3.88,-2.73,5.16,0.7152,0.1338,5.8364,14.2,72.8,1
27.94,1.15,1.65,-2.25,0.2295,0.1493,2.7935,22.5,32.3,0
45.3,0.6,1.34,-1.22,0.2411,0.2244,1.8108,24.8,32.9,0
62.69,1.28,1.35,1.83,0.4933,0.1861,2.2722,20.4,36.0,0
62.08,-0.58,-2.15,1.23,0.3522,0.2396,2.4793,19.4,62.2,0
52.64,0.3,-1.71,-0.7,0.7168,0.1907,1.8437,18.3,59.3,0
49.94,0.54,1.8,-2.32,0.5302,0.1986,2.9369,17.1,41.0,0
0.5,0.09,22.55,11.12,2.9886,2.4576,25.1418,2.3,85.3,2
21.1,1.6,-8.47,-5.23,3.3642,2.1018,9.9596,2.1,77.3,1
14.78,2.66,-9.85,-4.37,0.2865,0.2076,10.7806,15.0,82.0,1
15.25,3.12,-12.75,18.16,2.8854,1.3625,22.1916,2.5,91.2,2
20.03,3.69,-2.99,0.51,0.1921,0.3095,3.0323,7.3,56.9,1
37.32,-0.69,-1.46,-2.87,0.3628,0.1064,3.2233,18.2,38.8,0
20.17,3.47,0.15,3.86,0.6805,0.5556,3.8658,9.8,70.0,1
11.36,5.49,-9.26,8.02,0.4727,0.5645,12.2499,4.4,73.1,2
63.8,-0.98,5.67,-2.85,0.3624,0.1069,6.3504,21.6,46.1,0
7.96,9.13,9.74,-4.22,0.8352,0.9742,10.6151,4.4,89.7,2
8.92,4.29,31.8,7.37,1.4725,2.8616,32.6406,7.4,81.1,2
12.56,0.51,6.8,-7.97,0.3737,0.1911,10.4828,9.4,65.2,1
10.96,2.68,-4.49,-5.42,1.3406,0.3517,7.0347,13.7,59.8,1
19.92,-0.22,-2.38,4.7,2.5544,0.6629,5.2646,3.2,87.5,1
37.37,0.07,-15.82,19.59,2.121,1.6372,25.1777,5.7,52.1,3
27.71,1.39,3.58,2.83,0.3147,0.2031,4.5604,21.5,43.8,0
7.46,6.29,2.79,-1.48,0.7806,0.518,3.1595,9.7,84.0,2
14.5,7.39,-13.64,9.77,2.7566,1.3304,16.7757,2.9,85.8,2
15.41,4.1,11.69,-4.89,1.7952,0.2615,12.675,6.8,74.4,2
5.32,10.99,19.26,11.95,0.7828,1.3322,22.6648,3.9,78.9,2
6.37,5.63,1.4,-5.45,2.0953,1.1265,5.6272,3.1,83.7,3
16.63,1.34,8.51,-3.34,0.8829,0.5433,9.1378,10.2,56.3,1
2.16,17.44,2.67,-5.78,0.8269,0.8385,6.3705,5.7,82.8,3
6.68,11.15,3.73,6.72,1.6964,1.2053,7.6886,4.9,77.1,2
6.32,3.65,-0.98,8.36,1.3519,0.4723,8.4141,7.8,83.5,2
60.61,1.17,4.98,-0.11,0.3123,0.2346,4.9764,21.5,48.7,0
29.09,0.31,1.7,-0.54,0.8108,0.1458,1.7849,20.5,48.4,0
42.84,-0.65,-0.92,2.21,0.379,0.0938,2.396,17.5,51.9,0
11.93,5.5,-0.62,-7.71,2.3227,1.1724,7.7349,7.9,79.0,2
34.9,1.69,28.6,-15.34,3.8526,2.492,32.4556,12.3,71.3,3
17.41,3.94,-7.54,-6.53,0.312,1.1669,9.9758,14.8,56.9,1
17.04,1.63,-8.66,-2.33,0.4766,0.2148,8.9728,12.7,61.8,1
5.13,12.58,0.98,3.35,1.4681,1.0642,3.4945,3.3,79.4,2
19.12,4.56,-6.27,-7.07,1.6287,1.3067,9.4533,5.3,94.3,1
14.28,2.48,-1.05,-1.47,0.6701,0.578,1.809,13.1,63.3,1
6.72,9.55,2.71,5.77,0.5362,0.4048,6.3732,4.5,84.7,2
79.3,0.67,-4.2,-0.71,0.5932,0.0762,4.2563,23.9,50.0,0
13.75,3.47,0.13,-3.73,1.5002,0.2416,3.7293,8.4,89.8,2
8.23,8.12,2.82,3.77,1.6352,1.3198,4.7081,4.3,79.6,2
71.45,0.38,3.52,-1.69,0.3822,0.0897,3.9066,18.7,47.6,0
23.45,-0.13,0.95,-0.84,0.1213,0.2056,1.2676,22.1,47.2,0
19.16,2.46,0.95,-3.68,1.7926,0.5229,3.7961,6.6,60.4,1
47.21,-0.16,2.72,-1.41,0.6611,0.0908,3.0688,17.6,42.1,0
5.54,12.76,-4.98,-4.64,1.6828,0.5722,6.8046,6.7,85.0,2
2.94,13.49,-0.28,-0.2,2.1613,0.621,0.3498,4.0,88.9,3
45.81,-0.22,6.24,0.46,0.4736,0.1754,6.2615,20.6,41.5,0
10.78,1.56,3.76,-3.07,1.5401,0.5682,4.8548,16.1,59.4,1
58.41,-0.09,-1.0,1.38,0.2895,0.0977,1.707,16.1,62.4,0
34.74,0.21,-0.42,2.57,0.2071,0.1891,2.6042,24.8,30.1,0
17.5,3.29,-10.84,-2.18,0.9737,0.1299,11.0608,17.9,73.6,1
9.09,9.26,4.28,2.66,0.7165,0.4453,5.0388,4.2,73.9,2
13.04,6.1,-2.23,1.56,1.3721,1.0289,2.7179,6.2,84.0,2
38.89,0.02,6.59,0.4,0.5553,0.1309,6.5984,18.0,60.2,0
17.66,2.52,5.41,5.86,0.5246,0.2827,7.9796,14.1,60.7,1
22.25,0.9,-2.64,3.19,0.5979,0.3323,4.1394,13.9,56.2,1
10.08,4.59,-1.11,3.31,1.1422,0.6139,3.4903,9.6,74.5,2
72.28,-0.83,0.08,2.45,0.1797,0.103,2.4532,20.3,51.7,0
5.73,13.9,7.17,-2.85,3.1132,1.4698,7.7143,2.7,90.0,3
26.25,2.09,-2.62,7.07,0.451,0.2027,7.5442,16.9,62.3,1
12.85,5.17,5.27,-4.0,2.0337,1.093,6.6127,7.1,80.1,2
21.88,7.87,9.4,-1.03,1.4421,2.771,9.4554,6.0,78.7,1
25.25,-0.86,0.88,-2.46,0.2159,0.1454,2.6095,15.2,53.6,0
25.0,1.41,-3.16,-5.87,0.3027,1.0895,6.665,6.6,70.6,1
10.52,1.16,-0.18,1.98,0.7873,0.3898,1.9928,6.8,77.9,1
8.55,11.37,10.77,-7.1,1.9682,0.7183,12.8974,9.7,83.4,2
4.53,13.43,-2.7,-1.47,1.5561,0.7609,3.0763,9.3,84.5,2
25.6,0.61,5.98,-0.98,0.6981,0.5118,6.0564,8.2,71.4,1
63.17,-0.54,4.71,-3.61,0.4572,0.1437,5.9315,17.8,63.5,0
75.31,-0.12,1.1,2.74,0.174,0.0745,2.9493,21.6,45.4,0
15.04,3.74,1.75,1.15,0.8023,0.5513,2.0949,17.1,60.1,1
25.79,3.97,-11.16,3.19,1.1845,0.8547,11.6039,8.9,73.0,1
16.57,1.79,-5.24,0.75,0.43,0.7377,5.29,17.1,69.2,1
4.6,12.9,-1.08,-3.12,0.7744,1.3761,3.3043,2.9,92.2,3
77.96,-0.63,-1.75,2.41,0.4222,0.0744,2.9803,15.4,40.4,0
13.23,8.34,3.93,12.09,1.9522,0.967,12.7181,7.6,75.4,2
14.21,4.28,3.84,8.39,0.8567,0.77,9.2319,7.1,89.3,2
12.69,7.42,0.45,0.06,2.7515,1.4302,0.452,7.7,78.1,2
7.53,8.63,1.79,2.38,1.2657,1.5046,2.9755,5.4,90.1,3
19.55,2.27,2.98,-3.87,1.5643,0.2405,4.8879,13.1,68.5,1
47.88,-0.2,2.92,2.02,0.6299,0.1047,3.5529,17.3,40.2,0
4.79,11.59,-8.76,-0.47,2.1367,0.6296,8.7726,5.1,91.3,3
6.22,5.35,7.22,-0.56,1.9202,0.6874,7.244,7.3,82.2,2
30.24,-0.93,-0.73,4.43,0.2337,0.1814,4.4934,23.1,57.9,0
11.74,9.37,-6.31,2.33,0.9779,1.0489,6.728,6.4,74.7,2
34.06,1.41,-1.64,-1.83,0.4039,0.1678,2.4552,23.4,45.5,0
46.41,0.59,0.99,3.16,0.4302,0.1124,3.3104,18.0,56.1,0
20.17,0.78,2.45,-0.58,0.7718,0.3695,2.5154,14.2,76.3,1
5.57,5.19,-6.99,4.84,1.6037,0.6665,8.5069,7.4,87.0,2
16.08,0.68,5.44,18.5,1.4404,2.4476,19.2817,3.6,92.1,1
13.3,7.87,-0.59,6.23,0.9291,0.9325,6.2527,9.8,80.8,2
10.08,1.86,-5.83,-1.19,1.5717,0.5479,5.9503,17.5,75.4,1
46.69,1.42,-0.5,-1.18,0.4563,0.1727,1.2847,18.1,42.2,0
17.5,3.45,-4.84,3.68,1.4229,0.2358,6.0801,7.6,66.1,1
43.33,-0.14,-2.13,1.58,0.6698,0.1039,2.6523,25.0,46.7,0
5.68,6.53,-0.93,2.1,2.0692,2.2587,2.2931,5.2,83.6,3
20.34,3.01,-0.96,7.55,1.3436,0.3636,7.6078,9.7,64.2,1
2.84,1.92,13.18,-3.69,2.2344,1.2915,13.6819,2.5,94.2,2
14.9,1.27,-5.69,0.52,0.9235,0.2556,5.7187,8.8,57.0,1
12.76,3.39,-13.48,-0.93,1.3046,0.4157,13.5128,17.4,74.1,1
49.31,1.29,-3.22,2.19,0.1816,0.1367,3.8949,16.5,49.4,0
30.14,1.13,0.72,1.52,0.7962,0.0752,1.6789,18.1,45.7,0
13.84,3.31,6.61,1.29,0.9219,0.3131,6.7297,8.5,73.7,1
70.02,0.76,-5.64,-3.81,0.0786,0.2487,6.8069,16.3,34.0,0
20.99,1.91,-9.2,7.15,0.8127,0.488,11.6568,11.5,78.0,1
74.77,0.85,-3.67,-2.15,0.2621,0.0679,4.2564,19.8,42.8,0
4.31,10.88,11.97,3.65,0.9814,0.3917,12.5103,7.2,90.4,2
6.84,7.29,-10.52,-4.46,0.3607,0.7569,11.4246,6.3,85.6,2
10.26,2.04,-1.52,4.43,0.7157,0.327,4.6811,13.0,81.6,1
7.88,10.68,-14.73,-1.77,2.1882,0.8681,14.84,3.3,95.9,3
1.9,14.3,-9.58,1.57,1.6504,0.5495,9.7063,1.0,88.0,3
14.82,1.25,5.23,-0.54,1.0084,0.3799,5.2537,11.2,74.4,1
18.25,1.6,-2.14,-3.15,0.8325,0.3706,3.8087,7.5,62.2,1
43.05,-0.52,-1.78,-4.02,0.3736,0.0905,4.3906,16.9,55.2,0
67.48,0.65,1.56,2.37,0.1605,0.0416,2.8408,18.9,40.6,0
66.68,0.28,2.29,1.5,0.1221,0.2255,2.7382,24.6,32.1,0
20.07,0.11,1.93,0.99,0.4894,0.252,2.1727,16.0,57.8,0
14.95,6.58,-0.04,-4.19,1.0086,0.2937,4.1862,3.5,80.4,2
59.75,-0.33,-1.07,-0.67,0.1426,0.0682,1.2618,17.0,37.0,0
15.31,2.49,-2.86,-1.23,1.149,0.532,3.1097,14.1,75.0,1
22.57,-0.7,1.3,-2.78,0.4587,0.2311,3.0684,15.4,35.0,0
77.48,-0.49,-0.5,-0.99,0.2291,0.0827,1.1054,18.7,61.6,0
20.09,2.07,3.53,5.11,0.8426,0.5432,6.2075,12.2,75.3,1
5.41,5.3,-6.25,3.69,0.4235,0.5657,7.2586,9.9,86.9,2
23.62,3.15,-0.65,0.47,1.0852,0.3666,0.8035,12.7,63.8,1
26.72,3.37,3.83,1.12,0.7014,0.357,3.99,16.0,79.9,1
68.11,0.12,2.56,-0.07,0.1822,0.2275,2.5616,15.5,48.5,0
70.16,-0.18,1.59,0.82,0.3666,0.074,1.7857,19.0,45.8,0
4.06,11.63,2.24,9.16,0.491,0.865,9.4259,7.3,90.0,2
58.15,-0.49,2.37,-0.39,0.562,0.1123,2.3993,15.0,46.3,0
1.26,10.08,4.12,0.69,0.7864,1.8536,4.1815,3.9,87.4,3
19.8,1.88,-0.6,-2.95,0.6632,0.5584,3.0159,16.5,79.7,1
24.61,0.81,-7.05,-7.39,1.9023,1.8638,10.2103,5.9,91.9,1
25.94,2.72,-4.5,2.54,0.6587,0.4363,5.1634,12.8,77.8,1
35.68,0.14,-0.8,-1.39,0.7389,0.1444,1.6062,24.2,43.9,0
12.37,6.78,-6.77,10.65,2.5881,1.5499,12.6169,7.1,92.6,1
22.66,2.4,-10.13,-0.37,0.227,0.3074,10.1366,13.3,69.0,1
17.66,1.72,-3.12,-1.66,0.6722,0.2879,3.5357,11.3,72.1,1
12.44,2.9,24.54,-16.76,2.9451,0.8632,29.7176,7.1,70.7,3
4.94,9.11,15.47,5.68,1.2792,0.7173,16.4822,5.7,83.6,2
9.65,6.87,-8.89,-15.81,0.9499,1.4825,18.1427,5.2,78.2,2
4.11,14.32,4.21,-2.97,1.1005,0.9444,5.1489,1.4,96.5,3
24.56,1.47,-1.24,0.08,0.5301,0.7588,1.239,12.8,64.1,1
14.19,8.0,-4.3,-5.24,1.4614,0.8906,6.7781,6.9,87.4,2
25.27,2.03,2.86,2.91,0.8069,0.7552,4.0765,9.7,66.4,1
0.97,11.84,-0.35,8.44,1.3159,1.4694,8.447,2.7,90.1,3
21.38,0.28,2.89,3.28,0.2199,0.2451,4.3749,17.7,46.9,0
16.03,2.06,-0.27,-3.94,0.6634,0.416,3.9474,13.5,74.9,1
35.65,1.89,23.96,-19.62,2.4543,0.9081,30.9705,4.8,76.2,3
8.5,8.85,-6.5,-13.31,1.0046,0.9608,14.8167,3.4,77.7,2
26.76,0.54,-23.44,19.6,0.5011,0.8055,30.5541,7.6,52.2,3
28.47,0.1,17.75,19.77,1.3083,0.7526,26.5706,7.1,69.1,3
38.41,0.68,15.18,14.04,2.6345,0.6526,20.6786,14.1,74.4,2
35.81,1.07,17.27,14.17,2.3908,0.7184,22.342,4.9,74.1,2
63.56,0.44,-3.25,-5.38,0.812,0.096,6.2864,24.7,36.3,0
10.89,2.75,4.95,-0.35,0.9015,0.8092,4.9672,3.4,75.0,2
1.86,15.35,-1.74,-3.7,0.9706,1.9316,4.0932,5.3,91.2,3
21.11,3.98,2.68,0.59,0.9483,0.5368,2.7417,6.1,81.3,1
43.02,-0.6,1.33,-4.62,0.7034,0.2345,4.8079,16.8,41.8,0
11.46,3.33,-0.69,-6.67,0.8979,0.9943,6.7099,5.2,77.3,2
15.04,3.8,-1.56,8.58,0.9775,0.441,8.7199,7.8,73.4,2
26.34,2.78,-1.38,2.98,0.4891,0.3069,3.2858,9.5,70.3,1
27.61,2.55,-0.52,-1.4,0.5298,0.6433,1.495,6.6,71.7,1
19.06,1.54,-2.87,-5.08,0.9863,0.2195,5.8362,9.7,79.8,1
8.31,5.14,-4.48,2.79,1.3989,0.4223,5.2757,5.2,79.0,2
25.63,1.16,-1.68,-1.17,0.2748,0.0753,2.0458,17.5,60.0,0
49.05,1.43,0.1,-0.62,0.4018,0.2129,0.6254,24.7,59.4,0
65.99,-0.93,-1.32,-0.51,0.3733,0.2126,1.4178,22.1,32.2,0
22.35,2.92,-9.76,4.14,1.0049,0.243,10.6023,15.1,74.8,1
26.51,3.84,-8.8,-3.34,0.4196,0.3471,9.4111,7.9,57.5,1
7.92,6.0,8.98,-5.18,2.0708,0.6313,10.3656,8.6,74.6,2
22.79,2.49,8.62,2.44,0.7898,0.3018,8.9614,8.7,73.1,1
57.37,0.52,-2.92,1.11,0.4389,0.122,3.1259,20.9,40.3,0
47.65,1.16,-4.9,-1.79,0.6787,0.1826,5.2122,20.7,58.3,0
26.0,0.69,-1.52,2.03,0.3083,0.133,2.534,23.5,57.6,0
8.27,6.69,2.08,3.46,1.7482,0.2516,4.0382,7.4,87.5,2
25.62,0.83,-4.01,-0.04,0.3065,0.3652,4.0061,17.1,61.5,1
7.79,11.41,2.84,-4.41,0.8379,0.4772,5.2447,8.5,75.7,2
5.7,9.57,-5.04,2.73,1.6355,1.55,5.7316,2.9,85.9,3
21.59,3.28,3.76,0.42,0.9112,0.7426,3.7841,8.0,67.9,1
26.63,2.02,1.4,-4.44,0.4472,0.3323,4.6512,9.7,79.2,1
10.08,6.62,-4.76,3.63,0.3895,0.7651,5.9869,5.6,84.2,2
77.19,-0.13,-1.98,-0.53,0.4048,0.0621,2.0491,21.9,61.1,0
8.16,8.84,9.44,-4.98,0.4259,1.0989,10.6707,3.0,90.4,2
8.44,9.25,-3.59,-3.44,1.1078,0.9315,4.9671,4.8,80.8,2
64.37,1.37,-3.5,0.26,0.5264,0.0517,3.5067,15.5,48.6,0
44.08,0.8,-1.82,-0.66,0.523,0.087,1.9305,19.8,53.3,0
55.1,-0.04,-1.15,-1.12,0.896,0.1622,1.611,22.4,56.5,0
15.46,2.4,-4.6,-6.29,2.1187,1.2609,7.7975,5.0,78.7,2
64.48,1.47,0.97,-0.77,0.5928,0.0948,1.2323,23.3,62.5,0
51.27,1.46,-3.73,0.51,0.2681,0.1232,3.7618,17.5,52.3,0
2.31,9.19,-10.95,-1.07,1.6204,1.3435,11.0017,3.5,95.3,3
4.81,13.18,5.52,-6.09,1.1606,0.8137,8.2133,7.2,75.4,2
59.86,-0.79,0.92,-0.12,0.4378,0.1131,0.9317,21.4,64.3,0
54.26,1.09,-1.67,-2.05,0.294,0.2521,2.6407,17.1,47.2,0
29.08,0.03,-1.92,-3.65,0.1381,0.2896,4.1303,18.1,34.9,0
18.37,3.23,-0.6,0.34,0.5583,0.3348,0.6852,11.2,77.7,1
6.9,10.77,-1.26,-6.3,0.8295,1.26,6.4205,9.0,78.4,2
23.96,-0.58,-0.12,-2.32,0.4623,0.0711,2.3277,17.2,32.1,0
17.19,2.91,-11.25,-0.12,1.16,0.459,11.2492,10.2,75.1,1
10.41,7.27,25.82,3.52,1.2146,0.3601,26.0593,7.1,80.0,2
3.01,10.29,-5.19,-2.21,0.6909,1.0524,5.6424,3.7,92.1,3
42.5,-0.75,-1.28,-1.24,0.6854,0.0951,1.7827,22.8,44.5,0
1.82,9.46,-4.25,-1.37,0.8325,1.7572,4.4669,1.3,88.3,3
15.59,3.91,-3.1,3.71,0.8803,0.2832,4.8338,11.4,62.6,1
22.12,1.22,23.2,11.47,1.9387,2.0638,25.8836,4.0,51.4,3
6.79,11.37,-1.17,4.84,1.3695,1.1543,4.9794,8.7,89.0,2
4.03,13.64,6.96,7.4,1.1586,0.4954,10.1658,8.9,82.6,2
72.72,0.37,2.48,0.33,0.1254,0.2161,2.5023,18.1,38.7,0
68.48,1.17,-2.6,-3.14,0.5065,0.247,4.0778,15.9,48.3,0
19.52,3.23,3.87,7.24,1.0538,0.3975,8.2139,11.2,60.9,1
2.61,13.33,-4.59,4.09,1.6552,1.5006,6.1495,3.3,86.1,3
16.08,1.46,-4.09,7.39,1.1685,0.7006,8.4488,17.0,69.0,1
14.8,2.12,15.36,-13.75,3.8148,1.2201,20.6187,8.3,78.0,2
6.22,14.54,0.19,7.0,2.2591,2.0605,7.0001,1.4,89.6,3
12.6,1.28,-3.12,0.5,1.012,0.6883,3.1637,15.1,81.7,1
15.74,4.02,-0.24,3.27,0.8231,1.0704,3.2752,5.0,90.1,2
27.58,1.64,2.59,0.29,1.4073,0.5924,2.6082,17.2,58.4,1
13.69,2.92,11.57,2.01,0.4964,0.6427,11.7415,14.3,68.9,1
18.59,1.5,-5.27,-3.68,0.3719,0.2317,6.4278,16.2,76.3,1
2.03,9.23,4.94,0.57,1.3906,0.6475,4.9752,4.9,91.5,3
54.67,-0.68,-4.51,-4.16,0.6838,0.1801,6.1337,20.0,52.1,0
49.27,0.7,0.81,-1.27,0.4753,0.1666,1.5052,24.3,34.0,0
10.3,1.99,-16.11,-11.81,2.0219,1.4419,19.9783,10.4,82.0,2
12.01,5.71,8.65,-1.59,1.3016,1.0117,8.797,6.2,90.8,2
14.75,1.9,-18.57,-15.07,2.8647,0.8431,23.912,6.5,65.7,2
21.0,1.16,-1.61,-2.65,0.6566,0.3991,3.0994,14.0,61.4,1
7.64,8.68,7.75,-2.3,1.5408,0.6675,8.0804,1.9,84.2,3
63.03,-0.07,0.47,3.67,0.4771,0.0519,3.7,16.4,45.3,0
31.09,1.05,0.61,-0.01,0.5271,0.2297,0.6107,17.4,43.2,0
4.42,8.51,3.24,2.84,0.5225,2.0316,4.3038,1.8,92.5,3
42.73,0.24,-0.58,-0.74,0.6689,0.0988,0.9388,16.5,48.6,0
74.95,-0.99,0.56,2.53,0.5051,0.1419,2.5944,21.1,64.5,0
21.29,2.88,-8.99,4.95,1.1165,0.3774,10.2629,10.3,80.7,1
64.58,1.02,-4.18,2.04,0.3071,0.1748,4.6548,16.9,30.7,0
4.25,11.17,2.59,1.02,1.626,0.6964,2.7807,5.2,87.8,2
78.47,-0.79,1.1,0.61,0.2277,0.0858,1.2591,17.6,41.0,0
6.18,12.68,-12.42,6.09,1.0097,0.8004,13.8375,5.5,82.8,3
34.79,0.4,1.06,5.31,0.2613,0.1769,5.4102,24.3,57.8,0
1.12,22.31,0.11,1.34,3.0054,0.6081,1.346,2.9,92.3,3
21.86,1.74,1.41,0.08,0.9783,0.5035,1.4107,6.3,69.6,1
14.57,6.71,-6.85,-1.47,1.7259,0.307,7.0084,6.8,85.8,2
10.44,2.84,-11.67,-8.01,0.3245,0.7324,14.1593,7.4,85.5,2
28.53,1.07,-3.82,0.96,0.5941,0.1189,3.939,19.5,36.3,0
15.56,1.6,29.66,20.89,1.9568,1.1115,36.2847,11.9,59.1,3
18.7,1.83,-4.72,0.32,0.8912,0.2771,4.7283,13.2,67.9,1
22.93,2.95,-0.15,-0.32,1.1922,0.2118,0.3522,16.1,73.4,1
59.66,-0.94,4.4,0.33,0.2671,0.1256,4.4098,22.5,46.7,0
13.86,8.55,-5.87,7.57,0.7367,0.3982,9.5765,8.7,76.7,2
15.28,2.95,2.84,-8.92,0.7513,0.2254,9.3592,17.7,75.5,1
40.46,1.07,-2.42,0.85,0.4974,0.1607,2.5625,21.8,60.0,0
36.36,0.73,-2.23,1.04,0.6521,0.1757,2.4621,19.0,54.4,0
10.8,3.02,8.84,10.76,1.3621,0.219,13.9226,7.5,86.4,2
6.57,6.0,-9.87,-1.35,1.3853,0.431,9.9598,6.2,87.9,2
8.02,4.3,11.76,-2.5,1.3134,0.4716,12.0239,6.2,84.7,2
24.28,0.66,7.79,5.92,0.6857,1.1942,9.7789,11.3,81.7,1
7.84,4.97,11.76,6.48,1.8112,0.7236,13.4258,8.8,78.3,2
19.12,3.58,5.19,3.04,0.8536,0.6557,6.0175,11.9,60.5,1
8.4,5.42,-2.06,-0.94,0.565,0.4742,2.2666,9.5,72.7,2
1.55,17.34,-3.18,12.33,2.4542,0.9764,12.7304,4.5,88.8,3
36.15,1.09,-0.5,1.44,0.532,0.0976,1.5258,17.4,55.6,0
18.09,3.1,-13.98,-0.71,0.4838,0.187,13.9959,12.7,62.4,1
51.85,1.28,0.93,-1.35,0.3628,0.163,1.64,24.6,34.9,0
22.49,0.88,-1.94,-6.04,1.0979,0.3189,6.3397,16.5,67.7,1
14.72,3.73,1.78,-1.94,1.1363,0.0812,2.6371,12.5,58.1,1
6.77,3.59,5.03,7.68,2.0196,1.7089,9.1788,6.5,88.7,2
7.15,8.45,2.7,7.29,1.8112,2.0636,7.7779,2.6,93.0,3
39.77,2.34,-24.33,-20.72,1.4852,1.9416,31.96,12.9,70.9,3
39.72,-0.21,2.88,-0.05,0.3413,0.116,2.8853,21.4,41.2,0
4.99,10.98,2.47,2.09,1.6187,1.6302,3.23,6.3,72.7,2
17.61,1.1,-6.12,-4.43,0.4057,0.2348,7.5512,12.3,55.1,1
63.4,-0.31,0.06,-2.02,0.3013,0.1278,2.023,23.5,63.9,0
21.31,2.7,-9.18,4.49,0.6733,0.2223,10.2143,17.9,69.8,1
9.09,5.39,-3.68,-5.37,1.305,1.2156,6.5093,4.2,86.7,2
11.03,4.35,2.3,5.54,1.5271,1.1101,5.9995,7.4,87.6,2
6.6,12.75,-1.36,-1.84,1.781,1.3621,2.2834,4.2,93.0,3
4.16,12.83,5.15,2.03,0.8782,0.8259,5.535,2.0,86.1,3
5.56,8.68,12.69,3.38,0.5898,0.9673,13.1324,5.0,90.0,2
0.74,19.5,4.18,-4.68,0.6971,1.2241,6.2766,4.0,84.9,3
18.16,3.41,-9.66,2.11,0.3001,0.5734,9.8923,16.1,80.1,1
75.42,0.83,-4.27,-0.51,0.6422,0.2186,4.3044,22.2,46.1,0
72.13,1.05,3.83,0.27,0.355,0.0682,3.8411,20.2,39.1,0
12.39,5.96,-0.42,-4.54,3.3307,2.7556,4.5615,7.3,93.8,1
19.76,2.4,-24.39,13.61,3.4317,0.6214,27.9304,15.0,67.9,3
12.42,2.35,5.13,-1.02,0.3563,0.5145,5.2339,14.1,57.7,1
71.32,0.54,-2.78,-0.1,0.5591,0.1598,2.7856,18.2,46.6,0
24.82,2.43,-0.26,-3.22,1.1686,0.4342,3.2316,8.3,55.9,1
4.89,8.33,6.7,6.69,1.0503,1.8628,9.4667,5.9,97.5,3
6.1,8.14,-8.12,5.19,2.3683,0.7455,9.6351,4.2,88.8,3
24.33,3.83,4.97,-1.8,0.6618,0.4101,5.2815,6.9,74.7,1
9.11,10.9,10.35,-0.86,0.2445,1.4853,10.3849,7.5,91.9,2
20.46,2.71,5.15,-7.98,1.65,0.3779,9.4983,9.1,79.2,1
61.23,1.08,1.29,2.64,0.3626,0.1456,2.9399,17.0,51.9,0
35.59,1.11,-2.21,-2.44,0.3596,0.1898,3.2915,15.3,48.5,0
36.36,0.78,-1.15,3.08,0.4258,0.2278,3.2937,24.0,32.8,0
24.84,0.7,0.49,-2.63,1.8093,0.673,2.6759,6.6,67.1,1
1.96,13.91,5.36,-2.36,1.0221,1.8514,5.8567,3.4,83.9,3
5.32,10.85,3.99,-7.1,1.5607,1.2565,8.1387,9.2,74.7,2
35.22,0.2,16.41,-18.33,0.8222,0.902,24.6049,14.8,54.4,2
60.59,0.13,-3.23,-0.47,0.5827,0.0657,3.2692,20.0,39.1,0
13.98,2.74,3.72,0.06,1.3718,1.0676,3.7161,7.4,78.7,2
39.57,1.37,-0.26,-0.33,0.3912,0.1497,0.4246,19.7,39.6,0
19.96,2.67,23.48,-18.24,1.3313,0.6232,29.7331,13.3,69.1,3
6.73,7.31,11.21,-4.56,1.1875,1.4034,12.1041,4.4,74.2,2
43.35,1.24,-2.06,2.92,0.8972,0.121,3.578,19.4,59.4,0
27.46,-0.99,2.18,-3.06,0.2845,0.1998,3.7607,22.8,62.0,0
23.53,3.1,1.02,-6.04,0.7298,0.6443,6.1253,12.4,64.3,1
29.36,-0.86,-3.55,-1.28,0.5032,0.064,3.7762,17.0,52.1,0
38.76,-0.77,3.55,1.55,0.3574,0.1303,3.8747,23.7,63.7,0
21.99,1.94,6.19,0.61,0.9387,0.9588,6.2242,10.3,56.7,1
7.04,7.26,0.17,-3.02,1.7884,2.0564,3.0233,3.8,90.6,3
44.87,0.39,-1.04,-3.25,0.2685,0.2059,3.4128,23.3,40.6,0
10.62,9.09,3.92,-1.43,0.289,0.7662,4.1738,8.2,91.0,2
55.46,1.04,2.3,1.45,0.2233,0.3007,2.7214,21.8,41.3,0
15.58,7.01,-9.89,-3.51,1.2545,0.3821,10.4965,8.7,90.2,2
1.21,8.84,-1.78,1.75,3.8837,1.2116,2.4916,3.4,82.4,3
41.56,-0.35,-2.92,-0.19,0.9261,0.1029,2.9286,19.1,49.7,0
15.36,0.74,-0.68,-2.18,0.6459,0.2617,2.2859,7.6,59.7,1
20.86,0.11,28.53,11.73,3.1745,0.3242,30.8437,13.9,70.1,3
6.45,11.1,-10.96,-1.0,1.7949,1.2052,11.0041,1.0,82.9,3
16.04,2.87,10.67,5.87,0.4233,0.4539,12.1789,17.6,66.4,1
27.39,-0.41,-3.92,-6.02,2.5162,2.2524,7.1855,3.7,83.6,1
21.08,2.57,5.78,5.8,0.9321,0.5287,8.1896,17.4,60.8,1
21.63,0.66,-12.13,0.68,0.7663,0.3028,12.1458,10.0,66.0,1
14.04,2.49,3.37,-6.32,1.554,0.363,7.1586,11.8,55.1,1
18.12,3.32,-2.41,-5.11,1.1641,0.6719,5.655,13.0,63.9,1
72.25,-0.67,-4.23,1.87,0.4355,0.2868,4.6257,16.9,51.5,0
28.81,-0.46,-1.15,0.58,0.3257,0.1396,1.2887,21.8,59.8,0
24.98,-0.2,-1.04,0.3,0.5046,0.0784,1.0823,17.2,30.7,0
11.64,6.42,-3.89,-3.75,1.1979,0.3102,5.4045,4.7,79.3,2
18.7,2.33,-0.18,3.19,0.3655,0.5491,3.1988,9.1,69.8,1
35.22,0.21,-15.16,18.32,2.3006,1.1945,23.7792,12.6,61.6,2
13.95,5.0,0.05,10.89,1.1663,0.4898,10.8862,10.0,87.2,2
74.78,-0.39,0.4,-0.6,0.7694,0.2751,0.719,18.7,54.5,0
12.51,2.13,9.27,-1.83,0.5273,0.3563,9.45,8.1,66.9,1
25.84,1.9,4.55,-1.88,0.4802,0.1582,4.9236,12.4,64.6,1
15.7,6.04,-6.79,7.1,0.2713,0.7402,9.8273,8.0,73.5,2
2.72,10.28,-3.6,-5.02,1.5516,1.3625,6.1724,5.1,97.0,3
54.54,-1.0,-1.93,-4.41,0.4178,0.1917,4.8131,21.7,36.7,0
77.46,-0.55,-1.5,1.55,0.4887,0.1942,2.1504,16.4,56.7,0
2.36,17.41,2.1,3.88,1.6982,1.8156,4.4134,2.4,85.1,3
11.61,6.01,2.78,-7.95,1.0525,0.3562,8.4224,3.6,73.0,2
15.75,4.41,-3.74,-5.98,0.9075,1.0224,7.0512,7.1,90.0,2
6.41,9.78,-0.96,2.54,0.3008,1.6949,2.7183,3.5,95.6,3
77.61,0.97,0.67,-0.32,0.457,0.2132,0.7408,23.7,50.9,0
18.55,3.58,-10.94,-4.55,0.8106,0.4349,11.8487,7.8,81.3,1
11.71,9.72,16.0,-1.19,1.4974,0.8178,16.0477,7.7,81.0,2
18.7,0.96,-3.44,-2.5,0.224,0.2368,4.2493,8.9,74.0,1
16.36,3.32,4.91,-6.06,0.3692,0.3737,7.8036,10.3,57.5,1
5.45,12.84,-0.18,0.26,0.8349,1.0074,0.3188,9.5,73.0,2
15.99,1.29,-3.68,-8.14,0.5769,0.2515,8.9323,11.8,62.5,1
61.31,0.09,-0.72,2.72,0.6936,0.1449,2.8171,21.2,44.4,0
16.91,1.34,8.0,4.4,2.316,0.8927,9.1354,3.3,81.8,1
5.17,7.33,-0.53,-3.56,1.6954,1.0238,3.5963,9.7,77.8,2
35.54,1.21,-4.21,0.81,0.6969,0.1425,4.2832,16.1,57.5,0
23.38,0.96,-7.21,5.0,0.2732,0.1789,8.7704,7.3,56.7,1
16.58,-0.31,9.48,2.56,3.6246,1.4539,9.8181,5.3,94.4,1
52.15,-0.48,-1.77,-3.3,0.3224,0.2872,3.7392,21.3,59.5,0
63.62,-0.8,-3.72,-2.23,0.369,0.1532,4.3356,19.3,54.1,0
2.92,7.39,-3.21,-1.25,1.1901,1.1735,3.4453,4.7,96.8,3
9.35,4.23,9.32,1.16,1.4887,0.7953,9.3895,3.6,91.1,2
23.51,2.34,3.05,2.87,0.7179,0.6081,4.188,17.8,56.6,1
45.94,0.59,1.84,3.39,0.1841,0.1504,3.8565,21.7,63.6,0
31.16,-0.8,3.01,-2.26,0.5531,0.0739,3.7627,15.3,32.5,0
54.08,-0.74,7.18,-0.88,0.4549,0.1736,7.2345,24.8,48.1,0
13.44,3.39,1.62,0.95,0.8081,0.45,1.8817,17.3,67.4,1
6.61,13.46,-8.33,2.55,1.121,1.4383,8.7144,1.7,84.7,3
73.25,-0.94,1.02,-2.81,0.6742,0.1382,2.9877,20.8,43.0,0
44.31,1.17,4.81,0.44,0.9458,0.1018,4.8306,21.6,39.8,0
45.68,0.05,-3.94,3.3,0.379,0.1917,5.1393,23.0,53.2,0
21.15,3.32,-1.04,-6.03,1.3394,0.1889,6.1227,6.0,57.2,1
16.8,0.18,-26.24,-13.75,3.7801,0.6591,29.625,14.1,66.7,3
6.48,5.43,7.75,-6.33,0.7253,1.2963,10.0042,4.8,83.6,3
68.01,1.16,-1.42,2.91,0.5688,0.2326,3.239,24.2,41.1,0
18.91,1.99,-3.83,6.04,1.213,0.2399,7.1496,6.4,63.7,1
23.65,2.14,5.32,-0.77,0.8564,0.3527,5.3714,17.7,77.9,1
49.82,-0.02,-2.19,1.8,0.2919,0.0974,2.8384,20.6,52.5,0
12.85,7.09,-9.03,-1.14,0.8532,0.8299,9.1009,3.6,84.4,2
3.37,0.67,-11.82,-16.79,4.188,1.1322,20.5359,7.6,94.1,2
43.36,0.89,2.38,1.45,0.2322,0.2124,2.7915,15.7,64.8,0
35.27,0.39,1.86,1.01,0.2291,0.206,2.1175,16.4,34.4,0
4.63,7.24,0.2,1.33,1.7654,0.9953,1.3463,4.1,91.9,2
4.42,13.79,-3.13,8.11,1.6769,1.5455,8.6945,3.0,93.2,3
17.9,1.35,1.69,-4.7,0.9852,0.268,4.9985,6.2,61.6,1
76.54,-0.44,0.97,0.44,0.6365,0.1532,1.0656,18.3,64.1,0
28.63,0.92,0.71,2.82,0.4796,0.0795,2.9032,19.5,61.4,0
48.22,-0.91,-0.46,-5.42,0.4654,0.1441,5.4411,21.5,34.8,0
39.6,1.09,1.99,0.35,0.3922,0.0578,2.0218,15.6,32.4,0
73.31,0.98,-1.4,-1.7,0.4689,0.1197,2.2047,16.1,48.1,0
4.22,8.52,2.23,2.35,2.0418,2.5422,3.2423,5.8,92.1,3
58.68,0.08,-1.03,-0.4,0.6576,0.0645,1.1048,20.6,48.8,0
15.93,0.98,7.1,3.33,0.9913,0.4199,7.8397,8.0,55.2,1
33.04,0.23,3.17,-0.12,0.2947,0.1515,3.1705,17.5,47.7,0
18.9,2.49,-3.68,-2.48,1.1823,0.443,4.4382,12.8,72.1,1
24.62,2.04,-5.49,1.88,0.3984,0.5422,5.8052,16.0,67.1,1
45.32,0.1,1.41,1.55,0.222,0.1886,2.0999,17.8,43.6,0
9.75,4.0,-2.47,-11.48,1.9011,1.4008,11.7404,6.8,90.0,2
15.12,2.55,-0.64,-9.71,0.6795,0.6566,9.7329,4.8,88.8,2
21.68,1.55,4.82,-1.44,1.1093,0.1969,5.0266,11.5,59.1,1
4.84,13.22,13.7,2.75,2.9402,2.0232,13.9689,8.8,78.4,2
5.26,14.17,-1.78,0.34,4.0517,1.2585,1.8156,4.2,83.0,3
20.68,3.39,-7.67,-0.43,1.1184,0.5206,7.6843,10.0,80.0,1
21.16,0.91,-3.72,0.15,0.4589,0.1363,3.7193,15.1,54.6,0
12.84,7.06,-10.34,-1.39,2.111,0.5127,10.4324,7.5,80.9,2
20.25,1.83,-24.32,16.61,1.5888,0.5289,29.4541,6.4,67.6,3
13.71,6.17,6.78,4.98,0.5061,0.6052,8.4188,3.0,77.4,2
71.9,0.23,0.2,0.77,0.3769,0.146,0.7933,20.9,53.0,0
7.95,10.37,3.31,-7.34,0.9356,0.4076,8.0531,6.2,77.5,2
27.82,-0.66,-2.69,-0.84,0.3139,0.1153,2.8223,22.8,41.3,0
11.86,2.91,-0.77,-0.23,0.8975,0.1264,0.8009,13.3,79.5,1
23.76,-0.24,-1.87,1.15,0.2117,0.1971,2.1996,19.9,34.5,0
20.49,3.14,7.47,1.65,0.8748,0.9669,7.6522,6.0,62.2,1
31.88,0.83,22.63,18.02,1.8798,1.0788,28.9227,8.0,64.0,3
6.14,6.08,7.55,2.74,0.9913,0.5801,8.032,4.9,73.0,2
76.28,0.16,-2.91,-1.14,0.3017,0.1242,3.1252,15.2,58.0,0
47.22,0.68,2.91,2.14,0.5979,0.0965,3.6117,23.6,51.0,0
12.48,3.67,-8.73,-2.82,1.2715,0.5643,9.1703,7.6,87.6,2
69.91,-0.77,3.37,1.87,0.4412,0.0838,3.8492,18.5,53.3,0
9.34,9.22,8.58,-1.31,1.4408,1.5961,8.6833,3.8,73.9,2
20.59,2.28,26.89,-13.19,2.6658,1.5258,29.9476,8.0,70.8,3
4.07,5.01,8.16,7.45,1.0329,1.0841,11.0491,3.7,86.9,2
21.73,0.82,-2.39,1.29,0.644,0.0521,2.7163,20.3,58.4,0
21.87,0.78,-0.86,-0.99,1.2849,0.5241,1.3066,8.7,75.2,1
15.3,5.96,6.51,8.21,0.8949,0.8442,10.4797,3.5,85.9,2
19.33,3.82,-3.78,-2.13,0.5356,0.2909,4.3377,7.8,77.8,1
3.55,15.14,-7.91,4.39,1.3064,1.7694,9.0527,3.4,82.1,3
5.5,12.56,-3.7,-2.9,2.3575,1.2361,4.7076,9.1,90.9,2
8.69,9.97,-7.14,0.32,2.7585,0.9676,7.1502,9.0,90.7,2
22.14,2.2,1.09,3.22,0.4917,0.2497,3.3991,14.8,75.7,1
13.03,2.46,2.66,-1.94,1.4145,0.3608,3.2923,13.8,69.4,1
17.0,1.32,-2.01,-0.61,0.6076,0.2637,2.1019,13.5,69.3,1
7.4,3.86,-3.91,-0.75,1.7222,0.8687,3.9832,6.8,83.7,2
43.26,-0.13,6.48,1.61,0.3512,0.1254,6.6807,18.3,36.0,0
41.78,1.27,-4.06,-1.88,0.4684,0.2196,4.476,16.5,44.5,0
23.16,3.21,-0.13,-6.56,0.3237,0.0568,6.5639,7.2,62.1,1
31.61,0.69,-5.22,0.29,0.3489,0.1962,5.2314,19.7,56.5,0
11.5,1.94,-2.44,3.16,1.6612,0.6029,3.988,8.0,71.8,1
9.92,2.91,8.53,3.01,2.6158,0.8538,9.0421,9.7,87.8,2
6.56,6.33,-9.48,-2.14,1.6899,0.8983,9.721,6.0,90.4,3
10.57,3.13,5.27,-1.81,2.0591,1.4035,5.5749,3.6,73.1,2
22.56,0.15,1.61,2.27,0.4234,0.0749,2.7851,16.9,39.8,0
7.99,2.94,4.41,-5.67,1.529,0.9739,7.1811,4.0,90.3,2
1.22,15.4,11.96,-0.16,2.5636,1.3107,11.9593,5.8,83.4,3
44.31,-0.38,-0.46,1.4,0.5728,0.1587,1.475,19.5,58.0,0
16.19,0.66,4.1,3.41,1.0689,0.4844,5.3345,15.9,68.4,1
54.04,0.99,1.32,2.82,0.3256,0.1839,3.1151,16.2,59.4,0
1.62,18.76,10.37,-1.28,1.6576,1.6847,10.4487,1.3,91.1,3
30.71,0.34,-3.97,-0.58,0.1685,0.126,4.0097,20.3,58.8,0
12.42,8.05,-0.44,-9.85,1.4126,0.2292,9.8548,8.8,84.4,2
13.28,0.1,-16.66,-16.3,2.9089,1.0449,23.3119,5.5,75.6,2
9.95,2.13,-24.37,-12.38,2.5604,1.4798,27.3285,13.7,84.9,3
15.26,4.98,-6.89,3.46,1.2279,0.2452,7.7096,3.0,90.9,2
4.98,6.73,-0.9,-5.82,1.1586,1.2931,5.8882,7.7,74.3,2
13.28,5.57,0.73,-9.21,0.8297,1.2104,9.2385,8.4,79.8,2
50.31,0.59,0.44,0.35,0.4403,0.2039,0.5649,16.6,61.3,0
14.77,2.89,-1.71,-2.57,0.7229,0.5522,3.0849,14.7,57.7,1
57.33,1.02,-0.62,4.43,0.3503,0.1615,4.4703,21.1,48.7,0
21.88,3.57,-5.98,-7.15,1.2647,0.358,9.3261,6.8,66.4,1
9.92,0.75,-20.4,19.02,2.9353,1.3877,27.8913,7.1,68.1,3
21.67,1.4,6.35,-1.47,0.6021,0.2683,6.5165,18.0,76.0,1
15.16,2.54,-4.09,2.77,1.6009,0.6107,4.9413,5.2,91.9,2
11.63,1.79,-2.89,3.32,0.6169,0.4128,4.4,15.2,80.9,1
14.13,6.54,0.69,-8.34,0.6666,0.7469,8.3667,5.3,83.6,2
2.75,19.84,10.36,6.46,2.8132,2.1267,12.2114,4.0,84.2,3
78.92,0.13,3.1,-3.1,0.4387,0.0659,4.3842,24.5,38.4,0
56.75,0.56,0.26,1.47,0.8107,0.0833,1.4913,16.4,48.9,0
4.7,11.16,-2.94,3.45,1.1808,0.796,4.5356,7.3,90.4,2
2.63,12.66,-1.74,5.7,2.495,2.1653,5.9633,5.7,97.1,3
71.92,0.21,1.48,2.13,0.8015,0.0887,2.5987,17.2,39.7,0
26.1,3.05,8.07,-1.2,0.2873,0.5445,8.1624,10.9,59.0,1
23.63,2.18,4.11,2.32,0.6067,0.4463,4.7174,11.3,67.0,1
7.06,12.42,2.69,-4.92,2.986,1.4016,5.6033,5.4,93.3,3
6.08,14.21,7.46,-3.59,2.0033,2.1559,8.2816,2.7,97.8,3
13.96,0.16,29.08,10.17,3.0272,2.3127,30.8059,11.2,82.6,3
2.1,18.51,-0.24,1.42,1.2233,2.9224,1.4367,4.6,86.3,3
16.66,3.66,-0.65,-0.84,0.5108,0.6503,1.0678,7.1,60.9,1
12.32,5.09,-0.33,0.49,1.5061,0.3047,0.5963,3.9,75.5,2
42.24,0.18,1.56,-1.56,0.6517,0.0686,2.2066,17.8,32.8,0
46.22,0.04,1.39,-1.35,0.1778,0.0846,1.9362,15.9,40.7,0
13.78,2.95,1.72,6.54,1.7964,0.2992,6.7588,17.6,71.4,1
46.15,-0.93,-1.94,2.58,0.2072,0.0257,3.2329,18.9,49.8,0
37.86,0.47,-3.58,0.83,0.4609,0.0766,3.6714,22.5,51.1,0
5.14,11.52,-2.1,0.93,1.697,1.4454,2.2972,3.1,85.3,3
5.14,11.95,-3.86,-3.81,1.5284,1.1415,5.4222,1.5,89.7,3
40.63,-0.07,-1.44,-0.3,0.7024,0.1291,1.4728,18.2,30.2,0
72.9,0.23,-1.05,2.16,0.2234,0.2537,2.4068,17.0,34.6,0
19.35,2.18,1.73,2.5,0.7917,0.3769,3.0403,12.2,71.7,1
34.11,0.71,0.02,-2.6,0.6252,0.1177,2.604,24.8,63.7,0
8.21,4.61,-5.95,7.58,0.8894,0.8799,9.6389,4.5,75.5,2
8.42,6.24,15.31,-6.02,5.4405,1.0722,16.448,4.2,78.6,2
51.51,1.19,0.7,-2.36,0.8508,0.1329,2.4612,22.4,49.5,0
24.01,-0.03,1.7,2.21,0.264,0.1236,2.7823,20.6,42.9,0
56.52,0.73,5.09,1.01,0.2213,0.226,5.1928,23.2,40.6,0
6.48,10.68,4.0,3.21,1.2055,0.5557,5.129,6.6,75.3,2
5.44,8.44,-1.25,-0.32,0.1954,0.7108,1.2897,5.8,82.5,2
5.14,10.36,2.67,-3.99,1.4825,0.6231,4.7956,3.7,82.7,3
61.46,1.15,-1.34,1.38,0.5075,0.1255,1.924,23.4,48.1,0
19.18,2.61,5.89,-3.77,1.5356,0.4831,6.9943,13.6,81.0,1
21.61,-0.05,1.48,2.5,0.3578,0.0595,2.9098,25.0,38.1,0
60.86,1.44,-1.26,0.39,0.2456,0.1116,1.3183,24.9,52.5,0
56.75,-0.8,-5.74,-1.54,0.2481,0.1095,5.941,18.0,59.7,0
63.98,-0.36,1.27,-1.79,0.1747,0.212,2.1976,21.1,45.0,0
23.32,3.4,1.13,-0.56,0.8775,0.3718,1.2613,14.2,72.2,1
19.07,2.52,-4.93,9.55,0.8376,0.6174,10.7441,11.7,69.3,1
14.9,5.37,2.18,-0.2,1.7245,0.8576,2.191,9.2,91.3,2
24.07,3.4,-6.25,-0.99,0.7302,0.6753,6.3289,6.7,65.0,1
14.0,7.95,5.21,-4.05,0.9196,1.3499,6.5967,3.9,82.2,2
43.06,1.46,-2.29,-1.59,0.5345,0.1241,2.7881,17.0,53.0,0
11.52,4.49,-8.49,-2.51,1.2853,0.7948,8.8551,3.5,91.4,2
47.68,0.54,3.54,1.78,0.3328,0.106,3.9592,15.4,47.8,0
24.49,2.87,-4.51,-6.33,0.5067,0.762,7.7757,9.5,68.5,1
5.64,15.33,0.9,-1.44,1.7291,2.0674,1.6999,1.4,83.4,3
30.6,0.07,-26.15,-18.44,0.4782,0.5923,31.9953,11.8,57.8,3
24.86,1.2,-0.08,-0.67,0.4556,0.1424,0.673,18.7,36.1,0
11.62,3.39,3.69,1.88,1.7548,1.4987,4.141,9.7,79.4,2
20.97,6.72,-3.59,4.28,5.1899,2.2364,5.586,3.6,85.3,1
12.7,3.72,4.86,-1.06,0.5397,0.5476,4.974,17.0,79.9,1
22.43,-0.32,-4.76,-0.84,0.1788,0.0585,4.8376,23.3,57.4,0
14.14,6.19,-8.67,-0.67,1.5726,0.952,8.694,8.6,77.3,2
7.3,8.0,5.86,2.26,1.325,1.0241,6.2807,7.4,74.4,2
1.39,12.45,5.06,11.06,1.9545,2.3427,12.1646,1.7,94.3,3
24.52,2.68,-28.16,-12.89,0.9466,1.0932,30.9712,13.8,65.7,3
25.09,2.56,17.25,-16.51,1.9889,1.0276,23.8807,14.2,66.0,2
33.59,0.55,-0.53,-1.95,0.5015,0.1837,2.0202,18.5,40.1,0
71.37,-0.64,-0.88,0.59,0.2432,0.1044,1.0615,16.9,34.2,0
5.47,6.52,-4.32,-3.03,0.5192,0.9371,5.2761,1.0,87.6,3
26.78,1.0,-3.02,4.78,0.3115,0.3635,5.6504,15.2,67.3,1
17.2,3.21,0.47,-2.87,0.9696,0.2206,2.9121,15.0,60.6,1
4.44,6.7,4.06,-5.16,1.4866,1.0733,6.5662,7.8,84.8,2
3.03,9.94,-0.6,7.16,2.3196,0.8357,7.1858,2.0,95.8,3
2.83,13.38,1.59,-2.82,1.2838,1.3967,3.2379,3.3,84.0,3
15.61,6.47,-9.67,4.63,0.8088,1.359,10.7216,3.5,75.8,2
19.28,2.59,-21.64,10.13,3.139,0.7567,23.8916,6.5,84.9,2
75.33,1.37,-0.34,0.04,0.2498,0.1037,0.3374,20.6,43.8,0
24.37,0.63,0.9,-0.3,0.3205,0.0719,0.9454,20.9,57.0,0
13.3,2.84,1.24,0.83,0.4478,0.4871,1.4945,17.5,62.0,1
3.17,11.99,-6.25,7.43,2.5183,1.3486,9.7113,1.6,84.6,3
12.72,5.19,4.45,8.19,1.5702,0.7725,9.3168,6.4,89.9,2
17.04,2.28,-28.7,-14.76,1.9925,0.753,32.2735,12.6,54.4,3
7.11,13.05,-2.52,1.56,1.6467,2.4926,2.9603,1.2,82.2,3
76.83,0.71,2.48,-1.26,0.4983,0.0902,2.783,21.2,35.5,0
10.04,3.61,-6.26,0.99,0.9802,0.9192,6.3377,6.1,71.8,1
0.5,3.7,3.85,12.36,1.3106,1.2086,12.9478,4.6,82.6,2
13.43,3.65,-6.4,5.49,0.8642,1.2634,8.4331,5.5,74.3,2
12.28,1.37,-16.7,16.71,5.0869,0.6866,23.6251,6.1,54.8,2
27.07,2.0,-0.16,-3.55,1.5938,0.4525,3.5519,13.9,79.3,1
27.92,1.3,-4.45,3.41,0.5816,0.579,5.6001,8.1,76.2,1
5.38,8.63,12.16,10.96,1.5323,0.1809,16.3734,3.4,74.9,2
7.08,11.44,-1.44,-6.44,1.9887,1.866,6.6025,1.1,88.6,3
37.34,0.45,2.36,-0.44,0.1955,0.0588,2.4007,18.3,37.6,0
63.3,-0.39,0.84,1.35,0.3436,0.0725,1.5958,24.7,43.9,0
18.07,0.73,1.64,1.37,0.4272,0.3284,2.1411,17.3,80.3,1
15.07,0.52,21.09,12.29,1.4975,0.6171,24.4035,14.5,73.8,2
10.18,2.04,6.72,3.31,0.8407,0.2981,7.4899,15.2,63.6,1
47.0,0.4,-2.32,1.86,0.8058,0.0918,2.9705,19.2,54.0,0
5.27,12.6,-5.07,0.6,3.2142,2.5093,5.1107,4.7,88.3,3
19.86,3.88,-2.91,2.84,0.4137,0.3458,4.0656,10.9,62.4,1
15.11,2.12,4.54,-0.58,0.5763,0.6831,4.5759,13.1,60.6,1
5.05,9.91,-12.51,-11.42,0.9147,0.964,16.9364,4.5,90.4,2
12.19,1.87,17.01,-13.17,2.2734,0.8354,21.5089,13.7,52.5,2
11.84,6.12,-0.29,1.38,2.2861,1.0076,1.4057,5.0,87.2,2
13.62,0.55,25.15,-11.25,2.8808,1.496,27.5517,14.5,72.6,3
26.49,0.58,-2.24,-9.84,0.5918,0.2251,10.0946,6.4,66.8,1
8.77,9.07,12.03,-14.16,0.6712,0.0987,18.5782,6.2,72.4,2
8.94,5.7,2.19,-0.08,1.1331,1.1418,2.1908,7.1,89.1,2
15.76,3.67,5.78,5.23,0.4432,0.8473,7.7998,10.6,75.8,1
4.47,10.27,9.35,-3.7,1.1587,1.133,10.0553,8.4,88.7,2
67.05,-0.14,-1.25,-5.11,0.639,0.0843,5.2634,21.4,57.0,0
8.2,10.07,-13.34,-2.47,1.1432,1.1836,13.5677,5.0,85.5,2
6.9,11.85,9.36,0.46,1.5421,1.2892,9.3667,9.1,91.8,2
3.97,6.64,-5.15,2.53,1.2307,0.81,5.7391,4.1,97.5,3
75.85,1.1,-2.6,-2.86,0.2878,0.2068,3.8699,19.5,30.2,0
43.04,-0.55,-3.08,-1.57,0.5992,0.2942,3.4626,22.6,46.4,0
48.36,0.46,0.82,-0.8,0.0964,0.2527,1.1474,16.5,51.4,0
11.24,1.25,0.75,-5.56,1.1474,0.2117,5.6084,15.8,58.1,1
10.03,9.36,-1.51,-13.53,0.5804,0.933,13.6163,9.6,80.6,2
55.6,0.58,0.56,1.32,0.2724,0.2598,1.4381,24.6,62.1,0
10.18,0.99,0.19,7.59,0.3828,0.4993,7.5945,11.7,55.8,1
18.43,3.4,-7.95,-1.51,0.1685,0.6581,8.0917,15.0,66.7,1
28.28,0.87,26.89,21.53,1.9154,0.9876,34.4469,7.7,53.2,3
2.78,16.4,6.05,7.61,1.9409,1.8673,9.7213,3.8,82.3,3
55.39,0.71,1.5,-3.26,0.57,0.0905,3.5863,24.7,64.7,0
5.88,5.87,-1.21,-12.87,1.1971,0.7617,12.93,7.5,73.0,2
6.75,11.82,-0.33,1.12,2.9185,0.898,1.1684,3.2,96.8,3
1.52,8.31,-11.61,-9.52,1.3157,0.6759,15.0119,4.0,92.7,3
20.16,0.13,-1.72,-0.92,0.4744,0.2502,1.9557,22.9,51.9,0
27.34,2.24,-23.81,13.96,0.6535,1.5963,27.604,6.9,50.4,3
10.91,5.03,8.37,-8.77,1.5874,0.95,12.1284,6.0,73.8,2
22.25,1.97,-7.48,-4.04,0.6368,0.5198,8.4988,12.6,66.5,1
0.53,14.78,1.11,2.81,1.3753,1.5988,3.0188,4.3,96.6,3
24.66,4.57,-12.0,-8.37,2.8608,2.2135,14.6321,5.3,91.6,2
37.71,0.65,-1.15,-1.41,0.2921,0.2285,1.8198,24.6,46.0,0
2.25,9.52,10.72,6.65,1.8082,1.4885,12.6212,2.8,95.7,3
12.84,3.39,-0.19,4.22,0.9602,0.2853,4.224,8.1,56.1,1
11.41,0.64,-4.26,-0.59,0.668,0.301,4.3036,6.0,74.5,1
23.71,0.37,-3.26,-0.09,0.2851,0.1324,3.2594,15.9,47.9,0
5.67,6.41,1.44,5.04,1.4322,0.8893,5.2443,8.0,83.9,2
19.06,1.88,-0.03,-1.38,0.7698,0.2513,1.3799,15.6,80.7,1
21.25,0.69,-0.13,-2.35,0.8803,0.4494,2.3548,10.6,60.9,1
4.78,7.9,4.98,3.2,1.0635,0.3223,5.9146,5.6,86.3,2
3.03,9.51,-5.86,0.6,3.237,0.8457,5.8884,1.5,92.2,3
11.01,9.53,8.7,-2.02,1.8087,0.3861,8.9329,8.6,80.5,2
15.09,2.06,2.84,-0.49,0.3101,0.2191,2.8789,11.1,64.5,1
31.64,7.76,2.28,0.81,2.7211,2.4934,2.4155,3.1,85.2,1
75.99,0.61,0.31,-0.48,0.4562,0.0895,0.568,18.5,30.2,0
17.47,2.87,2.96,-0.94,0.4872,0.5443,3.1034,17.2,57.9,1
20.16,2.42,-22.64,-14.72,0.7125,0.8835,27.0026,11.5,53.1,3
47.94,-0.56,5.32,0.36,0.792,0.1292,5.3284,17.7,53.5,0
10.44,2.8,-5.55,8.07,1.1669,0.5837,9.7924,8.4,77.3,2
71.47,1.16,0.97,-3.19,0.5085,0.2276,3.335,23.4,42.1,0
22.71,-1.69,24.27,-2.84,2.32,2.298,24.4333,6.7,85.1,2
22.76,0.99,-0.65,1.87,0.4917,0.0821,1.9777,23.7,51.7,0
78.19,-0.23,-0.47,-2.6,0.6422,0.1804,2.6473,24.8,34.8,0
14.34,3.58,-6.25,7.96,1.2338,1.045,10.1239,7.1,85.0,2
8.06,5.54,-3.98,4.11,1.4076,0.1871,5.7238,7.0,90.0,2
71.0,0.26,-0.83,-0.03,0.4433,0.1224,0.8281,24.7,50.9,0
64.61,0.87,-0.67,-1.6,0.2788,0.162,1.7347,23.8,31.1,0
13.14,2.93,4.3,6.71,1.8214,0.9566,7.9689,5.9,85.6,2
73.75,0.89,2.14,-0.45,0.4743,0.188,2.1816,20.4,43.9,0
23.28,0.64,4.32,7.42,1.1929,0.4588,8.5796,12.9,56.9,1
52.85,-0.85,0.9,2.88,0.3847,0.2355,3.0141,17.9,38.7,0
6.32,4.17,-9.99,-0.43,0.9054,0.5943,10.0035,7.9,90.7,2
10.91,1.64,-1.49,-1.3,0.5573,0.2269,1.9788,7.2,61.0,1
31.34,1.34,2.48,-0.97,0.3995,0.1316,2.6566,19.3,64.4,0
39.22,0.86,1.26,0.73,0.6795,0.1585,1.4535,20.7,47.0,0
7.38,7.81,-14.4,-1.34,1.6255,0.8784,14.4622,6.0,73.9,2
3.33,7.86,7.34,-8.17,2.533,0.9393,10.9848,1.0,92.9,3
4.07,17.18,1.06,8.74,1.6411,1.5922,8.8041,3.1,95.0,3
26.99,2.93,-17.99,-14.91,1.5429,1.171,23.3612,4.2,65.2,2
18.63,2.99,-6.59,-3.32,0.3345,0.1207,7.3746,6.8,76.2,1
26.07,1.01,0.13,2.34,0.5233,0.1663,2.3391,23.4,43.2,0
7.08,7.48,17.53,-6.45,0.5066,0.9259,18.6748,6.8,85.9,2
8.41,6.31,-2.78,2.86,0.7638,0.6557,3.989,8.1,78.1,2
11.83,3.65,11.82,6.5,0.7909,0.9642,13.4911,4.3,84.6,2
11.99,0.93,-2.32,3.09,0.779,0.806,3.8665,14.2,58.5,1
4.56,8.4,-8.41,-6.35,3.0305,1.2564,10.5354,4.0,86.2,3
47.88,0.87,0.44,-2.95,0.5557,0.0771,2.9854,20.8,30.4,0
9.56,7.76,12.51,-6.73,2.7813,0.9971,14.2073,8.4,80.5,2
15.07,4.38,2.82,4.62,1.6459,0.7148,5.4128,9.9,86.2,2
14.86,2.91,6.02,-4.77,0.8335,0.7504,7.6806,4.9,72.5,2
25.16,2.42,19.92,-15.7,2.9917,1.3216,25.365,6.2,67.1,3
57.46,-0.9,-1.64,0.4,0.3525,0.1398,1.6901,18.7,64.6,0
25.49,0.62,1.27,0.59,0.5395,0.1418,1.3968,24.0,35.3,0
5.49,3.93,6.77,-5.49,0.5974,1.4234,8.7139,2.8,86.1,2
2.98,17.7,-1.35,8.38,1.2144,1.0866,8.4838,5.6,84.8,3
4.27,16.02,-8.42,1.65,2.8138,1.3971,8.5857,3.6,93.8,3
79.41,-0.79,-1.62,-1.62,0.5548,0.1355,2.2914,20.5,45.8,0
7.6,0.82,5.5,6.54,3.3695,2.0948,8.5439,4.9,90.0,2
42.4,1.34,-4.58,-0.54,0.395,0.1696,4.6075,19.5,59.2,0
25.38,2.56,-1.2,3.71,0.7769,0.1783,3.9019,13.7,68.8,1
4.65,10.9,-1.19,4.53,1.6677,0.2133,4.6817,6.5,86.3,2
33.11,-0.25,-5.81,-3.33,0.5383,0.2531,6.6923,21.0,64.3,0
39.6,-0.57,3.76,-5.04,0.2546,0.1381,6.2923,15.6,59.4,0
27.98,0.52,7.34,-2.17,1.7986,0.3925,7.6491,11.8,72.1,1
15.55,5.69,4.89,-1.44,0.9798,0.8987,5.0949,9.8,80.9,2
15.26,2.55,-10.34,3.37,1.719,1.0949,10.8737,4.9,72.1,2
8.11,5.75,3.23,5.2,0.5856,0.5001,6.1205,5.5,77.6,2
15.85,3.23,-8.56,9.17,0.9837,0.2617,12.5507,6.0,87.2,2
20.35,2.81,-4.98,-2.93,0.666,0.1643,5.7813,10.4,60.9,1
13.67,3.65,-11.19,-8.76,1.1223,0.8324,14.2155,3.6,91.5,2
7.82,6.04,2.31,6.74,1.409,1.9426,7.1212,5.3,91.9,3
6.82,5.55,-3.14,-6.74,1.1409,1.03,7.4368,7.4,73.9,2
66.99,0.01,-2.73,1.47,0.4783,0.1016,3.1027,17.3,56.2,0
39.53,0.11,-1.98,-1.26,0.4344,0.3113,2.3452,23.6,61.7,0
23.29,0.56,3.16,0.37,0.4735,0.146,3.1823,16.7,37.6,0
12.74,6.57,3.08,2.05,1.6451,0.7084,3.7012,7.7,86.1,2
64.7,-0.44,-1.19,1.26,0.2953,0.1274,1.7307,16.2,54.8,0
20.28,1.29,-0.85,2.33,0.3654,0.0706,2.48,16.0,65.0,0
9.59,6.74,3.97,3.95,1.4752,0.7963,5.6052,8.2,90.4,2
31.04,1.42,-15.18,-14.92,2.0596,0.639,21.2835,7.4,62.7,2
13.0,2.56,-8.97,-4.06,2.691,0.574,9.8467,3.5,80.9,2
59.5,-0.89,1.42,0.18,0.2226,0.1599,1.429,24.5,34.2,0
26.26,3.25,6.13,5.23,0.6306,0.0328,8.0557,14.5,70.9,1
14.59,4.71,-11.23,10.69,1.2117,0.4898,15.5095,7.5,83.1,2
2.11,12.56,-2.69,-3.21,2.1122,0.9858,4.1872,1.7,82.4,3
15.67,2.78,11.58,-1.74,1.7775,0.45,11.7084,4.7,75.5,2
10.26,-1.39,0.39,12.34,2.2933,2.2777,12.3428,7.8,91.9,1
15.84,2.64,-0.65,-2.25,0.0834,0.5591,2.3427,17.1,66.6,1
15.57,3.53,0.22,-3.95,0.8292,0.5163,3.9582,11.9,78.0,1
27.45,2.66,3.04,0.86,0.3473,0.2115,3.1641,13.1,68.5,1
12.71,4.86,0.77,1.64,1.6844,1.1389,1.8115,4.4,79.9,2
17.49,3.64,8.53,-3.64,0.6178,0.4751,9.2693,11.9,59.2,1
1.46,8.35,1.71,7.6,2.0906,1.4995,7.7908,5.4,82.2,3
42.74,-0.93,0.94,-1.02,0.5804,0.1915,1.3866,15.1,63.2,0
0.84,10.67,0.06,5.47,2.4607,1.7468,5.4658,5.6,87.7,3
10.04,5.62,1.24,-6.6,1.7863,1.0902,6.7205,4.0,75.9,2
57.96,0.93,4.13,-2.41,0.1537,0.2079,4.783,16.3,31.2,0
11.43,1.1,-5.28,-0.71,0.6106,0.6394,5.3262,6.6,55.5,1
27.63,-0.2,-4.47,-3.94,0.4033,0.2161,5.964,15.2,47.9,0
27.22,0.47,3.1,-1.53,0.4738,0.0934,3.4591,22.3,64.6,0
11.0,2.37,0.44,-3.31,1.4032,0.356,3.3372,11.9,79.4,1
16.42,1.99,-0.19,-8.22,0.6424,0.1447,8.2262,7.4,74.6,1
25.28,4.21,2.76,17.24,3.3334,2.554,17.4628,7.8,83.9,1
32.99,0.22,-0.63,1.35,0.3968,0.1354,1.4885,18.2,46.1,0
39.2,-0.38,-2.15,2.82,0.1645,0.1171,3.5458,23.1,34.7,0
13.74,3.29,0.55,3.8,0.6878,0.2834,3.8437,15.5,60.2,1
33.45,1.55,-20.31,20.3,3.7102,1.3,28.7177,14.6,78.1,3
3.08,11.51,-0.39,-9.56,1.5838,1.129,9.5657,6.0,89.1,3
24.87,0.27,5.72,6.2,3.4984,0.708,8.439,5.8,81.3,1
4.73,7.22,-6.02,-1.11,2.1887,0.9512,6.1248,5.0,91.5,2
23.04,3.54,-7.86,-1.77,0.3862,0.3143,8.0588,14.9,56.4,1
14.54,7.73,-0.26,2.7,0.6176,1.5741,2.7106,4.6,78.7,2
5.98,6.02,-3.81,-3.42,2.0506,0.5175,5.1192,1.9,95.2,3
27.9,7.15,-5.31,2.3,4.0009,1.868,5.7892,7.8,80.4,1
33.24,1.3,29.01,19.34,3.705,0.7555,34.8666,7.9,58.4,3
11.29,3.59,1.33,-1.22,0.5186,0.0867,1.8024,6.9,61.9,1
11.26,3.15,-9.59,6.78,2.1655,0.3237,11.7498,6.1,89.2,2
18.47,2.36,2.56,-0.63,0.6548,0.2561,2.6348,14.1,78.6,1
5.84,9.86,1.7,0.45,1.1692,1.2457,1.7589,2.7,95.4,3
4.21,6.18,12.69,-2.22,1.6843,0.7257,12.887,7.2,77.1,2
24.43,1.25,4.87,-2.7,0.5829,0.7088,5.5631,14.6,58.3,1
25.02,-0.26,-3.11,2.56,0.6702,0.1922,4.0289,21.4,33.0,0
23.98,1.58,-27.43,-16.92,1.7912,0.3045,32.2251,7.6,64.7,3
23.8,-0.0,4.77,-1.93,0.7479,0.1948,5.1468,19.7,36.2,0
46.25,-0.37,-1.34,0.48,0.5683,0.1311,1.4248,17.9,39.9,0
67.02,0.82,-2.82,0.93,0.2369,0.1101,2.9657,17.7,49.1,0
48.77,0.75,3.12,0.96,0.2973,0.3342,3.2633,20.9,55.2,0
55.92,0.77,-2.99,1.18,0.3041,0.2578,3.216,17.1,58.8,0
5.04,4.61,-5.67,-0.49,2.2611,0.8652,5.6932,3.6,91.0,2
43.12,0.0,4.1,1.24,0.2414,0.1062,4.2813,22.3,57.7,0
3.8,6.86,9.09,1.48,1.3868,2.1218,9.2082,1.3,89.6,3
44.87,0.57,1.32,2.9,0.2247,0.1717,3.1879,16.1,44.9,0
3.25,12.84,-4.27,0.77,1.6389,1.4813,4.3396,3.6,87.0,3
17.23,1.57,-9.94,1.42,0.8203,0.3314,10.043,8.1,75.6,1
50.76,0.17,-0.27,-2.08,0.5369,0.1684,2.0969,22.3,49.7,0
0.67,15.39,-5.32,-4.13,1.2826,0.9346,6.7399,5.6,82.1,3
20.99,1.52,-2.41,3.92,0.7316,0.4291,4.6054,18.0,74.7,1
16.7,2.93,5.58,2.13,0.7873,0.2656,5.9712,8.7,59.5,1
25.71,1.65,-8.51,-9.94,0.41,0.0512,13.0817,17.9,69.9,1
15.54,7.31,-1.19,5.18,1.2393,0.6109,5.3153,3.6,76.2,2
12.35,2.6,-6.24,-0.54,0.6495,0.896,6.2653,14.7,61.4,1
4.58,6.76,-1.48,-1.49,1.883,0.6179,2.0994,3.1,83.0,2
6.48,7.05,-5.71,1.05,0.5677,0.813,5.8022,1.3,89.2,3
6.28,10.28,-17.38,1.3,1.888,0.8113,17.4299,4.5,91.9,2
26.05,0.71,5.97,-3.94,1.1831,0.5215,7.1517,14.4,82.0,1
26.15,2.28,-6.05,-4.59,0.8081,0.3198,7.594,8.0,56.8,1
47.22,-0.18,-0.56,0.84,0.3995,0.2281,1.0099,20.2,38.3,0
9.69,8.25,6.65,4.43,0.9935,0.6924,7.9901,5.6,83.5,2
73.82,1.17,-7.2,0.33,0.2476,0.2209,7.2069,19.8,48.9,0
21.29,2.54,-0.6,0.09,0.3371,0.6824,0.6071,8.6,61.7,1
13.71,0.85,6.04,-2.75,0.8793,0.509,6.6414,11.7,66.9,1
24.89,2.6,0.71,-5.26,0.8854,0.3391,5.3117,16.2,79.2,1
15.97,1.98,1.28,1.9,0.949,0.1601,2.2924,12.7,65.9,1
11.41,3.08,-5.67,6.02,2.2172,1.1623,8.2711,9.1,77.1,2
68.32,-0.14,1.21,-0.16,0.2343,0.2266,1.2212,17.3,44.2,0
2.79,8.44,8.27,4.99,3.7278,1.9419,9.6548,5.2,84.3,3
45.89,0.59,0.8,-1.17,0.2541,0.1498,1.4129,18.6,51.6,0
10.52,5.72,5.63,9.13,0.9805,0.5134,10.7278,4.5,86.4,2
1.23,18.2,-1.84,3.82,3.8518,2.0347,4.2362,4.2,83.2,3
4.49,5.32,-11.45,0.34,1.7054,0.8631,11.4579,3.9,75.5,2
23.59,0.61,-1.33,-3.38,0.4127,0.1821,3.6305,19.4,36.8,0
7.93,4.19,8.45,-2.04,0.9992,0.215,8.6878,6.0,82.8,2
50.26,0.91,-1.4,5.91,0.2487,0.0923,6.0701,24.4,56.4,0
34.75,0.09,-23.84,18.39,4.1702,1.494,30.1062,5.1,82.5,3
31.9,0.77,1.43,-2.89,0.3277,0.0725,3.2246,16.3,31.3,0
24.36,1.48,-2.85,-0.97,0.6573,0.3031,3.008,6.4,81.5,1
6.27,6.72,-9.95,-8.55,2.3955,1.098,13.1141,3.5,94.1,3
10.09,3.28,-4.81,3.25,1.6295,0.9244,5.8006,3.1,87.3,2
50.97,0.58,1.98,0.51,0.2761,0.1693,2.0391,15.5,48.1,0
45.15,0.46,-5.78,-0.67,0.4763,0.131,5.819,18.2,56.3,0
69.72,-0.75,-0.63,-2.81,0.3601,0.181,2.8814,18.5,58.2,0
15.06,3.7,8.52,-7.97,0.7833,0.1883,11.6684,11.5,55.8,1
14.95,2.05,-0.08,3.51,0.8494,0.5683,3.5114,13.2,55.2,1
10.69,2.86,4.51,-1.26,0.5744,0.1787,4.6793,13.6,67.1,1
2.53,9.16,1.85,0.18,2.1755,0.6165,1.8611,2.1,91.4,3
21.63,0.61,1.83,1.68,0.296,0.1304,2.4822,22.5,59.1,0
12.68,2.66,-4.03,4.24,0.8101,0.2028,5.8492,12.0,59.7,1
17.59,1.17,4.85,0.3,1.3048,0.665,4.8556,13.0,71.6,1
27.1,3.08,4.37,3.44,1.1696,0.5328,5.5627,11.1,68.1,1
18.58,1.68,-5.63,4.24,0.9067,0.4002,7.0516,13.1,69.5,1
72.68,1.37,2.48,1.18,0.5074,0.1367,2.7445,17.7,60.5,0
27.33,0.67,-0.18,0.82,0.297,0.1661,0.8413,24.1,51.7,0
50.57,0.6,-0.09,-0.53,0.1171,0.1285,0.5423,23.9,41.9,0
19.72,2.02,0.48,-3.41,0.8981,0.4442,3.4477,15.4,66.2,1
26.95,3.55,-2.67,2.13,0.474,0.1862,3.4163,9.3,68.8,1
14.22,6.38,-0.57,2.69,0.4678,1.2226,2.7501,6.1,90.3,2
66.24,0.93,-0.97,-2.32,0.7326,0.1766,2.5169,21.4,55.9,0
12.02,3.55,1.87,4.51,0.3612,0.8374,4.8771,3.7,81.8,2
18.25,2.49,-0.85,-0.55,0.6867,0.3391,1.0111,7.6,78.3,1
39.53,0.2,-0.51,-2.22,0.1885,0.1728,2.2736,17.8,51.2,0
13.25,1.72,-1.86,-0.63,0.4172,0.2783,1.9673,14.6,55.3,1
11.78,1.26,3.18,-2.83,0.9867,0.3177,4.2568,6.2,63.7,1
21.52,2.88,-4.97,1.49,0.7971,0.6854,5.1892,10.6,56.3,1
9.9,4.44,6.32,2.09,3.243,0.6465,6.6539,6.7,72.4,2
73.74,0.51,1.34,2.21,0.4848,0.2201,2.5879,18.5,33.6,0
25.76,0.34,0.65,0.57,0.2457,0.1636,0.8606,22.4,46.4,0
19.13,1.22,-2.36,0.46,0.3643,1.0682,2.4086,13.1,79.0,1
12.25,7.07,-0.94,-4.75,0.8429,0.698,4.8462,7.3,79.8,2
45.48,-0.02,2.61,1.01,0.4016,0.1655,2.7936,18.4,58.8,0
6.56,13.1,5.01,-2.28,2.1854,0.8051,5.5033,2.9,87.4,3
5.63,10.0,-4.62,-8.63,0.6659,0.6871,9.7904,5.0,77.1,2
37.47,2.02,-16.77,18.39,0.6637,0.6417,24.8924,12.6,55.8,2
9.85,3.55,8.21,1.67,1.049,0.4194,8.3741,4.8,79.5,2
13.29,0.62,-4.07,2.67,1.293,0.5967,4.8648,9.5,74.8,1
21.04,-0.26,0.6,0.75,0.7548,0.155,0.9622,24.4,52.0,0
24.34,1.23,-24.1,-18.59,1.4839,1.8631,30.4354,6.7,56.8,3
58.71,1.23,-0.54,-0.4,0.8313,0.2848,0.673,18.6,60.0,0
50.98,-0.01,-1.88,-6.0,0.6241,0.161,6.2881,22.9,30.5,0
15.84,5.57,4.27,-2.15,1.4725,0.232,4.7802,4.7,77.6,2
12.81,-0.41,-2.37,-7.66,5.0926,2.2433,8.0177,7.1,76.3,1
35.54,-0.36,-2.15,-3.56,0.5005,0.1214,4.1527,20.1,38.3,0
74.23,0.05,-3.24,2.04,0.5512,0.2593,3.8334,23.1,52.0,0
12.32,5.3,-5.93,4.44,0.4788,0.2775,7.4113,4.1,81.3,2
6.46,6.64,-5.36,-1.4,1.3439,0.4033,5.5405,8.4,84.4,2
33.52,0.69,0.71,-2.29,0.545,0.2167,2.3949,20.4,64.8,0
46.18,-0.81,-0.17,-0.45,0.3749,0.1133,0.4839,23.4,45.9,0
24.57,1.23,2.16,0.78,1.1575,0.3346,2.3016,15.4,76.7,1
4.56,4.76,-8.35,-3.14,1.6483,0.2636,8.9193,4.0,81.5,2
36.98,0.52,-1.41,1.01,0.4662,0.0406,1.7323,15.1,49.6,0
16.01,2.1,15.1,12.93,3.7674,1.1933,19.8762,13.2,64.7,2
11.04,0.66,-0.6,-1.39,0.609,0.2811,1.5166,17.4,76.7,1
5.44,4.9,-1.04,-0.02,2.3537,0.9693,1.0363,6.1,75.8,2
4.16,10.14,0.0,9.31,0.5452,0.2746,9.3142,3.2,78.2,2
10.8,3.45,1.6,-1.28,0.4727,0.6473,2.0524,13.4,59.3,1
4.61,11.04,10.23,-2.6,1.24,0.4411,10.5524,5.3,93.8,3
45.44,0.27,-0.34,-2.27,1.0818,0.1708,2.2954,24.1,56.1,0
3.84,14.17,-2.28,10.8,1.4884,1.6398,11.034,3.8,95.6,3
11.88,2.31,-10.51,3.43,0.5808,0.1189,11.0597,8.4,69.5,1
10.33,6.52,1.49,0.47,1.0253,0.6384,1.5569,9.1,86.4,2
24.87,2.24,-4.45,5.12,1.1086,0.3811,6.784,8.5,65.6,1
78.45,0.76,-1.61,0.3,0.3296,0.1185,1.6335,15.5,60.5,0
35.87,1.47,-15.4,-19.24,0.613,0.8909,24.6396,4.9,84.6,2
33.66,0.21,29.08,14.49,1.4072,2.1429,32.4945,13.5,73.7,3
6.41,9.53,7.3,0.24,2.9667,0.5148,7.299,5.3,96.0,3
73.55,-0.36,1.01,-2.17,0.4517,0.0875,2.3905,18.7,52.5,0
0.64,18.78,-1.21,-3.41,1.5093,2.5258,3.6184,5.5,94.1,3
7.68,12.0,11.34,1.43,1.2946,0.5036,11.4347,3.7,95.5,3
4.34,10.33,9.07,2.41,2.2846,1.4669,9.3893,2.9,97.9,3
12.01,4.21,5.76,-2.74,3.5735,0.1145,6.3735,8.7,79.6,2
16.16,1.16,1.37,0.19,0.7098,0.3671,1.3836,16.6,58.8,1
17.97,2.58,5.5,-2.34,0.5436,0.5923,5.9775,12.1,71.7,1
13.15,3.76,-4.03,2.98,0.7578,1.0331,5.0149,4.2,77.1,2
42.25,-0.36,4.05,2.32,0.2653,0.0518,4.6625,24.0,38.8,0
12.96,6.37,12.1,3.04,0.9199,0.4238,12.4761,7.8,76.9,2
60.91,0.24,-3.85,-3.04,0.4432,0.2506,4.9059,17.3,36.5,0
66.5,0.09,0.28,1.04,0.4074,0.1618,1.0763,20.9,62.7,0
62.25,1.36,1.73,-0.12,0.3819,0.2193,1.7381,24.5,35.0,0
73.92,0.11,3.22,1.59,0.2666,0.2128,3.5921,23.5,54.9,0
40.04,0.52,0.11,0.66,0.4552,0.0996,0.6678,24.6,57.9,0
26.4,2.07,-19.35,16.89,2.991,0.6625,25.6811,11.2,70.5,3
72.09,0.46,-1.2,2.63,0.3654,0.0686,2.8905,22.3,39.8,0
25.11,1.19,-2.28,-2.24,0.2649,0.2098,3.199,8.2,77.8,1
3.58,18.36,0.47,1.14,1.1144,1.3172,1.2328,4.7,93.9,3
24.75,2.36,17.27,-14.06,1.4,0.546,22.2718,7.4,72.2,2
3.68,10.63,-2.35,0.05,1.9948,1.4057,2.3471,5.5,83.2,3
18.73,1.28,-8.31,3.5,0.5662,0.5988,9.0184,14.2,56.2,1
63.44,-0.08,0.18,-3.38,0.35,0.2005,3.3859,16.7,31.2,0
14.71,6.84,18.86,-2.76,0.9328,0.7581,19.0645,3.7,73.2,2
9.14,6.18,-5.04,5.41,1.3549,0.3748,7.3957,8.3,86.0,2
0.7,20.64,-6.16,1.11,1.7958,1.6912,6.2576,1.7,96.2,3
66.68,-0.16,-2.51,0.1,0.607,0.0686,2.5073,22.8,30.6,0
21.15,2.49,-8.55,0.44,1.3366,0.6521,8.5603,16.2,63.5,1
26.85,3.64,5.83,-1.62,0.8375,0.4886,6.0491,11.2,72.3,1
28.24,-0.5,-2.73,1.4,0.3558,0.1855,3.0702,21.3,36.2,0
28.57,0.49,5.63,1.19,0.1989,0.258,5.7541,18.4,63.3,0
42.1,0.39,-1.57,-0.01,0.3481,0.0405,1.5675,21.9,31.3,0
49.67,1.08,1.87,-0.16,0.4335,0.0257,1.8721,21.1,59.3,0
11.69,4.73,18.15,15.91,1.5807,0.4691,24.1393,7.3,84.3,2
18.57,1.78,2.21,6.82,0.3983,0.2983,7.1727,13.0,60.9,1
72.21,0.54,1.95,2.33,0.4143,0.1354,3.0393,22.0,37.0,0
26.59,2.32,-18.83,-19.35,1.942,0.6369,27.0047,8.8,62.1,3
59.21,-0.95,-0.96,-1.93,0.3945,0.1414,2.1552,18.0,53.2,0
33.02,-0.52,1.73,3.82,0.4641,0.1263,4.1988,21.4,37.5,0
59.62,0.14,3.27,-2.55,0.1411,0.1152,4.1447,22.9,53.9,0
45.86,-0.31,-4.91,1.24,0.5063,0.1382,5.0687,21.9,58.7,0
25.46,3.48,-6.88,1.68,0.2453,0.4013,7.0784,8.6,80.4,1
3.81,17.64,0.19,-3.28,2.0197,0.7783,3.2835,3.7,97.3,3
32.22,0.62,-1.09,-0.16,0.711,0.1208,1.1015,19.4,55.6,0
5.27,15.88,4.12,-8.69,2.5772,1.3577,9.6162,1.2,93.5,3
50.73,0.57,-1.23,-1.3,0.5156,0.1614,1.7919,19.4,42.5,0
31.05,1.47,-0.64,0.59,0.1521,0.1818,0.8711,15.4,31.0,0
6.54,12.47,4.89,2.78,0.796,1.3012,5.6219,6.2,75.2,2
75.88,0.46,2.34,3.79,0.9623,0.1441,4.4516,24.1,51.1,0
75.34,0.48,0.4,-2.23,0.0714,0.2094,2.2642,17.9,34.9,0
1.22,15.38,4.24,7.28,2.3762,0.8231,8.4248,1.1,85.2,3
69.58,0.99,2.45,-2.5,0.2941,0.0894,3.5012,15.7,42.0,0
39.55,1.05,1.47,-1.1,0.3286,0.1327,1.8336,19.2,63.6,0
9.3,7.51,-11.4,8.62,0.7183,0.3744,14.2929,9.1,74.2,2
21.77,3.51,-1.82,2.5,0.9405,0.6777,3.091,15.1,64.4,1
24.94,3.91,6.42,-3.15,0.4405,0.548,7.1543,10.8,79.6,1
13.61,-0.35,-5.92,-10.53,4.7695,2.1434,12.0739,3.9,83.9,1
18.36,3.97,-3.74,1.5,1.0467,0.514,4.0254,10.6,66.2,1
25.47,1.89,3.59,3.24,1.6444,0.4481,4.837,7.1,68.7,1
74.9,-0.39,2.71,2.95,0.1469,0.2217,4.0024,20.5,36.1,0
59.9,-0.62,0.06,-2.09,0.5676,0.2027,2.0935,22.9,42.7,0
14.37,3.39,-5.01,2.47,1.1073,0.39,5.5881,16.2,55.2,1
56.68,-0.54,0.13,4.92,0.5317,0.1613,4.9233,24.4,49.1,0
1.93,8.08,-7.64,2.82,2.7586,1.7022,8.1402,5.3,86.2,3
0.62,17.82,-0.95,-5.93,3.2761,1.7752,6.0084,1.9,96.1,3
42.85,0.07,-2.95,-0.75,0.2956,0.092,3.0485,17.0,40.4,0
22.47,2.23,-9.6,0.85,0.5234,0.1929,9.6345,9.8,64.4,1
70.6,-0.06,-2.06,-2.19,0.5679,0.2305,3.0068,17.6,54.9,0
68.93,0.71,-0.6,3.09,1.0768,0.1646,3.1484,18.0,58.8,0
9.57,5.95,-3.13,1.84,0.4622,0.457,3.6321,7.7,87.3,2
27.68,2.85,-1.95,4.41,0.9007,0.6508,4.8189,10.1,71.9,1
11.21,1.91,-6.74,3.6,1.0365,0.2167,7.6412,12.7,60.6,1
1.61,15.41,0.79,-1.56,0.8634,0.7563,1.7519,1.2,96.1,3
5.15,9.8,11.75,3.07,1.7401,0.9456,12.1448,3.5,91.5,2
25.85,0.73,-0.97,-11.27,0.6157,0.5188,11.3111,15.8,81.8,1
6.78,6.8,4.55,-10.0,2.2757,0.7696,10.9841,5.4,91.5,3
17.06,2.91,0.63,1.7,0.9029,0.5031,1.8147,12.4,80.0,1
21.49,0.84,-2.85,4.02,0.6022,0.0874,4.9293,23.7,60.1,0
23.41,3.14,5.37,3.26,0.5672,0.5583,6.2789,8.5,78.0,1
12.84,7.06,5.56,3.05,0.7209,1.4033,6.3376,9.0,91.9,2
6.71,4.74,-6.82,-8.27,1.9519,0.6458,10.7161,2.5,95.3,3
22.06,0.57,3.21,1.08,0.4604,0.3619,3.3905,9.6,59.8,1
4.12,3.91,-7.28,-6.84,1.1281,0.3503,9.9909,5.4,83.5,2
75.64,0.59,0.81,-2.3,0.3034,0.1857,2.4334,18.7,58.1,0
9.98,4.05,3.42,-4.21,1.7504,0.3775,5.4261,5.7,83.2,2
12.81,3.24,-1.6,12.59,1.0035,2.1953,12.689,6.9,86.6,1
40.29,0.47,0.22,1.4,0.4275,0.2187,1.4168,17.4,53.4,0
3.14,17.09,8.56,-5.88,2.9189,1.1286,10.3794,2.2,97.7,3
65.81,-0.73,-1.48,2.26,0.2607,0.0505,2.6993,22.9,36.2,0
13.26,2.06,4.95,-1.49,0.8014,0.4253,5.1646,11.6,62.9,1
18.54,3.95,-3.91,-8.43,1.0034,0.1748,9.2902,15.9,67.9,1
7.18,6.97,9.93,-2.44,0.901,0.9253,10.2294,4.1,77.1,2
17.35,3.46,-6.66,3.06,0.6494,0.3904,7.3285,17.0,82.0,1
36.52,1.08,2.73,-1.3,0.1797,0.0751,3.0256,21.4,43.3,0
15.97,4.06,5.88,-5.54,1.2837,1.4711,8.0788,5.9,74.6,2
7.36,10.98,6.72,2.5,1.0959,1.2675,7.1737,4.8,91.6,3
67.81,1.43,-1.21,-0.0,0.2883,0.2578,1.2136,15.1,31.1,0
31.14,2.49,19.56,-21.69,3.8922,1.1619,29.2054,12.8,74.3,3
15.24,2.45,-1.47,-5.08,0.751,0.8176,5.2851,6.4,67.5,1
9.08,9.82,1.56,1.94,1.7774,0.5325,2.4894,7.2,82.9,2
2.65,7.73,-6.36,4.27,2.1783,1.5907,7.6598,4.4,97.2,3
6.25,9.28,0.5,-5.23,0.3637,1.3086,5.2565,2.2,97.7,3
14.73,5.39,1.6,-1.15,1.8722,0.6036,1.9685,8.7,75.8,2
68.21,0.65,2.19,3.5,0.5238,0.1379,4.1285,23.7,61.5,0
4.16,10.99,-7.42,6.14,1.5224,0.9456,9.6322,5.8,78.6,2
34.16,0.01,0.26,-1.11,0.3795,0.1917,1.1369,16.8,52.0,0
5.78,6.92,-16.82,-0.5,1.3016,0.6176,16.8307,3.8,79.2,2
31.21,-0.96,3.14,-0.35,0.7356,0.0695,3.1628,19.6,41.7,0
12.54,4.81,2.2,-10.51,1.5152,0.831,10.733,7.9,75.2,2
32.53,0.31,0.67,2.61,0.4525,0.2709,2.6905,21.0,32.7,0
25.76,1.18,-0.41,-1.39,0.4148,0.309,1.4486,10.8,68.3,1
42.69,0.52,0.94,-0.9,0.4496,0.2263,1.3062,22.4,58.7,0
7.62,5.99,11.26,10.61,2.9297,0.8262,15.4724,3.8,87.2,3
29.24,1.32,10.09,1.4,4.1311,2.8666,10.1818,8.0,93.6,2
14.65,8.17,-7.48,-11.91,0.7226,1.3573,14.0612,4.7,79.2,2
63.78,0.66,-6.55,-1.43,0.4891,0.207,6.7061,18.4,55.7,0
43.77,-0.06,-2.64,-0.57,0.6011,0.1242,2.7053,21.8,43.6,0
76.74,0.22,-2.85,4.91,0.2647,0.2317,5.6774,19.4,52.3,0
8.7,11.14,11.8,-2.67,0.9451,1.2167,12.0981,4.1,73.2,2
4.88,13.13,-6.11,2.71,1.7328,0.8831,6.6854,3.5,95.3,3
4.25,15.9,-1.32,-2.28,2.306,1.1631,2.6402,5.3,96.0,3
21.93,0.91,1.97,0.15,0.5974,0.2292,1.9796,24.9,60.3,0
24.24,1.3,-0.84,1.02,0.8689,0.2177,1.3223,16.0,69.5,1
37.62,1.64,17.88,17.08,0.3296,1.9424,24.7322,9.2,82.9,2
69.69,1.49,2.26,0.42,0.209,0.1294,2.2943,24.3,51.2,0
48.25,0.34,-0.9,-1.2,0.5063,0.1588,1.5048,15.8,49.7,0
13.01,5.74,-19.22,1.29,1.1061,0.9942,19.2646,7.0,79.4,2
60.18,-0.84,1.34,-2.1,0.1961,0.1219,2.4932,16.7,56.1,0
36.78,-0.55,2.22,1.92,0.1388,0.122,2.94,16.5,63.6,0
7.3,7.28,1.9,-10.51,1.2637,0.4769,10.6805,6.5,90.0,2
66.32,-0.36,-1.9,0.26,0.4398,0.0489,1.913,23.6,44.0,0
15.92,3.05,3.01,7.7,0.6647,0.5217,8.2716,11.0,69.4,1
30.83,5.07,5.74,14.52,4.0036,1.5719,15.6123,6.4,92.4,1
23.89,1.36,-5.26,-1.14,0.6526,0.4765,5.38,16.1,69.1,1
73.9,-0.52,-6.06,-0.42,0.751,0.149,6.075,22.7,60.3,0
61.31,0.74,-3.33,-3.71,0.4218,0.1553,4.9881,22.0,52.6,0
29.72,1.13,-1.44,0.75,0.4954,0.2829,1.6254,21.4,30.7,0
11.01,9.89,0.8,-15.91,0.9568,0.5385,15.9269,9.6,75.6,2
31.22,-0.57,-2.42,-0.17,0.4234,0.1317,2.4296,22.1,35.4,0
18.56,1.07,2.39,1.67,0.8814,0.548,2.9139,13.6,77.7,1
23.8,3.33,-6.52,1.42,0.5945,0.4749,6.6727,9.3,71.5,1
12.34,3.69,-0.7,7.99,1.7914,0.7971,8.0246,9.4,82.8,2
6.25,9.04,-0.31,15.23,1.1454,0.6492,15.2353,4.0,79.6,2
57.75,0.19,-2.03,0.79,0.3183,0.04,2.1795,16.4,58.7,0
21.86,1.15,-2.34,-4.58,0.396,0.5167,5.1442,8.9,63.4,1
65.11,0.81,3.84,-0.51,0.3069,0.0733,3.8749,20.9,43.4,0
5.64,3.26,2.16,1.25,1.6735,1.0526,2.5006,3.8,77.0,2
5.71,6.39,1.27,-7.66,3.4896,0.5212,7.7674,5.3,90.4,3
69.64,-0.74,1.05,2.27,0.3624,0.1687,2.5024,21.1,38.2,0
22.32,2.31,7.83,-12.18,2.3083,2.7093,14.4782,4.7,79.1,1
3.85,16.87,-1.34,-1.45,3.3486,1.1291,1.9715,3.2,97.1,3
7.74,11.2,9.32,16.3,0.7795,0.6179,18.7789,4.5,86.1,2
20.03,3.51,-2.54,-3.9,0.7247,0.1949,4.657,17.3,65.0,1
7.92,9.05,-11.88,6.62,0.7455,0.9667,13.5953,3.5,87.6,2
44.27,0.21,-0.77,3.36,0.3621,0.0459,3.45,15.5,32.4,0
1.59,7.7,-3.48,-2.89,1.6143,1.0689,4.5214,5.5,90.5,3
41.78,0.31,-3.3,2.36,0.7473,0.2307,4.0559,20.7,53.1,0
12.75,8.39,-11.45,-0.38,0.9422,0.4045,11.4577,7.5,91.5,2
27.79,7.2,-0.14,-3.24,2.0161,2.307,3.2453,7.6,93.3,1
5.26,6.93,-0.89,10.4,5.5329,1.2861,10.4356,3.0,84.8,2
6.38,12.07,-0.91,0.24,0.7538,0.9012,0.9411,2.5,84.0,3
37.36,-0.33,4.57,-4.53,0.3669,0.3154,6.4319,23.7,34.4,0
70.64,0.95,0.69,-2.43,0.7509,0.2561,2.5267,18.6,53.9,0
22.05,2.84,2.23,2.71,1.017,0.2686,3.5035,16.7,57.5,1
10.22,1.95,9.49,-3.56,1.4536,0.4241,10.1379,13.0,76.1,1
71.84,0.63,-0.57,-1.1,0.5821,0.0929,1.2403,16.7,43.1,0
6.39,11.2,-11.5,-1.48,2.5301,1.5012,11.5907,1.7,87.1,3
66.85,1.34,-2.77,0.81,0.5794,0.1504,2.8895,20.9,54.4,0
6.4,6.58,-0.35,-2.7,1.1241,0.9172,2.7244,4.9,91.9,3
34.03,0.38,2.35,-4.82,0.4446,0.1241,5.3599,21.1,31.2,0
6.15,4.28,-6.84,1.22,1.3397,0.6464,6.9483,3.1,73.8,2
79.42,1.32,-3.1,1.24,0.1727,0.0865,3.3345,18.4,46.8,0
55.42,1.38,0.75,-0.99,0.5777,0.1632,1.2404,15.1,63.9,0
22.82,-0.37,1.24,2.86,0.2784,0.1307,3.1178,18.6,61.6,0
21.86,1.86,-2.11,0.51,1.5959,0.1249,2.1693,15.2,79.8,1
13.46,0.53,10.09,7.8,0.6796,0.1645,12.7516,13.8,56.0,1
26.58,0.82,-29.87,-10.78,2.5957,0.8281,31.7561,4.6,82.9,3
45.68,-0.85,1.25,2.02,0.3984,0.1309,2.3786,22.0,41.2,0
56.47,1.17,1.68,-0.17,0.3728,0.1183,1.685,23.9,33.3,0
60.64,1.29,1.13,-3.1,0.7714,0.0432,3.3034,21.0,48.8,0
33.44,2.18,-25.6,12.83,2.9158,1.4512,28.6376,6.6,72.7,3
57.38,0.29,0.63,1.79,0.1721,0.0872,1.895,21.1,41.9,0
14.05,6.18,6.53,0.69,1.0647,0.6748,6.5664,6.8,84.2,2
29.05,-0.85,4.26,2.59,0.4906,0.1073,4.989,19.4,48.3,0
20.79,1.4,-5.6,0.85,0.8589,0.4454,5.6607,17.3,81.8,1
14.06,7.3,-12.47,4.81,2.0112,1.3798,13.3633,7.2,80.8,2
14.44,2.59,-3.27,-3.07,1.1739,0.2059,4.4816,11.1,74.8,1
61.29,-0.57,-4.05,-0.32,0.4367,0.1179,4.0611,18.4,61.0,0
39.51,1.49,-2.7,-0.42,0.1801,0.2534,2.731,22.2,37.5,0
12.49,1.81,1.88,-3.3,0.3576,1.0002,3.798,14.6,73.0,1
19.73,1.19,-9.35,-8.81,0.9636,0.2068,12.8468,6.7,61.8,1
9.69,4.71,-4.7,5.55,0.6466,1.412,7.276,9.0,82.2,2
20.72,1.31,-2.17,-0.18,0.187,0.102,2.1821,24.3,31.3,0
13.68,2.9,0.27,-2.38,2.0188,0.7006,2.3947,7.7,82.5,2
25.99,1.42,-1.87,-4.81,0.417,0.3591,5.1643,13.6,81.1,1
21.59,-0.5,-1.85,-2.03,0.4003,0.1551,2.7432,18.4,35.4,0
4.32,12.19,-4.23,-2.69,1.142,1.2255,5.0168,6.9,88.3,2
69.57,0.12,1.39,-0.58,0.3868,0.2385,1.5027,18.8,52.9,0
4.56,12.29,-8.36,-5.72,2.0455,1.8221,10.1244,3.7,85.2,3
23.19,3.57,3.72,5.7,0.7238,0.5495,6.806,11.3,57.9,1
53.56,-0.52,-2.41,-1.78,0.3989,0.117,2.9947,24.4,36.3,0
1.5,20.45,-10.9,4.58,1.419,1.304,11.8201,2.6,91.5,3
14.52,1.96,4.22,-9.29,1.0399,0.7529,10.199,11.6,75.5,1
18.58,1.73,5.74,-5.61,0.4871,0.6063,8.025,10.8,81.8,1
28.87,1.15,2.95,-1.21,0.6177,0.1552,3.1899,22.5,56.4,0
7.47,6.2,-1.31,5.13,1.7195,1.146,5.2942,6.0,91.6,3
29.93,-0.01,-1.32,2.91,0.438,0.0535,3.2014,17.3,53.8,0
56.4,-0.92,7.87,-0.96,0.429,0.2292,7.931,16.9,31.0,0
17.06,2.82,-0.28,1.46,0.9204,0.2918,1.4912,17.9,74.1,1
5.89,9.53,5.66,13.44,1.9845,2.3679,14.5799,3.2,91.1,3
19.48,1.44,9.45,1.77,0.819,0.2473,9.6121,9.6,68.9,1
6.57,8.35,-7.62,-3.67,2.3403,0.8831,8.4517,2.0,92.2,3
55.26,0.44,2.69,-1.81,0.8147,0.2109,3.2477,21.9,33.9,0
26.05,-0.92,-3.18,-1.8,0.5071,0.204,3.6566,15.6,47.6,0
11.61,3.65,11.23,3.79,1.4048,0.6301,11.8528,3.9,80.4,2
4.46,8.16,-19.13,-2.8,0.5835,0.9773,19.333,6.5,87.1,2
14.48,3.59,-7.73,6.38,0.2089,0.3725,10.0272,7.4,72.3,1
30.98,0.7,-0.55,0.74,0.5106,0.1823,0.9268,17.9,59.8,0
13.44,4.24,2.69,2.03,1.1428,0.9551,3.3734,5.3,89.5,2
6.6,11.46,-4.1,16.54,1.4337,1.2603,17.0406,5.9,81.5,2
3.29,13.52,-12.21,5.54,2.6685,1.5122,13.407,4.9,88.2,3
7.76,9.1,-11.44,-3.28,1.2262,0.8418,11.9005,5.5,76.9,2
23.19,0.64,2.48,0.1,0.6243,0.2625,2.4789,21.5,38.1,0
60.35,0.79,-1.87,-0.19,0.4052,0.1791,1.8807,23.3,32.9,0
12.46,4.58,-1.01,-18.9,4.3475,1.6622,18.9283,5.8,86.4,1
21.32,0.16,-22.02,-19.63,1.8099,1.5765,29.4948,8.7,81.0,3
34.97,1.95,21.4,16.59,1.4486,0.6496,27.0759,14.4,60.9,3
41.44,-0.12,-1.0,-1.28,0.4068,0.0929,1.6232,15.2,41.4,0
42.93,0.73,-0.43,-1.32,0.2214,0.0834,1.3851,24.9,40.5,0
65.12,0.9,0.23,-0.78,0.6052,0.2374,0.8136,20.2,36.9,0
12.28,3.92,-6.29,0.29,1.1608,0.4065,6.2933,8.6,88.7,2
24.32,3.35,-3.46,-3.38,0.7471,0.4558,4.8386,8.6,57.9,1
16.81,2.8,-8.5,-4.89,0.8343,0.5713,9.8071,8.6,57.1,1
22.44,1.0,7.64,-1.81,0.7573,0.4511,7.847,16.0,78.2,1
76.23,0.33,-3.22,-2.26,0.4233,0.1037,3.9322,16.5,54.0,0
21.37,2.02,3.83,-0.02,0.3945,0.1028,3.8288,17.4,57.6,1
4.17,9.32,-0.87,-3.4,1.5954,1.2619,3.5132,6.2,88.6,2
41.81,0.36,-5.33,2.24,0.3414,0.1521,5.7864,19.4,50.2,0
22.99,2.09,-23.63,-20.05,4.6626,1.0532,30.9891,14.5,69.6,3
5.11,4.49,-2.63,-2.11,0.8578,0.4852,3.3743,3.1,74.7,2
65.34,-0.66,-1.79,1.33,0.1524,0.2162,2.2293,16.8,61.3,0
52.46,1.4,3.14,-2.08,0.6054,0.2009,3.7697,20.6,34.3,0
78.67,-0.2,0.75,0.11,0.2779,0.0943,0.7554,16.0,42.1,0
24.61,0.58,1.93,7.74,0.5367,0.3658,7.9741,12.8,55.3,1
9.47,5.96,-10.68,2.99,1.3363,0.4817,11.093,4.2,91.1,2
4.44,16.74,-1.51,8.61,1.5978,1.0177,8.744,3.3,95.1,3
76.88,1.07,-1.97,1.93,0.2218,0.2619,2.7593,20.4,62.3,0
8.7,8.29,3.52,-1.0,0.9373,0.9355,3.6596,3.5,73.1,2
7.99,6.44,-13.47,-11.22,3.1426,1.2153,17.5317,7.0,79.2,2
29.23,1.23,1.25,-1.19,0.4326,0.1947,1.7242,17.0,48.5,0
56.77,1.03,-0.19,1.21,0.4348,0.2527,1.2276,24.7,44.5,0
46.81,-0.69,-3.23,-0.45,0.8331,0.1654,3.2658,18.0,32.9,0
3.11,7.73,10.25,-6.53,0.7882,0.7788,12.1539,5.9,95.3,3
74.64,-0.43,2.81,0.01,0.2188,0.1893,2.8121,15.8,54.0,0
33.0,1.32,-2.78,1.01,0.376,0.1906,2.9599,16.6,62.4,0
25.57,3.82,-1.72,-2.79,0.6292,0.4206,3.2776,11.1,65.9,1
13.68,6.15,-7.29,8.58,1.6254,0.6046,11.2587,7.9,75.7,2
33.1,1.48,-1.42,-0.54,0.5205,0.1949,1.5152,19.2,51.0,0
11.38,6.64,5.98,9.06,2.4665,0.41,10.8546,3.3,87.6,2
9.34,0.81,17.76,12.39,2.7378,1.432,21.6552,9.3,52.1,2
15.94,7.26,-3.25,2.47,1.4788,1.0227,4.0852,9.5,90.4,2
8.71,2.9,-4.09,-4.15,1.9837,1.3043,5.8212,8.5,87.6,2
6.95,3.14,-6.32,-1.58,1.5861,1.0152,6.5143,5.1,85.7,2
72.02,0.26,-4.76,2.86,0.2116,0.1733,5.5531,18.5,51.0,0
10.51,6.49,-0.74,-2.98,0.6921,1.2927,3.0658,8.0,82.7,2
25.83,2.6,-1.59,-3.09,0.43,0.602,3.4733,9.9,77.4,1
2.52,18.42,0.93,-0.78,3.4204,1.018,1.2118,4.7,88.0,3
4.18,11.04,0.84,6.77,0.8659,0.6829,6.8237,6.0,76.0,2
2.54,18.8,-0.92,-11.67,1.1077,0.6814,11.7099,2.2,87.0,3
26.68,1.85,-3.36,-2.14,0.6445,0.6252,3.9779,17.3,79.8,1
14.33,1.44,2.47,11.49,1.1152,0.0943,11.7551,14.0,68.6,1
27.24,3.13,-7.34,0.8,0.6482,0.5915,7.3812,12.4,63.7,1
4.09,8.02,-5.32,4.44,1.0647,0.8747,6.9304,3.0,89.4,3
40.5,0.58,-0.16,-3.9,0.8309,0.259,3.9045,23.8,64.7,0
1.27,12.49,1.32,-3.24,1.4937,0.3338,3.5002,5.6,97.0,3
17.48,1.99,-0.57,-5.32,0.2339,0.5946,5.3549,17.0,71.4,1
61.96,-0.06,0.06,-1.19,0.5261,0.1465,1.1901,16.7,58.1,0
6.53,7.29,25.01,4.66,3.6748,1.9334,25.4384,4.5,92.7,2
15.17,3.08,3.21,-2.74,0.877,0.3972,4.2274,4.9,77.8,2
60.69,1.43,-2.79,2.03,0.4236,0.1723,3.4495,22.9,37.1,0
25.22,0.23,19.73,11.5,2.1425,0.8299,22.8329,4.4,72.3,2
40.6,-0.08,-5.33,-0.97,0.7977,0.0963,5.4161,18.4,56.6,0
9.82,3.98,-2.12,6.67,1.6484,0.7467,6.9956,5.3,74.6,2
15.79,6.08,-3.15,0.6,0.4893,1.3257,3.2088,6.7,72.2,2
12.69,3.04,-0.14,-0.45,0.3973,0.3697,0.4689,14.7,76.4,1
21.43,1.47,-5.06,-4.17,0.5897,0.1491,6.5579,17.6,75.1,1
13.07,6.41,2.76,6.81,1.0365,0.9486,7.3505,5.8,83.6,2
38.91,1.27,22.72,-21.03,1.889,0.8715,30.9541,13.6,83.2,3
30.63,-0.26,-0.63,-1.48,0.4283,0.1831,1.6133,23.3,31.3,0
33.35,1.04,-2.07,0.42,0.2515,0.2001,2.1099,24.7,39.8,0
14.99,2.94,1.23,-3.1,1.354,0.3498,3.3315,15.6,60.3,1
18.77,2.5,-1.53,-5.1,0.349,0.4229,5.3224,15.0,66.5,1
43.35,-0.98,0.7,-2.64,0.4645,0.2438,2.729,22.4,55.8,0
15.39,7.03,8.82,-4.05,0.9478,0.7467,9.7055,8.4,91.7,2
74.41,1.09,-0.69,-0.99,0.3595,0.0856,1.2102,24.9,40.4,0
23.15,1.45,-1.97,-2.17,0.4235,0.1168,2.9319,21.9,63.4,0
16.9,2.87,-6.16,-4.37,0.3262,0.545,7.5494,8.5,62.9,1
0.87,7.99,7.68,-8.78,1.176,0.6519,11.6659,5.2,93.3,3
24.35,0.15,8.33,-0.06,0.2124,0.3097,8.3259,18.7,35.5,0
23.3,1.39,-4.16,3.35,0.7205,0.3783,5.3407,8.0,68.7,1
65.3,0.99,-2.08,-0.49,0.2714,0.3347,2.135,15.8,33.7,0
56.63,0.88,3.09,-1.47,0.2003,0.1789,3.4272,19.3,40.0,0
56.76,-0.14,2.75,-0.17,0.2526,0.144,2.7516,16.7,63.9,0
75.66,1.26,-0.17,-2.35,0.747,0.2226,2.3558,23.9,50.6,0
6.33,13.64,-5.51,4.74,1.1342,0.8809,7.2689,5.6,94.7,3
77.92,-0.04,1.62,0.31,0.1734,0.227,1.6507,21.3,38.7,0
15.23,1.42,0.52,11.43,0.7906,0.6574,11.4388,16.4,58.5,1
54.45,1.34,-0.6,-2.14,0.5877,0.2513,2.2271,19.2,51.9,0
23.97,1.27,-6.13,-5.63,0.6189,0.2816,8.3232,8.0,61.9,1
33.45,-0.36,-1.26,1.58,0.6151,0.1331,2.0203,21.7,54.7,0
65.24,-0.59,2.98,0.84,0.4596,0.2001,3.1009,16.6,38.8,0
8.8,7.99,-5.0,-5.29,0.0886,0.3253,7.2817,7.4,85.8,2
28.71,0.96,-3.13,-1.36,0.2282,0.2116,3.4087,20.7,57.7,0
13.58,8.36,8.05,5.31,1.0317,0.2559,9.6453,6.9,78.6,2
10.8,0.95,-5.6,-1.33,0.8191,0.0778,5.7598,11.7,60.6,1
77.36,1.04,1.59,-1.08,0.2494,0.126,1.9207,21.7,39.6,0
6.68,13.12,4.24,3.82,1.493,2.3652,5.7043,2.8,95.2,3
14.48,1.99,8.39,-4.6,0.5214,0.279,9.5661,6.5,67.4,1
8.13,2.05,-27.82,20.22,2.0786,0.2753,34.3947,9.8,80.6,3
46.5,1.29,-1.33,0.27,0.8422,0.1302,1.3566,15.9,49.1,0
32.65,1.65,-18.47,-13.29,2.1034,0.5337,22.7574,12.7,58.7,2
54.96,0.43,1.31,-0.32,0.6111,0.1413,1.3475,15.8,34.0,0
33.38,0.14,-3.23,-1.03,0.4395,0.0856,3.3903,18.4,59.0,0
30.75,0.34,-0.05,2.42,0.1874,0.1737,2.4236,15.4,46.9,0
18.4,2.62,7.33,2.49,0.1315,0.3954,7.7373,14.5,72.5,1
49.33,-0.69,-2.94,3.29,0.5549,0.1426,4.4103,22.2,51.2,0
26.62,2.83,-3.85,1.85,0.4339,0.5754,4.2676,16.9,76.3,1
21.13,3.83,5.96,1.57,0.377,0.2469,6.1631,7.4,70.5,1
10.89,0.79,-3.96,-3.54,0.2616,0.6409,5.313,16.3,78.5,1
13.09,4.1,-8.05,-6.34,1.2088,0.9244,10.2473,8.5,84.8,2
3.71,13.01,-1.45,-4.13,1.6811,2.045,4.3795,1.9,88.0,3
9.42,4.65,1.0,1.37,3.1214,0.7086,1.7024,9.9,75.9,2
6.1,6.9,0.94,4.48,2.1802,0.7693,4.5746,9.8,88.3,2
24.15,2.25,5.49,-2.78,0.4833,0.4324,6.1527,13.5,77.8,1
2.21,17.14,8.96,1.62,1.7085,0.5226,9.1099,5.2,83.1,3
6.62,10.02,-3.53,-1.0,1.0256,1.7062,3.6667,1.4,82.0,3
49.38,1.21,-3.18,0.38,0.5147,0.1658,3.2044,15.4,42.0,0
23.09,3.12,2.59,7.64,0.6008,0.4469,8.0665,13.5,60.3,1
8.39,9.69,4.1,-1.82,0.9314,0.4206,4.488,9.5,80.1,2
12.28,8.72,-8.41,-12.04,2.0106,0.5649,14.6862,9.1,81.9,2
7.3,8.02,4.51,-0.37,1.8767,2.4435,4.5248,3.3,92.5,3
43.78,0.61,-0.27,-0.37,0.4724,0.0716,0.4536,16.8,44.4,0
24.41,2.65,8.23,3.48,0.5758,0.2403,8.9382,16.1,76.0,1
2.92,16.32,-6.81,2.2,1.9823,1.5836,7.1562,5.6,91.3,3
32.0,-0.75,-3.12,3.49,0.668,0.2203,4.6829,20.2,46.7,0
27.71,2.01,-5.73,0.85,1.0548,0.4775,5.7895,9.2,71.5,1
25.84,3.09,4.67,5.84,0.7479,0.2317,7.4767,17.6,55.6,1
23.74,3.9,-2.21,3.17,0.7004,0.5328,3.8667,11.4,79.7,1
5.44,10.9,-4.68,2.07,1.587,1.1527,5.1218,7.4,80.9,2
48.87,0.21,2.9,0.71,0.3963,0.074,2.9892,18.1,41.4,0
1.75,14.3,2.39,-11.45,2.1099,1.1207,11.6955,3.4,90.9,3
7.52,4.57,-8.01,-4.26,3.7672,1.2147,9.0673,4.4,92.3,3
5.34,12.56,-5.37,-0.16,1.1188,0.9045,5.3692,7.8,86.5,2
7.6,10.22,-10.09,-0.06,1.2532,0.9713,10.0947,3.6,84.1,2
22.11,-0.24,0.77,2.29,0.2749,0.166,2.4123,24.6,37.8,0
0.63,10.99,7.96,6.9,2.3448,1.1663,10.5316,1.5,95.6,3
14.81,0.71,2.61,1.47,0.4112,0.6284,2.9983,10.7,62.9,1
18.52,1.85,-2.79,-2.18,0.612,0.25,3.5399,14.7,73.4,1
76.82,-0.24,-0.06,-4.33,0.3421,0.1185,4.3256,23.3,36.8,0
0.65,12.02,0.8,0.75,1.6837,0.7728,1.0966,4.3,95.1,3
23.2,1.37,-2.45,1.3,0.4683,0.3434,2.7696,9.5,78.8,1
13.66,4.36,-9.92,-1.93,1.4769,1.0734,10.1058,8.1,74.1,2
41.82,1.44,2.02,-1.77,0.1947,0.2104,2.6906,21.5,35.2,0
26.09,0.56,3.76,-3.6,0.2596,0.1893,5.2052,15.0,72.8,1
35.71,0.07,-1.63,3.64,0.494,0.1614,3.9934,17.8,46.0,0
25.03,3.39,8.01,8.81,0.3315,0.3468,11.9067,10.0,61.4,1
30.55,1.39,-0.8,-0.07,0.6778,0.3011,0.8007,21.0,63.3,0
78.22,-0.23,0.45,-3.58,0.2128,0.0847,3.6065,15.8,38.3,0
15.86,3.86,-12.49,-0.03,1.7214,0.7688,12.4924,9.1,73.7,2
7.55,6.42,-10.95,1.87,1.5121,0.9255,11.1107,3.1,72.4,2
49.35,0.51,-0.0,-1.75,0.8724,0.1022,1.746,19.6,30.3,0
60.1,0.3,-4.59,-1.93,0.3047,0.2436,4.9779,15.3,61.7,0
4.2,10.77,7.43,6.55,0.3446,1.5568,9.9039,1.2,83.4,3
65.06,-0.84,2.49,0.12,0.5381,0.1565,2.495,20.8,30.1,0
40.16,-0.87,0.46,-0.5,0.2095,0.1723,0.681,21.4,42.5,0
6.57,7.28,-6.1,3.83,1.1227,0.5732,7.2024,4.9,80.3,2
13.05,8.08,-2.42,-9.38,1.6903,1.5893,9.6851,7.8,83.5,2
53.07,-0.76,1.74,0.76,0.9858,0.2914,1.9031,21.3,63.2,0
23.79,1.25,29.11,-21.38,1.008,0.912,36.1179,6.3,56.4,3
77.89,-0.68,0.4,2.19,0.3965,0.2224,2.2244,24.8,32.9,0
13.45,3.16,-1.34,5.36,1.4529,0.2414,5.523,13.7,72.9,1
63.8,1.18,-5.55,3.91,0.1118,0.1929,6.7911,21.2,61.9,0
39.47,0.93,-4.43,-0.14,0.3262,0.1076,4.431,18.4,55.9,0
12.33,7.57,-0.79,-3.67,0.8052,1.3138,3.7565,8.4,83.9,2
23.66,1.48,-1.3,2.42,0.3444,0.1453,2.7425,15.4,33.1,0
40.73,1.41,2.44,-1.25,0.467,0.3153,2.7419,17.6,45.4,0
4.36,16.81,-4.32,-1.99,1.6508,1.0363,4.7556,1.5,93.4,3
26.6,2.73,4.44,-1.66,0.7372,0.4514,4.7378,14.8,72.7,1
11.24,1.54,-3.79,2.48,0.4115,0.2612,4.5327,11.5,76.0,1
35.78,-0.74,0.97,-2.55,0.2711,0.2248,2.7233,23.7,53.4,0
8.56,10.97,13.93,1.4,1.7252,0.8737,13.9994,8.2,81.4,2
8.77,6.75,4.08,-8.16,1.8851,0.9483,9.1169,8.8,76.2,2
77.43,-0.16,0.94,0.5,0.4237,0.3086,1.0644,18.8,49.3,0
10.55,3.86,-5.86,-7.49,0.5026,0.2728,9.5106,17.3,58.9,1
28.81,0.54,1.17,0.3,0.4858,0.1884,1.2116,15.6,55.0,0
19.72,0.94,0.29,-2.14,1.3486,0.4166,2.1555,6.6,80.8,1
11.34,0.7,-1.26,0.06,1.0735,0.2416,1.2604,8.4,73.1,1
38.47,0.8,-3.26,4.0,0.2224,0.2513,5.1626,24.3,43.4,0
58.06,-0.64,0.01,-2.51,0.3997,0.3069,2.5064,23.7,50.1,0
72.59,-0.98,-0.32,1.25,0.6498,0.0795,1.2904,15.8,54.8,0
31.28,1.48,28.44,-15.67,3.1724,1.3725,32.47,5.8,79.6,3
16.03,1.54,2.55,-3.78,0.7125,0.3508,4.5571,11.2,64.2,1
56.69,-0.19,4.3,1.3,0.2437,0.1249,4.4957,24.8,57.2,0
30.77,-0.96,-1.96,-0.34,0.3824,0.1262,1.9856,23.7,50.1,0
41.41,1.12,0.93,-1.89,0.243,0.0814,2.1083,21.0,52.6,0
14.42,4.36,-11.88,-5.37,0.8641,0.5065,13.0385,4.4,78.9,2
25.73,1.65,-10.66,6.9,1.1755,0.1535,12.7002,8.8,77.5,1
24.66,2.21,-2.88,-2.51,0.8194,0.2632,3.8186,6.7,73.4,1
78.45,0.03,-2.27,-2.1,0.4973,0.2412,3.0947,18.3,38.7,0
4.92,5.67,6.42,-2.87,1.1506,1.0433,7.0274,4.0,86.8,3
27.77,-0.19,2.22,-0.51,0.4838,0.0707,2.2803,16.1,62.7,0
12.54,3.38,2.62,6.27,1.0745,0.433,6.799,9.8,85.8,2
13.36,0.6,-3.74,-1.55,0.5662,0.5653,4.0525,13.4,64.5,1
74.97,-0.25,0.93,0.45,0.947,0.1486,1.0339,16.0,51.5,0
7.26,5.33,-16.73,-9.66,0.9736,1.0204,19.3185,5.9,79.8,2
54.0,-0.42,0.21,-1.52,0.2912,0.1247,1.5293,15.1,54.2,0
57.51,1.17,0.17,2.94,0.4319,0.1438,2.9471,22.7,41.7,0
65.75,0.35,0.55,-2.42,0.5283,0.1909,2.4809,18.1,32.0,0
19.33,3.5,3.85,4.25,0.5939,0.2913,5.7342,17.2,76.9,1
21.59,-0.25,3.76,-0.62,0.672,0.1295,3.8101,24.9,61.8,0
73.95,0.12,2.95,-0.63,0.4771,0.326,3.0216,18.1,31.4,0
6.56,5.86,-3.98,-1.89,2.1977,1.2651,4.4053,4.3,97.3,3
7.44,3.33,11.77,-11.07,2.0961,1.4061,16.1576,7.8,77.7,2
20.24,0.99,2.17,-5.39,1.0703,0.3226,5.8145,14.4,59.3,1
2.25,15.26,11.55,7.87,1.6633,1.5066,13.9739,4.6,95.2,3
29.25,7.89,-10.46,-2.63,3.1853,3.0212,10.7895,5.0,94.3,2
22.86,1.05,7.13,0.06,0.9352,0.1774,7.1307,8.5,66.3,1
29.11,-0.62,-0.5,1.27,0.3786,0.144,1.37,17.9,30.8,0
14.12,4.4,2.62,0.41,1.5254,0.6279,2.6493,5.0,87.1,2
14.72,2.07,5.83,-0.58,1.0647,0.5559,5.8636,13.9,63.3,1
62.85,0.76,-0.0,-1.5,0.7589,0.2299,1.4967,21.1,63.8,0
59.91,0.97,2.03,-1.48,0.3655,0.1929,2.513,21.0,34.5,0
10.49,9.46,2.2,-5.35,1.2616,0.7327,5.7866,4.7,91.5,2
29.09,0.73,-3.65,1.84,0.6093,0.077,4.0904,18.3,53.2,0
10.51,2.39,-6.77,0.46,0.5607,0.6292,6.7908,8.2,80.7,1
4.62,10.65,-1.49,3.38,4.112,1.0768,3.6883,3.5,83.1,3
21.88,1.13,-0.02,1.29,0.5064,0.1084,1.2853,18.3,63.8,0
5.39,7.03,0.72,-2.06,1.5616,0.6902,2.1868,3.5,74.4,2
22.65,2.11,-6.92,-6.37,1.3188,0.1793,9.407,8.5,81.0,1
8.71,8.25,-6.77,6.83,1.0154,0.629,9.6184,3.2,83.8,2
17.66,2.78,-0.98,-4.3,1.2116,0.6234,4.4146,13.9,76.3,1
5.06,12.08,15.8,-8.09,0.8933,1.1232,17.7551,8.7,80.8,2
12.47,4.5,3.03,-0.37,0.9699,1.2208,3.0511,5.4,90.9,2
5.23,11.04,-2.21,6.4,2.0418,0.9039,6.7714,5.4,93.0,3
14.38,5.78,-2.35,-7.98,1.1505,1.1299,8.3189,5.8,84.3,2
15.93,5.12,1.81,-12.54,1.0756,0.5059,12.6659,3.7,78.7,2
12.7,1.27,-8.88,-1.02,0.4879,0.6413,8.9361,11.3,78.6,1
74.46,0.7,1.31,0.57,0.3911,0.1241,1.4316,19.7,49.1,0
49.17,0.39,-1.65,0.44,0.352,0.1626,1.7123,19.0,45.2,0
15.57,6.83,21.04,-16.37,2.5457,1.005,26.662,6.4,88.6,2
79.85,-0.35,-2.16,0.97,0.485,0.0764,2.3692,20.3,57.5,0
63.02,1.3,1.23,-1.47,0.4987,0.2163,1.9173,24.6,43.1,0
19.97,3.73,-13.53,3.22,5.2672,1.7332,13.9094,6.0,94.0,2
6.39,5.25,2.34,2.58,1.3398,1.4548,3.4881,3.2,79.6,2
10.49,1.38,-2.41,4.59,1.0844,0.4729,5.1805,15.4,61.2,1
4.08,8.92,1.62,-0.56,1.3622,0.9386,1.714,2.4,92.4,3
62.76,0.17,-2.35,0.92,0.474,0.191,2.5193,21.2,40.6,0
15.9,5.64,2.55,1.65,0.4868,1.5736,3.0392,9.4,83.1,2
1.6,7.94,-4.53,-3.84,3.1292,2.5677,5.9416,3.2,84.1,3
42.2,-0.24,-0.05,-2.62,0.6058,0.1224,2.6164,21.9,51.8,0
5.98,10.0,-2.68,0.67,2.046,1.0964,2.7596,7.8,77.9,2
10.41,1.08,-4.02,-2.15,1.1108,0.3313,4.5631,14.7,58.4,1
39.97,-0.41,7.09,-3.69,0.8298,0.1228,7.9946,21.2,40.6,0
14.87,1.51,8.89,-5.01,0.4109,0.25,10.2062,15.5,55.5,1
45.43,0.73,-3.81,1.83,0.5467,0.1326,4.2234,20.3,48.6,0
39.26,1.29,2.32,-0.67,0.3992,0.2052,2.4172,19.5,31.5,0
13.09,8.49,-0.96,3.28,0.7538,1.0191,3.4175,6.4,77.8,2
46.55,0.85,-2.58,1.83,0.3787,0.2704,3.1686,20.2,41.3,0
22.87,5.06,-6.63,-5.42,4.0493,0.458,8.5607,4.0,85.0,1
14.93,5.05,0.69,-1.71,0.7937,1.3109,1.8425,9.7,86.7,2
17.81,2.48,5.5,-7.09,1.23,0.5539,8.9731,15.8,71.4,1
35.52,0.59,-3.58,-2.18,0.3402,0.0964,4.194,22.9,64.3,0
9.37,10.49,5.57,7.75,1.3385,0.9287,9.5449,8.0,76.7,2
9.12,4.31,2.33,-5.21,0.9382,0.9294,5.7085,5.2,87.1,2
65.95,0.3,-1.4,-1.15,0.2473,0.1027,1.8096,17.3,54.3,0
6.04,6.48,-8.51,-1.91,0.5681,1.2409,8.7212,9.1,78.7,2
6.01,4.03,11.9,0.87,1.3921,0.9198,11.9298,7.0,87.8,2
22.8,2.52,-0.16,-2.27,0.6037,0.5731,2.276,10.9,72.0,1
11.15,2.72,16.75,-3.05,3.9655,3.8279,17.0234,2.9,83.3,2
24.31,2.29,1.78,3.65,0.8551,0.5806,4.0633,6.3,78.9,1
16.44,3.82,-1.6,2.33,0.9397,0.5145,2.8243,15.3,68.8,1
28.15,0.24,4.02,-0.08,0.5611,0.0947,4.0218,23.2,40.3,0
24.05,0.97,1.13,2.45,0.3648,0.1069,2.6968,23.0,32.1,0
22.89,0.03,-8.15,-6.96,1.8954,0.8435,10.7165,4.3,85.5,1
46.56,0.75,1.12,2.26,0.1492,0.2287,2.5214,23.3,57.4,0
10.5,3.29,-5.87,-5.85,1.0085,0.3402,8.291,6.6,72.7,2
20.73,2.18,-0.45,3.99,1.6036,0.336,4.0146,15.5,79.2,1
39.16,-0.09,4.09,2.56,0.5183,0.2278,4.8289,19.9,46.2,0
15.43,2.3,6.64,4.44,0.508,0.3576,7.985,14.4,79.1,1
6.46,5.53,0.12,-4.41,0.8836,2.6062,4.4072,5.8,92.2,3
6.0,8.48,7.44,3.44,2.0611,1.2074,8.1957,3.2,84.6,3
56.71,-0.71,0.56,-0.64,0.4772,0.2459,0.8465,18.8,64.6,0
65.45,0.75,-2.19,1.23,0.4927,0.1811,2.51,21.6,63.4,0
12.02,3.08,-3.75,0.45,1.078,0.2629,3.7746,17.9,72.5,1
4.1,4.42,2.6,-4.08,1.2018,1.011,4.8379,9.2,83.6,2
70.56,0.28,-2.72,-2.76,0.1455,0.0673,3.8719,18.3,40.6,0
7.15,6.67,2.84,-1.1,1.1192,0.5333,3.0397,3.4,82.7,2
6.68,8.96,7.71,3.96,1.8199,0.9817,8.6651,8.2,81.5,2
75.45,-0.78,-1.24,-1.85,0.2664,0.2967,2.2269,21.2,64.7,0
14.52,7.07,-15.94,5.93,0.4411,1.203,17.0031,7.9,75.2,2
14.01,6.41,-8.79,-10.73,3.3975,1.9305,13.8729,7.2,77.5,1
13.3,7.15,-1.76,3.58,1.9396,0.3496,3.988,6.8,82.0,2
53.44,1.37,1.61,1.18,0.4851,0.2294,1.9971,19.4,62.7,0
26.98,1.08,3.31,0.11,0.289,0.3872,3.3137,14.6,56.2,1
26.11,0.93,2.0,-2.19,0.8626,0.132,2.9618,20.1,41.9,0
15.48,1.93,-24.34,-12.91,0.8734,1.1895,27.5548,12.8,84.1,3
7.39,-0.3,-19.55,2.07,4.326,1.4372,19.6609,6.1,92.4,2
9.18,2.93,-1.35,8.61,0.2453,0.5443,8.7182,5.1,87.9,2
10.84,4.27,-10.41,-10.6,1.0427,1.0601,14.8524,9.6,80.6,2
32.49,4.98,9.66,1.28,2.208,3.0593,9.7488,2.8,94.8,1
15.99,1.69,-3.33,-2.86,0.4158,0.4257,4.3861,9.1,77.9,1
78.61,0.94,6.11,-2.64,0.906,0.0995,6.6608,21.6,38.6,0
8.45,1.67,19.26,-14.36,3.5766,1.5156,24.029,13.2,51.2,2
3.4,15.8,3.84,-4.81,1.0473,1.6496,6.1531,2.3,84.0,3
9.14,3.13,9.32,7.19,0.6359,0.6562,11.7712,9.4,75.8,2
64.15,1.14,-2.24,-2.79,0.4708,0.1084,3.5813,20.5,54.4,0
28.23,0.93,0.03,-1.07,0.1685,0.1077,1.0693,22.2,52.0,0
7.4,4.05,2.23,4.49,1.8852,0.4938,5.0081,8.7,87.4,2
28.29,0.89,-4.91,1.24,0.429,0.1321,5.0651,19.4,30.4,0
6.89,13.65,-8.01,-3.07,3.5219,0.7692,8.577,2.2,86.7,3
6.79,10.14,7.69,4.59,1.3054,0.729,8.9572,5.6,74.2,2
10.24,9.01,-10.11,9.96,1.3439,0.885,14.194,3.3,76.5,2
48.89,0.2,0.36,1.15,0.2596,0.1452,1.2058,15.4,50.0,0
23.94,2.44,5.33,-4.02,0.9812,0.4198,6.6783,14.7,74.8,1
11.54,2.73,-21.55,-13.32,2.0324,0.4223,25.3345,13.9,78.4,3
13.45,1.89,6.43,-3.64,0.2508,0.0603,7.392,8.5,73.4,1
18.59,5.07,1.71,-10.91,4.2725,1.5567,11.0408,7.5,87.7,1
27.93,2.78,6.22,3.52,1.6735,0.4098,7.147,13.9,72.3,1
8.49,9.36,14.36,-0.34,0.6063,0.8308,14.3591,5.2,86.5,2
10.84,6.37,13.57,-11.69,2.9127,0.6709,17.9111,5.3,91.9,2
52.94,-0.77,1.85,-0.67,0.3261,0.1076,1.9673,24.1,57.9,0
77.72,-0.71,2.85,-0.01,0.4273,0.2744,2.8545,18.8,48.7,0
4.93,4.55,8.73,-2.89,0.8033,0.2327,9.1924,3.4,76.7,2
6.84,8.96,-0.92,10.06,2.4538,1.4009,10.101,5.2,84.7,3
10.24,8.09,-10.4,10.95,1.5204,1.9172,15.1027,4.4,88.2,2
6.38,11.02,-11.53,-1.92,1.5229,0.7258,11.6916,5.0,73.9,2
7.48,9.0,2.36,0.16,1.4349,1.1885,2.3678,4.9,96.3,3
4.82,14.25,4.44,-8.57,1.8613,1.1238,9.6504,3.5,88.7,3
72.48,-0.56,5.2,-1.74,0.2719,0.0859,5.486,21.0,64.6,0
25.48,1.4,1.68,-2.24,1.184,0.182,2.805,19.7,52.8,0
22.53,-0.52,3.02,-0.15,0.3054,0.037,3.028,16.5,45.9,0
2.02,9.35,-1.54,6.07,1.9985,0.4385,6.266,3.3,88.6,3
12.69,3.62,-4.97,4.37,0.7981,0.4519,6.6139,16.8,75.5,1
42.33,-0.26,-2.7,-3.54,0.4104,0.3218,4.4522,18.0,30.3,0
20.56,0.42,5.57,3.56,0.9295,0.1977,6.6168,19.7,36.7,0
53.53,-0.83,-0.43,-1.31,0.2808,0.1514,1.3778,24.6,37.3,0
9.11,9.34,-1.84,3.89,1.3308,1.2728,4.3045,4.8,91.0,2
14.79,3.25,4.91,-0.23,0.54,1.1064,4.9142,5.4,80.3,2
43.96,1.37,-2.66,-2.22,0.3439,0.1376,3.4648,18.4,64.0,0
55.18,1.13,-0.36,1.11,0.6782,0.2018,1.1665,21.5,56.9,0
34.66,-0.99,-2.01,-2.01,0.43,0.1869,2.8454,21.9,51.1,0
13.86,3.55,-3.48,7.7,0.9378,1.2473,8.4481,4.5,73.1,2
18.93,0.66,-7.4,0.11,1.0474,0.4052,7.4008,15.5,77.2,1
6.03,10.03,-14.87,-4.78,2.6178,0.8095,15.6142,3.6,91.8,3
10.46,3.21,-11.68,4.61,1.2297,0.5758,12.5566,9.4,85.6,2
57.86,-0.33,1.89,0.03,0.1114,0.1215,1.8931,23.1,40.4,0
3.94,17.28,-1.22,6.85,2.6775,1.2756,6.9583,1.5,94.1,3
19.55,3.19,-4.67,-4.11,0.8352,0.1817,6.2229,11.6,79.8,1
25.58,0.5,-1.11,1.76,0.4752,0.2973,2.0826,20.7,35.9,0
61.72,-0.87,5.09,2.22,0.2698,0.0956,5.5538,18.1,48.2,0
27.22,1.35,-3.62,2.64,1.372,0.2276,4.4831,8.8,65.4,1
5.65,8.66,11.29,-5.43,2.0226,1.4535,12.5247,1.3,84.0,3
36.41,-0.7,-1.09,-1.75,0.6537,0.0968,2.0605,22.1,42.1,0
15.13,3.03,4.35,-4.32,1.5982,1.0421,6.1341,5.4,88.0,2
11.52,1.19,7.83,7.17,1.4919,0.6397,10.6168,9.4,80.5,1
27.86,1.21,4.26,-6.36,0.6366,0.3059,7.6534,11.0,76.7,1
6.17,4.12,2.66,4.68,0.5023,1.5541,5.3779,3.6,86.7,2
50.62,-0.88,-2.6,0.23,0.5966,0.207,2.6085,20.9,59.1,0
29.88,2.8,20.38,-14.86,3.1618,1.603,25.2255,14.8,73.5,3
5.87,14.32,9.0,-1.34,2.7324,1.1685,9.1035,2.0,92.2,3
10.34,4.42,1.88,-3.97,1.4204,0.7661,4.3933,6.5,72.2,2
5.2,11.83,-3.45,-0.56,3.0702,0.6071,3.4973,2.8,92.5,3
23.65,3.29,-0.99,3.5,0.9037,0.3588,3.6367,13.1,67.1,1
13.96,1.23,-9.83,-7.77,0.4808,0.7001,12.5304,12.4,64.3,1
0.95,7.93,-5.0,-1.88,0.5987,0.9125,5.337,2.2,85.3,3
35.33,0.43,1.5,-0.02,0.5256,0.0753,1.5038,20.6,31.5,0
21.1,1.81,3.59,5.14,0.5581,0.3081,6.2666,9.0,64.2,1
35.2,0.17,3.28,-1.11,0.4566,0.1303,3.4685,16.6,32.6,0
78.69,0.06,1.69,0.68,0.2665,0.1845,1.8256,20.9,51.9,0
8.37,6.47,-8.43,-3.0,1.418,0.1954,8.9488,6.3,84.3,2
4.08,15.46,4.69,6.0,3.4904,1.3449,7.6109,3.4,90.8,3
17.33,2.46,4.67,1.26,0.9015,0.1393,4.8416,15.2,66.9,1
8.14,5.64,-4.08,3.78,1.3697,1.3384,5.5605,5.7,72.7,2
4.71,14.64,3.44,5.42,1.1309,1.1414,6.416,4.5,89.1,3
50.42,1.3,-1.72,-1.96,0.5241,0.0562,2.6136,20.3,47.5,0
9.17,7.41,-3.52,-2.33,3.137,0.7341,4.2173,6.3,91.3,2
5.35,14.05,-10.35,4.95,1.7327,1.703,11.478,4.9,96.0,3
42.82,-0.99,-2.5,2.69,0.7975,0.1582,3.6669,17.2,37.7,0
16.9,3.6,-0.23,-0.69,0.9568,0.4723,0.7278,13.7,56.8,1
8.24,8.21,1.67,1.98,0.9914,1.0461,2.5874,5.6,90.0,2
10.09,0.83,-4.86,3.13,0.7846,0.2173,5.7805,9.1,75.4,1
40.73,0.47,-1.69,-1.61,0.5829,0.119,2.3331,20.7,50.1,0
26.86,0.66,-29.51,-17.65,2.3267,1.1792,34.3824,3.6,75.3,2
22.52,5.86,15.25,13.47,5.2911,0.6074,20.3437,5.5,83.0,2
16.55,1.54,5.59,2.25,1.4308,0.5616,6.0215,9.9,71.4,1
27.81,2.57,-1.83,2.41,0.6715,0.5732,3.028,11.9,71.8,1
18.27,2.33,0.09,-1.26,0.7364,0.5928,1.2661,9.6,62.6,1
41.32,-0.54,-2.6,-1.6,0.3016,0.0956,3.0552,24.8,49.9,0
18.47,3.77,-5.45,1.33,0.6245,0.7172,5.6148,9.7,72.6,1
16.13,2.28,-3.83,-7.44,1.0037,0.5187,8.3632,11.7,80.4,1
48.13,-0.84,-0.64,-1.23,0.5501,0.259,1.3835,24.3,41.4,0
15.92,2.72,1.4,6.63,0.9414,0.6743,6.7792,17.5,57.6,1
45.07,0.22,-2.51,-2.58,0.219,0.1513,3.6002,17.6,38.9,0
58.68,0.46,-0.25,3.66,0.2083,0.2258,3.6641,23.3,41.6,0
3.94,16.56,8.24,10.15,2.9987,1.4998,13.0715,4.1,87.1,3
23.47,2.78,-0.27,3.06,0.4638,0.3043,3.0765,7.3,81.0,1
7.03,3.89,-7.24,-9.55,1.8719,1.1666,11.9824,9.2,84.7,2
16.09,3.39,0.46,-4.78,1.0096,0.4528,4.8028,7.6,61.9,1
11.82,2.64,3.57,-12.35,0.4344,0.266,12.8558,6.1,69.7,1
24.41,3.77,-0.36,3.51,1.0499,0.3559,3.5319,15.9,67.1,1
10.83,6.55,-5.47,-0.38,1.6418,0.7122,5.4877,4.1,90.0,2
22.67,1.09,3.0,6.78,0.7161,0.3043,7.4169,17.6,67.4,1
6.85,8.51,-10.43,16.16,0.9394,0.3387,19.2353,7.4,80.2,2
12.41,3.09,-2.28,1.25,1.1917,0.2274,2.5976,13.7,59.6,1
10.29,2.37,-11.06,6.2,0.6316,0.5635,12.6823,16.0,55.7,1
14.18,2.34,0.88,-3.13,1.0861,0.3104,3.2552,6.4,59.4,1
15.34,1.96,-9.4,6.74,2.0108,1.532,11.5713,6.0,82.5,2
67.41,-0.91,1.37,3.27,0.5793,0.1874,3.5411,24.4,63.3,0
31.98,1.7,28.77,-10.03,3.4464,1.287,30.4673,9.9,53.1,3
0.6,19.11,3.71,5.8,1.0837,0.2407,6.8883,2.3,88.4,3
30.08,1.25,1.86,2.96,0.2574,0.1495,3.4961,16.4,58.9,0
20.33,0.58,8.49,6.41,4.9145,1.0329,10.6394,6.0,92.2,1
59.59,0.1,2.89,0.43,0.4182,0.1404,2.921,21.0,41.4,0
5.31,7.05,5.05,-3.68,2.4432,1.7924,6.2501,1.2,83.2,3
24.13,3.84,-3.84,3.74,0.3749,0.4757,5.3603,9.1,64.7,1
7.51,4.98,-8.1,-11.57,2.2143,0.3386,14.1189,3.1,82.9,2
0.52,13.87,-1.2,-3.03,0.9076,1.6645,3.2568,4.9,93.4,3
14.17,1.56,-25.08,20.85,2.4304,0.2499,32.6109,13.9,68.2,3
8.62,7.0,10.39,1.36,1.835,0.2423,10.4826,4.9,73.5,2
45.08,0.68,3.12,0.79,0.2678,0.1572,3.2229,15.0,52.6,0
27.37,1.1,-0.31,-1.6,0.3994,0.2019,1.6269,19.8,51.1,0
12.78,6.85,-12.64,4.67,0.93,0.9458,13.473,3.1,87.3,2
73.0,-0.34,-3.22,-0.91,0.6668,0.0937,3.3455,17.1,55.9,0
32.2,-0.77,0.13,3.04,0.3428,0.1529,3.0397,22.0,61.9,0
14.68,0.87,1.6,-3.77,1.2335,0.3402,4.093,14.9,71.4,1
10.24,3.48,14.74,6.27,0.59,0.3354,16.0158,5.1,84.6,2
13.06,3.31,25.67,-3.29,0.5254,0.7646,25.8753,7.8,83.7,2
16.48,3.43,-2.42,2.26,1.2859,0.8397,3.309,15.5,60.8,1
25.74,1.62,-0.56,-6.95,0.5809,0.4814,6.9681,8.8,74.5,1
62.45,1.3,2.16,0.93,0.3138,0.0844,2.3526,24.0,40.4,0
6.04,12.42,6.09,3.84,1.0393,0.4944,7.1985,3.2,86.4,2
25.83,0.61,4.79,1.92,0.225,0.1948,5.1578,22.0,49.9,0
50.19,-0.13,-0.68,-1.92,0.4778,0.2036,2.0315,22.9,39.7,0
13.21,3.55,-3.5,3.84,0.6755,0.7228,5.1925,8.9,83.6,2
34.85,-0.13,-0.94,4.65,0.1654,0.229,4.7424,15.2,37.2,0
15.07,2.35,-9.03,0.84,0.7529,1.0432,9.0729,9.0,80.7,2
4.75,12.3,-13.38,3.99,1.1192,0.6352,13.9593,9.2,84.1,2
13.26,1.18,1.79,3.1,0.4338,0.8055,3.5805,16.7,79.6,1
39.72,0.9,19.6,21.4,4.3841,0.8888,29.0163,7.9,52.5,3
63.68,1.25,0.36,-0.32,0.398,0.184,0.4817,15.2,40.6,0
4.84,2.77,-8.21,1.86,4.0642,2.2788,8.4173,4.2,83.2,2
4.3,16.6,9.55,0.67,2.4498,0.9813,9.5781,5.5,91.5,3
19.08,2.74,-19.86,16.63,3.0468,0.7153,25.9028,8.4,51.0,3
17.33,1.12,15.84,-1.7,0.4816,0.4855,15.9292,10.1,79.8,1
20.22,1.77,3.56,-3.99,0.9289,0.1287,5.3522,7.8,75.8,1
59.2,1.09,-2.42,-0.2,0.4353,0.1973,2.4246,21.0,47.6,0
21.58,2.4,5.98,-3.51,0.8331,0.4604,6.9339,17.1,60.3,1
23.4,1.28,-19.36,-14.6,1.6913,0.5037,24.2511,14.9,59.8,2
12.09,3.54,6.09,-0.79,0.8371,0.9708,6.1438,9.4,90.9,2
48.26,1.29,-0.05,0.49,0.29,0.1933,0.4944,22.3,62.3,0
19.3,1.71,-0.67,0.47,0.8274,0.4248,0.8174,9.8,70.8,1
21.69,2.42,-0.29,1.32,0.4727,0.3887,1.354,6.1,67.1,1
1.92,18.48,2.22,-2.15,3.038,2.8466,3.0945,4.6,84.2,3
48.16,0.1,0.33,0.6,0.3532,0.1677,0.6783,15.5,35.2,0
11.47,5.87,-5.58,3.11,1.6951,0.9298,6.3892,6.0,82.7,2
23.07,2.9,-8.39,-0.59,0.4736,0.6624,8.4086,17.3,69.2,1
48.26,1.17,-2.32,-0.31,0.4329,0.1676,2.342,17.7,51.2,0
61.73,1.41,-2.77,-0.49,0.377,0.2492,2.8146,24.0,54.4,0
12.83,6.16,-0.7,3.89,0.7377,0.9002,3.9551,8.4,80.4,2
27.11,1.67,6.26,-6.91,0.9943,0.2145,9.3246,12.5,55.0,1
35.57,0.8,-0.24,-6.66,0.4257,0.2116,6.6656,18.1,43.1,0
16.49,1.81,-0.74,5.05,1.0435,0.3973,5.1072,13.0,66.1,1
11.79,3.23,-1.08,4.61,0.5708,0.4195,4.7314,8.9,61.6,1
0.73,18.39,-23.79,-0.07,0.8845,1.1636,23.789,3.7,85.1,3
13.19,3.75,1.38,-3.59,1.1567,0.5426,3.8478,10.2,79.4,1
49.78,0.88,1.03,-0.4,0.4277,0.073,1.1049,19.5,43.3,0
25.86,2.64,28.51,-17.13,2.2534,2.1192,33.2635,4.5,84.4,3
17.16,3.68,-10.2,-6.79,0.5927,0.3465,12.2509,17.7,76.0,1
47.86,-0.75,0.32,0.51,0.554,0.2264,0.5996,15.5,59.8,0
25.47,-0.51,7.15,-24.86,7.386,1.1419,25.8712,7.4,81.6,1
8.53,6.59,1.43,5.82,1.0948,0.2979,5.9956,7.3,87.9,2
7.69,9.02,5.22,9.77,1.1546,1.1909,11.0823,4.2,94.1,3
24.82,0.62,-7.64,-0.75,0.6753,0.3314,7.6769,17.5,79.0,1
26.07,0.86,-3.32,0.39,0.8944,0.3324,3.3397,14.2,73.7,1
22.15,3.62,-9.14,6.19,0.7387,0.619,11.0379,13.3,77.0,1
10.5,2.43,2.22,1.32,0.5976,0.4547,2.5793,9.2,64.8,1
67.66,0.73,-0.15,-2.01,0.6177,0.099,2.0152,22.8,44.0,0
25.48,-0.52,0.44,-0.63,0.3884,0.1346,0.7721,19.6,48.8,0
32.91,1.73,21.27,17.58,2.741,0.8027,27.5944,13.1,52.2,3
21.44,2.54,-3.95,-0.38,0.6079,0.1335,3.9708,17.9,79.9,1
29.11,1.15,-4.43,-0.56,0.3182,0.061,4.4672,16.7,52.2,0
24.6,2.39,0.76,-2.5,0.9171,0.5473,2.6171,17.5,76.7,1
35.63,0.8,-2.72,-2.02,0.4479,0.1141,3.3938,15.5,30.4,0
0.63,8.87,6.17,2.49,0.4748,1.1767,6.6557,4.2,84.8,3
9.7,5.73,8.79,-6.17,0.9232,0.4685,10.7349,5.2,74.7,2
78.35,-0.78,0.83,-4.99,0.9068,0.1731,5.0538,21.1,44.6,0
68.23,-0.28,3.31,0.57,0.2194,0.0238,3.3552,16.6,64.9,0
12.25,6.8,-3.3,-5.1,1.2315,0.8919,6.077,9.1,72.9,2
13.59,5.52,17.36,-11.15,1.8807,0.4713,20.6351,8.3,88.3,2
24.96,0.22,-1.46,-2.08,0.4169,0.1813,2.5432,16.8,46.9,0
24.66,1.95,1.35,-1.3,1.2721,0.8693,1.874,15.8,65.5,1
74.78,0.28,2.67,0.22,0.3707,0.2134,2.6756,21.3,55.7,0
11.12,0.95,24.35,15.89,4.0871,0.5241,29.08,11.9,50.7,3
27.45,2.07,3.95,0.07,0.5079,0.5106,3.9548,10.1,81.0,1
17.69,3.32,0.63,0.16,1.2394,0.2048,0.6504,14.9,67.4,1
7.0,6.79,-6.01,3.14,2.0033,0.6157,6.7763,2.8,95.2,3
13.43,1.13,28.98,-16.34,1.5422,1.5914,33.2667,4.9,78.8,3
23.18,3.1,-7.92,-7.93,4.8676,1.0507,11.2076,4.8,92.3,1
5.56,10.53,7.52,1.62,1.8026,0.7819,7.6955,7.8,72.0,2
3.31,16.35,-0.79,-1.64,2.3658,1.5823,1.824,2.3,84.0,3
28.17,-0.35,1.15,1.74,0.1817,0.168,2.0889,22.9,52.2,0
6.34,9.08,29.12,-0.59,0.6756,0.3031,29.1291,9.1,80.8,2
5.22,10.0,0.25,6.26,0.7299,1.1299,6.267,3.6,92.0,3
0.7,8.68,-6.91,2.41,3.2894,0.6425,7.3187,1.5,91.4,3
36.61,2.17,21.86,11.74,2.3722,1.2437,24.8108,12.0,79.9,2
14.79,0.25,-29.25,13.6,1.1427,0.891,32.2527,11.6,75.2,3
10.04,5.04,-2.74,-4.46,1.4131,0.7877,5.2402,5.6,84.9,2
6.57,7.18,-5.52,1.87,1.505,0.433,5.8259,3.7,91.1,3
27.89,2.89,-3.3,-11.15,4.2487,2.2591,11.6291,2.3,88.4,1
6.82,10.57,2.92,4.59,1.4301,1.7771,5.4358,2.8,95.3,3
63.41,0.98,2.18,3.31,0.4529,0.178,3.9599,20.8,32.7,0
2.19,8.0,3.6,-3.1,2.0683,0.6912,4.7512,4.1,92.0,3
4.66,8.33,-7.63,-1.8,1.699,1.2045,7.8392,4.6,91.1,3
72.77,0.92,-0.55,0.29,0.5967,0.1962,0.6189,22.2,60.7,0
34.14,1.51,16.6,13.19,1.3574,0.374,21.2025,10.0,56.3,2
6.68,7.6,3.28,-12.74,1.0751,0.1229,13.1575,5.4,74.4,2
10.35,5.3,12.45,7.16,2.5941,0.6194,14.361,3.6,88.0,2
28.27,-0.04,1.4,2.61,0.5013,0.055,2.9622,18.1,45.8,0
59.99,-0.69,-0.01,0.4,0.6073,0.1712,0.3985,22.6,60.0,0
4.73,6.85,-6.92,4.25,1.0367,0.8751,8.1224,7.1,89.7,2
17.44,2.96,-9.54,-1.65,0.3769,1.1694,9.6779,10.8,58.4,1
5.65,5.21,-1.58,4.13,0.3429,0.7969,4.4193,8.7,76.4,2
10.36,3.16,-3.93,6.93,1.8856,0.6843,7.9678,6.5,91.2,2
40.07,-0.84,-0.3,-1.35,0.7935,0.2571,1.3786,19.8,36.3,0
3.09,17.38,0.88,6.59,1.3659,0.4464,6.6528,2.3,94.8,3
10.31,0.99,0.24,-0.65,1.1293,1.0289,0.6917,15.8,67.9,1
15.71,1.93,4.73,-5.06,0.6975,0.4412,6.9252,12.3,76.4,1
36.62,-0.58,0.19,-3.23,0.4978,0.0467,3.2323,20.0,38.0,0
28.26,0.17,0.26,-3.16,0.7246,0.0507,3.173,21.2,64.2,0
10.81,1.26,14.58,5.96,0.3916,0.5261,15.7481,15.0,58.9,1
24.87,1.24,-3.51,-3.16,1.0962,0.6137,4.7227,6.7,75.5,1
25.72,3.83,-1.52,-0.51,0.5237,0.1033,1.6002,9.1,57.4,1
49.57,0.17,1.17,4.64,0.483,0.2311,4.7852,22.3,31.0,0
13.22,4.24,1.33,5.1,0.5036,0.669,5.2648,9.9,72.7,2
14.62,1.44,6.62,-0.58,0.5113,0.4362,6.645,17.3,56.2,1
24.52,1.66,2.42,2.99,1.3504,0.3532,3.8493,9.4,66.0,1
11.77,9.69,5.17,10.69,1.3519,1.1824,11.8696,4.8,90.2,2
1.05,16.23,-1.39,-2.45,0.4282,1.1379,2.814,5.2,86.6,3
25.6,3.91,-2.12,3.17,0.4057,0.4714,3.814,8.2,55.6,1
66.08,0.74,2.78,0.12,0.3254,0.2264,2.7851,18.6,33.1,0
25.89,2.92,-2.58,4.16,1.7832,0.3915,4.8939,12.6,78.5,1
5.07,11.6,5.06,5.97,1.4016,1.2092,7.8209,4.1,86.2,3
60.74,1.37,-2.94,2.44,0.4354,0.0995,3.8261,22.4,47.5,0
6.12,3.54,-7.89,5.29,0.8386,1.3039,9.4962,7.0,81.9,2
12.62,0.81,4.7,3.12,0.9118,0.521,5.6391,17.2,80.9,1
6.84,3.16,1.18,-5.88,1.6372,0.5337,5.9931,4.8,85.6,2
5.2,9.99,-5.52,0.99,1.3758,0.9054,5.606,4.6,88.1,2
19.31,0.68,2.93,-0.32,0.9409,0.3505,2.9422,12.3,66.1,1
54.43,-0.5,-0.04,2.15,0.2783,0.1692,2.1456,20.8,52.0,0
68.13,-0.53,0.82,-0.76,0.2591,0.2708,1.1182,20.0,33.5,0
43.1,-0.88,0.51,1.2,0.0857,0.1423,1.3048,19.8,42.0,0
25.3,3.6,-0.58,8.73,1.0402,0.6385,8.7514,12.4,60.2,1
27.73,0.68,2.88,-5.96,3.4431,1.3202,6.6201,7.2,87.4,1
16.8,3.95,-0.19,2.86,0.5937,0.3189,2.8696,10.7,76.0,1
35.44,1.36,16.26,11.24,3.801,0.4754,19.7681,8.0,84.3,2
15.53,3.15,-1.31,-1.87,0.9025,0.3796,2.2818,16.0,75.2,1
52.38,1.01,-2.23,0.68,0.4475,0.0918,2.3304,19.7,30.3,0
22.59,2.77,-0.56,1.61,1.7718,0.3731,1.7017,14.1,56.4,1
47.64,0.47,1.22,0.17,0.5206,0.0873,1.2364,24.6,48.1,0
34.56,0.28,2.18,1.8,0.2501,0.1004,2.8253,23.1,60.6,0
7.31,11.92,2.17,7.48,3.7722,0.3758,7.7854,4.5,90.5,3
25.22,2.03,2.01,-6.95,0.7518,0.373,7.2393,9.3,67.0,1
6.42,7.01,-3.43,3.73,2.0054,0.6752,5.0731,5.2,95.6,3
15.51,0.45,-20.6,-17.18,1.6946,1.5628,26.8196,6.0,74.6,3
26.66,2.24,-4.01,-6.34,0.5989,0.3095,7.4997,6.9,78.8,1
15.12,4.28,-12.53,-0.82,1.7671,0.7263,12.5539,6.9,88.0,2
18.05,3.59,0.16,-5.53,0.3359,0.5972,5.5305,12.3,76.5,1
74.3,-0.11,-1.89,-1.92,0.4504,0.1451,2.69,15.4,42.9,0
53.51,1.18,-2.2,-2.75,0.1394,0.0701,3.5167,23.2,36.6,0
8.79,4.19,-0.17,-5.27,3.3618,2.7615,5.2728,2.0,94.1,1
16.17,2.85,8.97,-1.03,0.6794,0.4153,9.0319,6.4,56.8,1
36.05,-0.55,-0.63,-1.64,0.1799,0.1093,1.7605,21.3,31.1,0
7.36,9.21,3.88,5.5,1.0994,0.9687,6.7321,8.4,73.1,2
12.08,5.87,3.57,1.29,1.0786,0.7147,3.795,4.2,91.4,2
14.07,1.86,-2.5,1.1,0.5911,0.3581,2.7282,11.5,65.6,1
13.84,2.04,-4.12,-6.48,0.9203,0.4053,7.68,9.4,67.3,1
7.96,9.93,1.71,8.83,2.4688,1.4138,8.993,2.4,92.8,3
31.8,0.44,-17.42,-21.87,2.4938,0.569,27.9637,14.3,56.2,3
22.39,2.1,3.14,-0.18,0.8074,0.3109,3.1473,6.4,70.7,1
3.2,18.33,-10.93,-3.81,1.4517,0.6423,11.5753,2.8,91.6,3
14.91,2.85,0.38,0.23,1.3871,0.5483,0.4396,14.9,78.6,1
17.06,3.04,12.08,0.34,0.6563,0.5199,12.0883,8.9,72.8,1
65.49,-0.36,-0.62,1.33,0.2234,0.2744,1.471,23.0,35.5,0
10.79,4.27,1.7,-1.92,1.3699,0.4231,2.5708,6.0,91.1,2
20.48,-0.97,-0.82,1.34,0.3388,0.1844,1.5742,20.0,32.1,0
21.3,1.36,-11.73,3.16,0.714,0.2388,12.1459,12.0,78.1,1
24.28,1.49,-8.49,-1.13,0.2887,0.2256,8.5619,17.2,81.6,1
23.33,1.05,7.66,-3.37,0.3217,0.2469,8.3685,17.0,56.1,1
54.0,-0.38,-0.16,3.28,0.4353,0.1556,3.2815,21.1,49.3,0
12.04,2.71,-12.34,-2.22,0.9445,0.2734,12.5366,12.8,59.9,1
75.41,0.51,-1.73,-2.21,0.2249,0.1414,2.8119,17.5,39.4,0
15.88,2.26,3.72,1.0,0.7755,0.7243,3.8558,14.0,72.6,1
21.37,1.8,-1.14,1.85,0.5281,0.2332,2.1763,6.2,76.3,1
61.15,-0.15,-0.55,-2.73,0.2062,0.2364,2.787,23.0,52.6,0
36.9,-0.7,-2.39,0.12,0.4569,0.206,2.3894,20.4,36.3,0
27.21,1.11,0.43,-1.99,0.4033,0.288,2.0335,23.5,59.1,0
69.28,0.13,0.19,2.55,0.4972,0.1454,2.56,15.9,46.8,0
23.37,2.9,-1.82,-0.79,0.3999,0.2923,1.9815,12.4,67.1,1
49.59,0.08,-3.53,-1.17,0.6399,0.2244,3.7228,25.0,32.5,0
11.22,1.47,-8.26,-3.2,0.7027,0.3847,8.8598,14.0,69.2,1
14.34,1.51,-24.69,19.03,3.0904,0.3893,31.1759,8.1,71.7,3
61.35,0.84,-0.28,-0.34,0.1463,0.1791,0.4432,20.9,49.6,0
26.61,2.94,-5.23,1.7,0.4072,0.528,5.4953,11.9,80.3,1
10.9,7.56,6.85,-3.26,0.9636,0.6048,7.5856,7.1,72.8,2
16.62,2.86,-3.78,3.85,0.6935,0.2386,5.3964,7.0,60.8,1
6.55,10.27,-1.75,-1.41,1.086,0.3492,2.2451,6.4,89.5,2
4.75,13.14,0.27,8.29,2.4077,0.9493,8.2968,3.7,93.1,3
65.79,0.98,-0.37,0.64,0.105,0.1771,0.7351,15.1,46.0,0
13.22,2.33,-2.02,3.91,1.7678,0.4165,4.4022,5.2,91.3,2
36.34,5.31,-13.38,-6.31,3.2332,1.0685,14.7921,6.9,90.5,2
14.49,3.15,2.3,-2.73,0.6636,0.5901,3.568,8.1,71.9,1
71.41,1.38,0.93,-0.61,0.5474,0.2018,1.1071,20.6,63.6,0
19.91,2.73,-4.75,1.32,0.2293,0.7456,4.9292,6.9,68.0,1
26.42,1.75,-1.48,6.1,0.7149,0.68,6.2807,13.0,55.9,1
23.55,0.03,2.88,2.92,0.5624,0.1459,4.0996,18.9,36.8,0
19.57,3.23,-1.28,1.6,0.8419,0.4048,2.049,10.2,63.4,1
5.31,6.54,-6.05,6.24,1.9464,0.1468,8.6892,6.1,81.9,2
11.43,6.64,0.54,4.23,0.6681,0.6637,4.2675,4.2,88.6,2
14.31,5.56,6.36,-11.53,0.933,0.4767,13.1653,7.4,86.6,2
2.22,13.53,0.51,3.59,2.4165,1.8443,3.6293,1.4,96.6,3
42.0,1.42,-0.85,-3.77,0.534,0.2107,3.8604,21.0,34.5,0
53.98,-0.95,2.52,-0.21,0.2038,0.0772,2.5292,15.4,64.7,0
19.4,3.28,5.85,5.39,0.5584,0.4869,7.9543,11.3,55.0,1
14.06,1.26,2.79,-3.28,0.6266,0.639,4.3094,6.1,79.6,1
20.25,0.85,-5.52,-0.14,0.5862,0.4258,5.517,13.2,59.5,1
38.81,1.5,1.22,2.48,0.3543,0.1951,2.7593,24.7,46.2,0
28.41,-0.68,-14.69,5.89,4.0294,2.26,15.8269,3.4,94.4,2
14.28,2.34,-15.29,-1.28,1.6613,0.9613,15.348,9.3,80.8,2
11.51,1.82,0.39,-2.57,1.1224,0.6345,2.6011,6.3,71.3,1
58.78,-0.23,-3.07,0.96,0.16,0.168,3.2119,20.4,64.0,0
22.91,2.84,-11.95,-7.06,0.4872,0.3848,13.88,7.3,60.4,1
1.8,11.04,6.64,-0.03,2.1931,0.9565,6.6401,1.2,96.6,3
23.21,0.51,-0.03,-0.86,0.3167,0.1664,0.8649,19.5,55.3,0
5.72,14.6,-0.31,1.98,2.6183,1.4872,2.0046,2.4,89.1,3
43.53,-0.11,-1.12,0.11,0.6189,0.121,1.1236,21.6,34.1,0
4.61,8.54,10.35,9.59,1.1245,0.8292,14.1073,6.4,87.5,2
17.13,-1.9,16.78,0.29,2.7964,0.9387,16.7858,2.3,77.1,2
25.32,3.28,-0.24,2.26,0.7554,0.45,2.2682,10.3,78.2,1
23.37,2.75,5.51,1.7,1.1449,0.2923,5.7645,10.2,71.2,1
10.19,1.39,2.53,-3.12,1.1758,0.497,4.0184,16.5,71.7,1
20.91,-0.78,10.23,-10.74,4.2096,1.306,14.83,4.9,81.2,2
11.37,3.18,-3.46,0.38,0.7083,0.4597,3.4835,8.8,63.9,1
8.38,5.03,6.54,3.95,0.8209,0.8453,7.645,7.6,72.7,2
31.13,-0.95,2.69,-2.71,0.4982,0.1604,3.8176,20.0,49.3,0
35.03,1.29,0.26,3.19,0.1115,0.2508,3.1973,22.8,50.7,0
14.16,3.56,-1.8,-2.48,0.8278,0.9562,3.0662,3.2,85.5,2
0.66,22.55,2.83,-1.57,1.9521,0.5822,3.2361,5.2,95.1,3
0.95,20.22,-6.41,0.84,1.6139,1.8758,6.4682,4.0,97.8,3
6.65,6.24,-9.76,4.2,1.8916,1.4111,10.6283,7.3,88.7,2
37.59,0.97,1.3,-0.73,0.4702,0.1334,1.4947,22.6,35.0,0
37.26,0.93,-0.57,0.21,0.1535,0.1023,0.6073,18.9,46.3,0
15.96,5.23,26.11,7.07,0.5254,0.5646,27.0482,4.9,91.9,2
22.25,1.52,0.26,-5.68,0.9482,0.4984,5.6815,14.1,65.2,1
22.2,1.58,3.76,-7.72,3.4293,1.2242,8.5891,7.9,85.3,1
27.36,3.13,-5.46,4.93,0.4396,0.3958,7.3522,12.1,62.6,1
64.48,-0.43,2.17,-0.69,0.3365,0.1381,2.2756,18.9,40.5,0
28.41,2.81,-8.12,4.29,3.3213,1.4476,9.1866,6.6,78.7,1
6.81,9.03,-1.49,8.68,1.297,1.9509,8.8029,4.8,89.9,3
22.47,2.36,-2.36,8.08,0.294,0.4244,8.4132,12.5,78.4,1
30.35,1.03,-0.05,0.62,0.4666,0.1448,0.62,15.9,50.8,0
53.93,-0.09,-1.07,1.93,0.233,0.2505,2.2103,16.3,55.7,0
59.73,0.39,-1.32,1.13,0.5332,0.0677,1.7398,17.6,59.7,0
14.69,3.11,-13.31,-0.33,1.9281,1.7518,13.317,8.1,87.6,2
21.36,1.02,5.26,0.06,0.8611,0.3751,5.257,12.5,61.2,1
21.2,1.57,0.77,5.19,0.6102,0.5982,5.25,15.5,73.6,1
31.08,1.09,2.26,4.08,0.3486,0.1435,4.662,19.4,64.3,0
53.76,-0.75,-0.7,2.41,0.3529,0.0821,2.5122,17.8,35.0,0
7.93,4.56,-2.9,7.12,2.1553,1.4166,7.689,2.9,86.8,3
27.24,2.97,-3.11,1.66,0.6006,0.3637,3.5202,10.2,77.1,1
3.52,14.47,10.66,3.26,2.3973,1.6476,11.1473,1.9,90.2,3
21.0,1.09,1.26,-1.42,0.7706,0.2683,1.902,19.0,59.3,0
10.84,6.32,-0.14,-5.04,1.011,0.4421,5.0428,9.7,81.3,2
24.06,3.14,-6.44,-4.97,0.5336,0.395,8.136,10.1,77.2,1
9.12,7.57,14.09,7.54,1.5386,1.4219,15.9838,6.1,81.7,2
43.54,1.26,-1.24,-2.52,0.141,0.0772,2.8086,18.0,44.3,0
43.92,-0.62,-3.14,-1.68,0.7054,0.1601,3.5646,15.9,60.7,0
67.39,0.99,0.8,2.25,0.411,0.1784,2.3907,21.4,37.3,0
8.26,8.96,5.87,1.69,1.1178,0.2494,6.1036,5.0,90.3,2
4.95,14.48,1.3,2.0,1.3311,0.559,2.3855,1.9,90.3,3
4.5,16.67,-2.78,6.98,1.3424,0.4216,7.5172,1.4,95.9,3
8.51,9.68,-4.54,-2.58,1.1465,0.9837,5.2261,4.2,82.2,2
9.56,9.56,11.37,3.43,1.2173,1.2649,11.8789,7.3,77.1,2
9.29,6.23,9.22,-6.6,1.8192,1.4458,11.3368,7.2,89.9,2
68.43,-0.32,3.63,1.23,0.2177,0.132,3.8365,18.7,38.9,0
36.29,-0.54,0.94,1.18,0.6193,0.1621,1.5108,18.0,37.7,0
7.15,5.0,2.09,1.87,2.5163,1.3804,2.8069,4.6,94.4,3
42.65,-1.0,-4.34,0.87,0.3593,0.2572,4.429,24.4,42.4,0
25.6,1.4,2.03,0.59,2.1328,0.5137,2.1123,7.3,58.0,1
77.06,-0.79,0.0,2.5,0.3323,0.1856,2.5022,23.1,51.3,0
6.97,11.63,11.51,-0.9,1.1016,0.263,11.5499,9.3,74.3,2
6.13,8.25,-0.99,-9.8,2.0706,0.7754,9.8505,4.8,92.3,3
17.09,2.01,3.41,0.65,0.7964,0.3264,3.4759,7.3,71.1,1
11.71,3.11,-2.22,4.02,0.513,0.8779,4.5893,15.9,69.4,1
47.43,-0.72,2.79,-1.51,0.3611,0.1489,3.1725,17.4,44.6,0
61.8,1.09,1.35,-2.65,0.6533,0.0553,2.975,22.7,56.8,0
69.76,0.55,2.12,-2.0,0.0947,0.1096,2.9164,16.0,39.7,0
8.73,5.38,10.51,4.85,0.627,0.3236,11.5732,7.6,85.4,2
25.35,0.63,1.97,-1.35,0.5185,0.1373,2.387,19.1,62.8,0
79.37,0.6,-3.56,-1.06,0.519,0.0829,3.7132,17.1,63.0,0
71.75,1.01,2.19,0.13,0.3691,0.1064,2.1892,22.7,40.6,0
12.5,3.24,4.5,4.69,1.4686,0.2441,6.5025,16.8,61.1,1
5.01,9.32,-8.18,-5.78,0.431,0.3257,10.0124,8.3,72.2,2
23.77,-0.14,-0.37,-2.77,0.1258,0.2286,2.7906,15.9,50.6,0
23.37,1.92,-1.06,3.12,0.5185,0.3851,3.2907,15.2,75.7,1
30.57,0.48,1.34,-2.9,0.1649,0.2646,3.1957,16.9,64.6,0
3.09,14.64,4.22,-4.95,0.598,0.4945,6.5021,4.2,93.4,3
31.53,-0.58,-6.14,4.02,0.4421,0.1152,7.337,15.6,51.2,0
12.0,3.66,4.47,4.31,0.5602,0.4424,6.206,8.3,61.7,1
14.26,2.86,1.64,5.28,1.9119,0.9739,5.5281,3.2,81.2,2
14.36,3.03,2.55,1.32,1.239,0.5011,2.8713,15.3,61.3,1
9.9,5.39,-2.66,-1.28,1.6964,1.4427,2.9558,9.0,76.6,2
15.37,2.84,-8.05,1.06,0.5737,0.0956,8.1188,14.1,80.5,1
27.94,2.56,16.37,1.99,0.3123,0.517,16.4921,10.1,66.4,1
63.95,1.34,-0.41,-2.63,0.5626,0.1759,2.6577,17.1,36.4,0
39.19,2.01,-20.16,18.73,2.3369,0.9177,27.5191,14.7,72.7,3
16.12,3.84,-4.25,5.91,0.3705,0.8772,7.2763,10.7,60.3,1
21.54,1.79,-3.87,-0.67,1.1834,0.6703,3.9324,8.3,70.0,1
5.74,6.77,-2.71,0.71,3.1561,1.2885,2.8008,2.0,94.1,3
48.68,0.63,-0.15,-1.3,0.2868,0.0688,1.3125,20.9,33.3,0
24.48,1.08,-1.26,3.74,0.8939,0.3552,3.948,16.8,77.1,1
7.72,8.85,8.97,-4.66,0.9541,0.545,10.1099,7.1,83.3,2
31.27,2.32,29.71,18.17,4.7431,1.3989,34.8207,4.1,59.4,3
24.87,3.38,-10.33,-0.89,1.1411,0.3702,10.3646,15.1,62.6,1
45.03,-0.78,0.32,-1.99,0.5636,0.056,2.0105,21.4,48.2,0
11.0,6.86,-4.33,-8.97,0.6502,1.1134,9.9598,3.2,86.5,2
30.69,1.01,1.69,0.21,0.5147,0.2023,1.7049,24.2,49.0,0
26.59,3.0,4.13,-2.85,0.76,0.3569,5.0229,12.1,77.5,1
8.23,2.12,-27.24,-13.19,1.4757,1.6306,30.2649,7.9,64.7,3
27.3,3.42,-0.18,4.67,1.2858,0.3368,4.6686,15.3,79.1,1
10.44,5.81,-4.32,2.57,0.2037,0.6902,5.0287,5.8,76.1,2
3.04,12.95,-7.05,0.15,1.4939,0.8375,7.0477,2.1,85.0,3
27.75,0.73,2.14,1.51,0.3305,0.1582,2.619,22.8,43.0,0
6.3,3.58,-5.52,3.33,1.0802,0.7355,6.4447,3.3,81.3,2
21.14,1.57,8.34,-0.98,0.5354,0.2755,8.4,10.5,77.1,1
56.75,0.53,-5.61,1.94,0.3341,0.2084,5.9391,15.4,41.6,0
6.79,12.39,-0.93,-6.86,2.1859,1.3687,6.926,4.3,96.4,3
68.05,0.75,-0.2,-1.74,0.1561,0.1762,1.7541,16.6,46.3,0
72.76,1.16,-0.73,3.49,0.7919,0.0847,3.5602,20.9,65.0,0
26.66,-0.58,2.29,-4.83,0.0343,0.2868,5.3457,23.3,56.6,0
17.6,1.98,-0.6,-3.33,0.8168,0.2754,3.3818,6.3,68.5,1
14.86,6.24,-3.76,3.96,1.485,0.5518,5.4572,3.8,90.5,2
6.88,10.33,-9.68,1.15,1.3161,1.3293,9.7519,8.4,88.9,2
60.76,1.38,2.13,2.14,0.3266,0.1213,3.0202,20.7,51.2,0
41.98,0.29,-0.11,-1.21,0.313,0.0691,1.2136,20.4,58.6,0
40.93,1.46,0.15,-1.7,0.4639,0.1441,1.702,22.2,32.6,0
4.11,9.72,4.58,-3.95,2.9706,1.6847,6.0434,5.7,97.2,3
2.41,7.67,3.32,2.84,1.459,0.5662,4.3753,3.3,92.0,3
20.41,2.6,7.83,3.65,0.2473,0.6644,8.6382,16.4,74.1,1
9.43,5.81,-9.79,10.24,1.1949,0.314,14.1672,4.6,88.6,2
26.8,2.31,3.86,3.03,0.5542,0.4198,4.9079,10.5,80.2,1
6.7,8.59,9.07,-2.33,1.6525,1.4378,9.3602,5.9,87.2,3
26.31,1.93,1.27,11.41,0.6891,0.4048,11.4768,14.7,74.1,1
27.62,0.6,-0.77,-18.12,3.7188,1.8947,18.1317,4.8,77.2,1
18.24,2.68,13.05,3.41,1.0427,0.5447,13.492,12.7,66.6,1
43.21,1.05,6.16,1.1,0.2379,0.1776,6.2534,21.9,33.5,0
29.28,1.23,-2.28,-3.68,0.891,0.1338,4.333,18.4,37.9,0
6.13,9.43,-7.43,1.59,2.1902,3.2706,7.6019,5.1,88.6,3
2.14,13.49,-4.37,7.31,0.2113,1.2707,8.5178,3.7,95.2,3
1.42,19.81,-8.03,1.35,0.6477,1.3461,8.1444,4.7,95.4,3
4.58,6.72,-2.96,-9.15,1.5756,1.2685,9.6132,6.4,77.4,2
29.8,0.84,-1.88,1.25,0.315,0.2485,2.2516,21.8,40.0,0
12.0,3.92,1.94,2.41,0.5641,0.268,3.09,9.7,55.4,1
12.17,3.12,5.11,3.74,0.4711,0.46,6.3354,15.2,76.0,1
11.86,5.52,6.38,5.28,0.4487,0.459,8.2824,3.3,81.5,2
8.04,6.04,1.2,-3.27,0.678,0.6087,3.4855,9.6,85.1,2
57.5,0.13,0.13,-1.26,0.4978,0.2746,1.2649,22.4,46.4,0
2.82,11.73,6.45,0.59,2.5723,0.8403,6.4785,3.4,86.5,3
53.77,-0.24,1.25,-0.04,0.4112,0.1295,1.255,19.4,60.1,0
28.56,-0.84,-3.66,2.15,0.6782,0.1805,4.2431,17.9,60.8,0
21.52,-0.64,-0.8,-1.17,0.1811,0.1701,1.4198,18.0,56.4,0
25.14,2.99,-7.01,-2.87,0.5364,0.3727,7.5747,17.3,65.5,1
23.81,0.57,2.88,-0.39,0.3382,0.1639,2.9073,22.2,35.4,0
4.1,15.24,-1.72,6.43,0.7255,1.6539,6.6603,4.5,92.8,3
22.03,2.3,-7.68,-9.34,0.6093,0.4043,12.0925,8.3,69.6,1
5.06,12.08,-4.07,0.12,1.3027,0.6742,4.0699,5.8,91.2,3
9.03,8.12,-5.1,-3.77,1.174,1.0025,6.341,7.9,75.9,2
14.2,6.33,-6.09,1.49,1.1449,0.3418,6.2716,6.1,73.7,2
13.87,3.06,1.41,-0.44,1.488,0.8298,1.4726,5.6,80.5,2
12.81,3.57,3.71,-3.89,0.573,0.6763,5.3728,11.6,68.2,1
10.76,5.68,-4.3,-3.46,2.6067,0.7233,5.5194,3.2,73.5,2
15.77,2.25,3.88,1.84,0.7594,0.5904,4.2915,14.4,59.5,1
11.7,1.63,-3.94,2.41,0.9316,0.4523,4.6183,16.5,65.2,1
15.89,1.66,-0.4,-0.73,1.2493,0.2665,0.8285,9.1,58.5,1
44.28,-0.97,-2.93,0.06,0.2191,0.0428,2.9257,20.8,53.2,0
58.01,1.13,-0.8,-1.34,0.8209,0.1852,1.558,21.6,44.8,0
0.87,8.15,0.69,1.47,1.5263,1.4003,1.6261,1.4,87.8,3
17.62,2.38,6.87,-5.95,0.6908,0.6648,9.0888,8.3,58.0,1
17.98,1.55,-6.93,6.32,1.2469,0.468,9.3771,7.6,78.0,1
70.42,0.34,-0.18,0.61,0.3083,0.2524,0.6336,15.9,41.8,0
14.62,6.67,8.75,-2.15,0.4344,1.2803,9.0126,6.3,86.0,2
20.19,0.96,23.2,-11.51,2.7312,0.3166,25.8944,12.0,81.5,3
5.92,5.4,8.91,3.58,1.4281,0.7462,9.603,6.6,90.5,2
5.24,12.57,11.14,-6.83,0.634,2.3157,13.0702,4.4,91.0,3
26.02,2.24,-2.9,-3.27,1.1549,0.4066,4.3703,8.2,80.8,1
14.65,2.74,-8.65,-3.41,2.197,0.2303,9.2954,4.7,88.7,2
28.78,0.3,-1.15,2.31,0.7956,0.1809,2.5822,15.0,58.4,0
57.1,0.65,-2.55,0.32,0.9462,0.1061,2.5698,15.5,58.3,0
6.95,8.3,9.26,1.98,1.5371,0.7889,9.4729,9.9,84.9,2
30.92,1.37,-4.37,1.12,0.1735,0.2649,4.5105,19.1,51.9,0
8.26,2.16,18.22,20.62,1.8174,1.0925,27.5116,9.1,56.7,3
38.14,-0.35,0.49,0.58,0.2421,0.0621,0.762,23.4,62.5,0
17.7,2.61,1.83,-2.38,0.5723,0.3058,3.0007,16.7,70.8,1
64.04,0.47,1.16,1.67,0.1375,0.0624,2.035,24.9,53.2,0
43.99,0.85,-3.19,5.9,0.1028,0.202,6.7031,21.9,32.1,0
17.42,3.19,-13.14,4.82,0.7625,0.5124,14.0003,12.4,63.9,1
5.71,4.85,12.46,3.38,0.7018,1.4273,12.9126,5.7,76.3,2
79.83,0.58,-2.83,0.14,0.5003,0.2136,2.8296,16.5,55.8,0
12.56,0.4,18.28,13.41,4.3739,2.3693,22.6726,6.6,77.7,2
58.14,-0.79,2.31,0.86,0.5026,0.1174,2.465,23.3,33.2,0
37.27,1.21,0.47,0.39,0.4416,0.085,0.6133,18.4,64.3,0
15.29,5.84,0.06,-4.02,0.4547,0.963,4.0171,8.7,90.9,2
11.33,3.37,3.37,4.22,1.6931,0.7018,5.4021,4.2,84.5,2
6.05,10.77,1.57,-6.05,2.2027,0.9121,6.2493,9.7,91.4,2
7.7,10.55,-4.41,0.18,0.8358,1.0076,4.4113,6.3,91.5,2
7.99,10.72,6.0,-1.02,1.214,1.1559,6.0831,8.1,72.1,2
24.59,1.66,-3.98,1.33,0.7811,0.4575,4.1989,15.1,77.9,1
4.28,11.7,0.64,-5.02,1.1625,0.8653,5.0631,9.4,86.5,2
19.36,3.17,-5.31,-0.45,0.8726,0.4052,5.3282,9.5,72.2,1
11.08,3.0,1.29,-7.59,1.2636,0.7303,7.6989,3.3,89.5,2
24.68,1.35,-7.4,-0.11,0.9691,0.1922,7.4041,7.6,67.3,1
26.7,2.73,-3.56,5.41,0.4669,0.3728,6.4798,8.1,67.1,1
43.05,0.54,0.05,4.0,0.3079,0.1243,4.0049,20.1,47.5,0
3.06,7.61,1.26,-2.89,1.0079,1.3278,3.1563,4.3,96.7,3
10.93,2.58,6.12,-6.85,0.9047,0.3718,9.1871,7.3,68.1,1
15.05,2.4,-0.13,-3.41,0.492,0.4314,3.4152,9.0,72.7,1
27.86,0.7,7.32,-2.74,0.8138,0.2947,7.8169,11.8,64.6,1
6.54,12.86,-4.48,-6.2,2.2001,0.4411,7.6472,4.0,91.6,3
11.74,9.63,13.39,1.1,1.114,0.3196,13.4394,8.2,87.3,2
2.28,14.97,-1.9,8.12,1.3767,0.4862,8.336,5.8,90.4,3
3.08,8.04,-6.49,2.87,3.1826,0.6835,7.0961,5.5,93.0,3
5.61,8.64,-8.54,7.61,2.6463,1.2903,11.4354,8.2,74.8,2
6.94,8.18,-12.53,-1.21,1.5064,1.1144,12.5862,8.0,90.5,2
48.5,-0.92,2.52,-0.26,0.2891,0.2129,2.5319,15.5,50.6,0
21.58,1.71,-5.75,-3.12,0.4955,0.2193,6.538,17.9,55.2,1
5.06,12.8,-6.34,-11.69,2.1191,0.6312,13.3019,4.3,72.9,2
10.56,1.15,-1.28,3.59,1.5644,0.5077,3.8167,13.8,57.4,1
48.67,-0.1,-0.8,-1.85,0.2885,0.0397,2.0186,23.3,48.8,0
41.32,0.06,-1.73,0.66,0.2021,0.2028,1.8485,17.0,44.1,0
27.08,7.17,0.53,4.32,2.0481,3.7196,4.349,5.9,89.1,1
16.57,3.34,0.54,5.03,0.8794,0.221,5.0631,11.1,82.0,1
7.75,5.1,7.4,-8.72,0.9673,0.3966,11.4342,4.7,76.0,2
21.5,2.26,-3.87,-2.59,0.7315,0.184,4.6588,12.9,64.0,1
11.05,7.18,-11.4,-8.54,1.6085,1.1114,14.2414,5.6,79.8,2
6.94,11.65,10.08,15.62,1.3641,1.6244,18.5964,3.2,75.5,2
68.28,0.96,-3.53,1.89,0.1754,0.1357,4.0001,18.4,52.1,0
27.05,1.86,8.6,0.6,1.4132,0.6261,8.625,11.8,56.3,1
17.45,0.6,-8.29,-9.15,0.4393,0.3396,12.3511,15.4,77.7,1
13.69,0.9,-0.4,-0.55,0.7502,0.3233,0.6814,7.7,74.9,1
2.57,13.76,3.38,-7.42,3.6168,1.9549,8.1552,3.6,95.9,3
77.15,-1.0,4.14,-0.05,0.2956,0.2856,4.1423,16.3,53.8,0
4.94,9.7,-3.28,0.49,1.9243,1.7847,3.3195,1.9,89.1,3
26.92,2.3,-3.17,0.26,0.6309,0.7591,3.1768,14.3,80.9,1
50.28,-0.44,-0.62,1.94,0.1371,0.0444,2.037,20.0,57.1,0
64.88,-0.38,-4.38,0.85,0.2793,0.311,4.4671,18.7,52.1,0
74.59,-0.63,-2.24,-1.81,0.5208,0.1644,2.8784,19.5,35.7,0
77.58,0.33,-2.32,4.15,0.7195,0.2943,4.7528,18.9,46.9,0
15.8,2.54,13.95,-2.87,1.6712,0.5643,14.2448,6.0,81.9,2
10.06,5.26,-4.21,9.4,0.8612,1.1458,10.3005,9.0,81.8,2
37.02,1.2,-0.43,3.8,0.3113,0.2151,3.8279,16.5,43.1,0
15.4,2.25,1.39,-2.61,1.0253,0.6485,2.9563,9.1,66.6,1
11.94,3.5,13.51,-3.29,2.0781,0.6186,13.9033,9.4,78.9,2
64.06,-0.27,0.47,1.05,0.4177,0.2012,1.147,18.0,53.6,0
35.4,-0.73,2.47,0.02,0.8101,0.1476,2.4689,16.0,46.8,0
50.17,0.88,0.72,-0.8,0.3232,0.0809,1.0742,24.2,50.2,0
15.62,1.48,11.29,-2.07,0.6045,0.6186,11.481,7.2,65.7,1
18.03,2.11,-0.22,7.48,0.9995,0.4353,7.4796,6.3,78.5,1
28.01,0.81,0.53,2.23,0.6078,0.1523,2.2884,21.8,50.1,0
20.15,1.78,-28.13,-18.73,1.7302,1.5169,33.7957,5.8,52.6,3
12.22,1.91,26.04,13.51,2.2759,0.7524,29.3348,6.4,69.6,3
11.31,5.61,7.53,0.88,0.4464,0.8351,7.5805,5.3,92.0,2
50.59,0.61,-0.66,1.49,0.3181,0.052,1.6332,15.5,56.1,0
3.54,8.06,12.46,-1.03,0.547,1.5493,12.5056,2.4,89.6,3
11.44,1.29,22.63,-19.32,1.5218,1.178,29.7542,9.6,50.6,3
11.69,1.86,1.1,-5.37,1.1049,0.2182,5.4782,17.5,56.2,1
8.2,4.97,-1.89,0.84,1.8949,0.8995,2.0677,3.5,74.7,2
5.51,14.62,-1.15,2.93,2.1206,0.8482,3.1452,1.7,82.3,3
16.09,1.75,3.1,-8.94,1.69,0.4043,9.4616,9.3,60.6,1
2.15,19.13,3.28,5.07,1.0886,0.7107,6.0406,1.2,87.9,3
67.8,1.19,0.76,-1.28,0.3749,0.08,1.4904,19.7,33.9,0
32.37,-0.85,2.69,4.29,0.1428,0.2388,5.061,19.9,51.2,0
24.9,1.43,-0.56,-4.45,0.5237,0.3592,4.4841,7.0,57.7,1
12.39,2.94,15.62,0.38,0.4984,0.4989,15.6293,7.7,67.5,1
5.71,6.21,5.83,-10.15,1.8022,1.0573,11.7084,4.5,89.3,2
4.65,13.12,-4.24,-12.46,0.93,0.6936,13.161,6.2,88.9,2
49.4,-0.19,-1.82,0.4,0.0895,0.1685,1.8585,22.4,50.8,0
29.28,-0.91,-0.84,0.86,0.3982,0.2077,1.2026,24.2,55.7,0
7.37,10.36,-5.48,3.38,1.8235,2.0513,6.4376,5.2,83.6,3
24.42,3.37,0.14,-5.5,0.7946,0.4724,5.5055,9.7,71.6,1
69.79,0.66,-3.15,-1.35,0.1252,0.1181,3.4234,19.8,40.5,0
7.47,12.29,-2.0,-0.86,1.4302,1.5609,2.1783,2.9,88.3,3
7.54,5.09,0.18,6.64,0.7764,1.413,6.638,1.1,83.3,3
9.38,8.01,16.54,1.78,1.1481,0.5377,16.6315,3.3,90.8,2
7.74,7.71,-2.03,-3.66,0.9519,0.6457,4.1842,4.6,72.9,2
2.9,17.95,-9.51,7.34,1.9549,1.51,12.0078,5.6,89.5,3
29.83,1.38,-4.32,-0.5,0.3036,0.243,4.3537,22.7,31.0,0
26.24,0.83,10.61,-1.68,1.7489,0.4569,10.7402,12.5,67.7,1
11.32,3.64,9.57,0.56,0.46,0.5645,9.5878,15.6,81.9,1
9.6,7.87,19.47,-8.9,0.9054,1.4937,21.4073,5.5,74.9,2
22.15,1.03,0.21,-2.11,0.6125,0.2026,2.1193,20.5,58.3,0
24.65,2.15,-21.52,-14.71,2.9342,1.229,26.0644,13.6,80.0,3
6.8,11.59,5.99,4.45,2.6118,0.63,7.4598,2.9,94.4,3
1.26,14.92,-4.51,8.29,0.7818,1.483,9.4384,2.4,83.6,3
29.04,0.26,-0.83,-0.03,0.2362,0.1549,0.8259,19.0,50.8,0
21.75,3.58,2.07,5.8,0.5532,0.2209,6.154,6.3,65.2,1
47.22,1.38,1.39,-1.1,0.393,0.1775,1.7722,21.1,35.3,0
71.11,0.6,-0.11,4.47,0.6149,0.2236,4.4666,17.8,55.0,0
78.58,0.44,-1.5,4.28,0.6556,0.205,4.5305,15.7,37.6,0
3.48,10.88,-1.2,6.53,4.0877,0.5326,6.6366,2.2,94.4,3
33.57,-0.33,3.87,1.26,0.1881,0.1691,4.0676,20.5,59.4,0
10.38,4.58,8.85,-5.91,0.8995,0.7725,10.646,9.9,85.7,2
5.96,12.65,-0.03,-7.43,1.9127,0.7291,7.4291,4.4,89.8,3
34.52,0.55,-0.99,-2.69,0.9007,0.0996,2.87,24.6,45.8,0
19.16,3.51,-1.16,-1.98,1.1008,0.2319,2.2944,11.2,64.0,1
57.98,0.08,-1.03,5.28,0.2837,0.2081,5.3802,19.6,32.7,0
16.07,0.02,-16.49,15.57,2.5393,0.7677,22.6817,7.8,63.2,2
25.17,2.13,3.39,-4.62,0.9337,0.4942,5.727,17.2,59.0,1
3.76,6.7,5.56,3.86,1.3613,0.5686,6.7694,3.3,85.1,3
6.37,9.58,6.62,-0.82,1.0074,0.8533,6.6734,8.0,77.5,2
3.2,18.05,-5.15,5.41,1.3949,2.4816,7.4648,1.6,88.3,3
13.55,5.74,12.12,-5.64,2.3227,0.5067,13.3682,8.8,73.4,2
6.72,7.31,8.04,-6.9,2.2721,0.9474,10.59,1.0,84.0,3
14.79,2.12,2.59,0.69,0.2661,0.4236,2.6845,13.6,70.4,1
70.82,0.71,0.58,-1.69,0.4895,0.2352,1.7887,17.0,44.5,0
23.97,0.91,-6.92,6.35,1.8092,0.5511,9.3907,11.5,68.7,1
5.72,6.82,1.04,-3.86,1.0327,0.1808,3.9984,4.1,84.4,3
5.44,9.59,-1.75,2.04,3.1295,0.7218,2.6914,6.0,88.1,3
47.8,0.04,5.76,1.54,0.6792,0.1038,5.9629,21.5,45.2,0
1.11,7.96,-2.15,-8.63,1.687,1.9846,8.8961,5.6,94.4,3
7.04,5.72,0.23,5.9,0.9629,1.9889,5.9008,5.5,76.4,2
57.47,1.17,1.05,1.44,0.2818,0.1862,1.7805,16.0,32.1,0
23.55,1.71,-8.08,10.3,0.9794,0.4826,13.0863,15.9,77.8,1
24.28,-0.6,0.3,1.73,0.2561,0.209,1.7552,18.6,50.5,0
1.72,20.63,3.19,1.45,1.1434,1.1385,3.5067,1.2,84.5,3
18.25,1.1,-9.53,-6.12,0.8515,0.6211,11.3275,16.8,55.8,1
22.71,3.5,-0.79,-3.49,0.0708,0.5893,3.579,10.7,62.8,1
25.84,-0.21,1.61,0.26,0.1985,0.1729,1.6269,19.8,61.9,0
7.3,4.86,-3.46,-7.12,2.4063,0.957,7.9131,3.6,90.2,3
48.46,-0.56,-0.36,-0.52,0.2963,0.1724,0.6312,15.4,55.9,0
24.7,0.7,0.1,2.98,0.3988,0.5065,2.9785,11.6,55.8,1
26.88,0.81,-5.39,-0.86,0.7387,0.2469,5.454,11.2,79.6,1
8.75,10.92,8.32,-8.21,0.3819,1.2172,11.6946,5.0,84.0,2
70.09,0.38,-0.65,2.69,0.7208,0.2406,2.7667,18.3,50.6,0
12.87,3.97,0.4,-5.46,1.48,1.1309,5.475,3.3,88.7,2
3.42,9.65,-8.16,3.83,1.8193,1.3932,9.0171,2.2,91.5,3
1.33,18.27,2.2,-0.83,1.8426,2.0904,2.3505,1.2,86.7,3
26.6,0.69,-2.01,4.52,0.4072,0.9126,4.9441,17.5,65.1,1
32.12,-0.8,1.2,2.58,0.7339,0.0513,2.8442,21.5,32.8,0
9.42,3.34,-0.88,0.2,1.0003,1.0165,0.9007,3.7,81.5,2
53.7,1.49,0.47,2.71,0.5044,0.1448,2.7468,21.6,49.6,0
26.31,2.17,-23.96,18.37,2.0477,0.3029,30.1933,10.9,76.0,3
8.51,3.81,-7.69,-2.95,0.7549,1.9787,8.2355,3.2,79.6,2
20.0,3.45,1.45,4.73,0.9485,0.5922,4.9516,11.0,78.7,1
23.99,2.52,0.25,5.59,0.3097,0.3846,5.5943,16.6,64.1,1
9.65,10.59,-3.67,1.91,0.6667,0.7344,4.1355,5.2,74.3,2
7.93,7.16,3.08,-8.24,1.5111,1.0807,8.7969,5.9,89.0,3
2.97,6.75,0.45,-11.87,1.8567,2.8611,11.8798,3.0,89.1,3
33.09,0.42,0.47,-1.84,0.3246,0.0829,1.9,16.8,54.0,0
30.07,0.24,-21.87,-14.38,3.2012,1.2798,26.1743,13.4,66.8,3
19.14,2.07,-1.48,5.17,3.9867,1.5333,5.3785,5.8,81.2,1
22.51,1.84,-4.85,-4.73,0.1998,0.6295,6.7789,7.6,72.9,1
38.17,0.33,-1.52,-0.02,0.2453,0.2345,1.5193,20.6,58.9,0
1.63,17.0,-6.18,0.22,2.7122,0.9687,6.182,2.7,96.0,3
2.96,16.48,6.96,-4.76,1.5038,1.3633,8.4323,4.4,88.2,3
60.69,-0.32,-0.41,0.21,0.1608,0.1604,0.4587,17.2,30.6,0
65.76,-0.24,-4.38,2.75,0.4104,0.2305,5.1694,22.8,48.4,0
2.15,14.61,-2.37,-5.52,1.2545,2.5102,6.0068,3.4,84.9,3
76.17,0.87,-1.59,-0.32,0.6718,0.063,1.6214,17.4,48.5,0
25.01,0.31,1.62,0.86,0.6057,0.0634,1.8342,22.9,54.5,0
55.86,0.91,-2.15,2.63,0.5549,0.207,3.4006,16.3,34.6,0
15.18,6.05,-11.37,-2.25,0.6473,1.3427,11.5889,8.8,88.4,2
66.29,0.53,0.93,3.69,0.3071,0.0922,3.8004,20.4,42.5,0
15.81,2.49,-3.63,-1.4,0.6338,0.3333,3.8895,7.6,71.5,1
71.9,1.11,4.22,-1.09,0.6806,0.1189,4.363,16.4,34.5,0
43.16,0.08,4.12,2.89,0.4408,0.1606,5.039,18.9,30.4,0
50.7,0.1,-1.13,-1.53,0.2349,0.119,1.9059,18.1,48.3,0
6.08,6.87,-5.97,4.37,0.8124,1.5044,7.4028,5.9,93.7,3
66.63,-0.04,-0.44,0.61,0.3198,0.1437,0.7511,16.8,47.2,0
35.75,2.76,19.53,-13.56,1.9337,0.6006,23.7739,6.4,69.3,2
5.45,4.7,-0.34,7.02,0.6071,0.4481,7.0299,8.3,72.8,2
16.65,1.45,-17.7,14.14,1.9391,0.7207,22.6544,11.0,66.8,2
1.71,13.5,5.4,8.21,2.8134,1.276,9.8249,2.8,92.0,3
1.7,11.32,2.38,0.58,1.4222,1.3857,2.4502,1.1,88.9,3
11.92,7.05,3.19,-2.3,0.605,0.5239,3.9277,6.2,89.4,2
4.25,7.63,-4.23,0.0,1.0718,0.2038,4.2304,8.0,84.8,2
5.1,7.82,-12.78,-1.58,0.7967,0.1987,12.878,3.6,84.6,2
12.13,5.02,3.8,-8.44,1.1594,1.2508,9.257,5.6,86.8,2
37.37,0.21,0.13,-1.51,0.359,0.3637,1.5111,17.5,58.7,0
4.66,7.6,7.43,-2.98,2.8235,0.616,8.0058,4.2,77.4,2
20.99,3.95,-1.29,7.11,0.8493,0.6072,7.2305,9.9,66.3,1
7.69,11.06,-0.6,-4.9,3.3478,0.3994,4.9373,1.8,83.2,3
18.06,0.53,-3.68,2.6,1.2816,0.1006,4.5008,9.9,61.0,1
74.73,1.5,4.3,0.37,0.5971,0.2792,4.3126,19.1,31.6,0
26.08,2.88,0.57,-3.8,1.4324,0.2242,3.8451,12.0,65.4,1
17.22,3.05,1.47,-1.39,0.5488,0.3231,2.0258,7.4,62.9,1
65.73,0.57,2.32,3.25,0.3118,0.1989,3.9944,24.6,54.0,0
52.53,-0.09,-0.12,-2.08,0.172,0.1044,2.0865,18.1,61.1,0
46.57,0.69,2.41,-0.02,0.1847,0.222,2.4113,17.5,45.2,0
14.31,4.25,-15.25,-0.35,1.4951,0.3707,15.2571,4.0,81.0,2
62.28,0.39,2.16,0.45,0.282,0.1197,2.2038,20.5,40.2,0
22.08,-0.44,1.86,-1.1,0.2372,0.0289,2.1623,23.1,61.7,0
61.65,-0.7,-3.26,-0.21,0.2425,0.0625,3.268,16.6,39.5,0
5.59,15.57,-0.12,-1.24,1.4057,1.7014,1.2428,2.4,96.1,3
37.54,1.07,0.66,0.71,0.5729,0.0928,0.9662,15.6,60.6,0
55.3,0.09,0.44,0.18,0.4345,0.0509,0.4782,15.1,52.7,0
5.75,6.26,-4.76,5.99,2.3695,1.1041,7.6477,4.0,79.5,2
17.76,3.11,2.09,6.08,0.2436,0.3382,6.4324,11.6,73.6,1
27.32,3.34,-7.84,4.18,0.564,0.5537,8.8841,17.1,75.4,1
69.31,-0.62,-1.85,1.22,0.3164,0.1369,2.2176,15.9,41.3,0
77.19,-0.75,0.65,-2.43,0.528,0.3282,2.5197,18.1,53.5,0
15.48,2.97,2.11,0.25,0.7297,0.2816,2.1279,11.3,76.4,1
11.68,0.97,1.99,-5.76,0.8765,0.3245,6.091,6.1,61.3,1
71.37,-0.69,-3.17,1.39,0.835,0.0638,3.4609,16.8,52.4,0
1.78,9.58,-6.34,-0.28,1.1839,1.3024,6.3459,2.5,83.0,3
28.19,1.15,1.96,0.22,0.5588,0.0789,1.9682,19.4,51.7,0
22.13,3.7,4.07,1.31,0.9844,0.9312,4.2788,6.2,68.7,1
10.05,3.65,7.2,-4.94,0.791,0.6391,8.7324,14.2,74.1,1
21.17,2.14,-4.28,-5.75,1.2361,0.2434,7.1636,6.1,58.1,1
71.67,-0.72,3.28,-2.27,0.568,0.1827,3.9858,21.0,47.2,0
7.42,4.33,0.67,-1.35,0.81,1.5211,1.5089,2.6,97.7,3
7.77,4.86,-6.47,6.46,1.109,1.0745,9.1424,8.4,78.8,2
48.83,0.41,-1.4,0.41,0.3366,0.0736,1.4602,23.2,33.6,0
7.06,-0.85,10.02,0.97,1.5898,2.9619,10.0708,5.9,92.0,2
46.14,1.04,1.6,1.87,0.7148,0.1265,2.4606,24.6,50.6,0
38.04,1.3,-23.07,14.65,2.3642,0.9243,27.3302,4.3,80.5,3
18.66,2.69,5.04,0.1,0.2974,0.3457,5.0433,15.9,70.8,1
20.52,2.33,4.3,5.52,1.283,0.3244,6.9927,9.2,81.9,1
5.85,11.12,-7.03,3.66,1.9394,2.0793,7.9243,2.9,87.2,3
2.98,7.82,-7.98,-9.2,1.794,1.5698,12.18,2.1,92.0,3
24.4,1.0,-8.48,-0.28,1.4495,0.6564,8.4891,15.6,59.5,1
56.09,0.27,-0.58,2.06,0.5669,0.0811,2.1378,22.5,32.3,0
13.43,1.87,-2.5,2.26,0.4042,0.3282,3.3697,9.6,67.6,1
73.05,-0.4,-4.98,-3.05,0.5646,0.179,5.8414,23.0,43.1,0
10.97,1.35,3.28,-5.93,0.7794,0.5626,6.7742,15.8,65.8,1
7.87,9.29,0.14,7.68,0.7499,0.6693,7.6777,6.1,79.2,2
22.83,1.11,3.45,-0.66,1.0331,0.4089,3.5162,8.9,70.7,1
9.35,8.13,-0.62,-0.56,0.6843,0.3079,0.8354,6.7,81.9,2
24.26,3.19,7.52,9.91,0.7502,0.6626,12.4418,13.1,74.3,1
7.72,9.73,6.28,-3.7,0.3199,1.461,7.2844,1.1,82.4,3
78.79,0.46,1.16,-3.08,0.5206,0.1779,3.2901,20.8,55.2,0
13.17,8.27,24.61,-4.59,0.4975,0.7631,25.03,8.9,75.3,2
6.62,13.55,-3.2,10.12,0.539,1.8438,10.609,2.4,97.1,3
24.18,1.6,-1.06,-1.49,0.3224,0.2244,1.8254,8.1,77.5,1
32.72,0.18,0.97,-0.5,0.7388,0.0665,1.0891,20.5,60.2,0
58.48,1.18,-1.5,-3.42,0.42,0.2926,3.7318,19.3,55.8,0
21.71,0.94,-2.0,1.71,0.6991,0.2857,2.63,17.2,80.7,1
9.73,5.98,0.11,0.91,2.5731,0.39,0.9141,3.7,78.3,2
15.43,2.47,-2.89,3.15,2.7138,0.6264,4.2721,5.8,77.2,2
42.84,1.44,1.76,1.02,0.3807,0.2529,2.0377,15.2,38.7,0
33.65,2.64,-21.34,15.86,1.9229,0.6642,26.5862,5.1,72.9,3
12.24,5.86,-2.43,3.08,1.7215,1.2302,3.9186,3.2,78.1,2
45.69,1.2,-0.98,-2.13,0.5315,0.0901,2.3415,22.1,33.5,0
13.3,4.97,-7.27,-7.52,4.555,1.2923,10.4601,5.3,77.7,1
27.26,-0.49,0.04,-2.66,0.5067,0.1165,2.6564,19.1,46.9,0
12.82,3.22,0.51,-4.58,0.387,0.2229,4.6123,8.3,77.2,2
4.2,6.56,-11.98,3.62,1.2153,0.4613,12.5174,1.6,97.3,3
4.14,6.95,6.57,-7.05,1.9377,0.5029,9.6369,2.3,92.4,3
12.3,1.45,-5.96,0.14,0.1643,0.1565,5.9576,9.5,58.3,1
18.77,1.52,1.17,-3.45,0.5047,0.6678,3.6466,6.5,81.5,1
11.2,6.73,1.46,0.45,0.8296,0.4558,1.5327,8.8,75.7,2
12.35,1.43,4.65,0.1,0.6542,0.3649,4.6521,13.4,76.3,1
13.34,2.88,7.78,-5.43,1.86,0.901,9.4863,9.9,83.8,2
15.3,3.23,-3.5,-8.9,0.9707,0.9287,9.56,4.6,77.5,2
4.27,17.15,0.91,4.65,1.3166,1.3456,4.7377,5.7,94.1,3
25.76,1.81,1.66,5.77,1.4711,0.1831,6.0004,15.3,75.2,1
16.89,7.97,1.79,19.85,4.0221,0.8897,19.9289,6.3,77.4,1
1.56,19.64,-2.48,-2.29,3.94,3.1844,3.3752,1.6,95.9,3
70.56,-0.87,1.67,1.69,0.5877,0.234,2.3796,23.2,40.5,0
11.53,4.61,17.29,-2.47,1.2138,1.5521,17.4693,3.1,74.8,2
35.83,0.06,-2.31,-2.88,0.1656,0.1259,3.6908,20.4,41.2,0
15.75,2.19,10.44,3.09,0.8592,0.5939,10.885,14.0,60.7,1
27.54,1.81,-1.96,-3.95,1.4469,0.2273,4.404,10.8,69.1,1
19.4,2.67,-8.3,-4.84,0.312,0.0383,9.6054,10.3,74.8,1
27.07,3.43,18.79,-7.03,1.0335,0.5493,20.0616,17.8,76.0,1
62.95,-0.6,4.87,-1.86,0.212,0.1246,5.212,16.4,48.7,0
22.34,2.88,-0.13,0.38,0.3494,0.3455,0.4025,11.1,60.1,1
12.89,3.26,-1.63,-0.29,1.1942,0.5021,1.6572,12.3,79.1,1
68.46,0.88,1.01,1.2,0.2967,0.0689,1.5745,23.6,36.6,0
56.01,-0.39,-3.32,-0.82,0.5707,0.0323,3.4225,23.5,53.3,0
20.57,1.75,2.05,-2.63,0.8698,0.8047,3.3353,9.5,58.5,1
20.09,0.35,2.29,5.15,0.326,0.1214,5.638,20.1,50.3,0
48.58,0.9,4.51,-0.43,0.2421,0.1718,4.5346,19.2,32.3,0
18.07,2.29,1.76,-2.3,0.6289,0.5004,2.8941,6.6,66.1,1
8.25,3.08,13.11,-11.84,1.3192,0.6766,17.6657,5.8,82.4,2
55.19,0.7,2.78,0.84,0.6048,0.2209,2.9065,22.9,42.0,0
46.25,1.37,0.48,2.16,0.2337,0.325,2.2094,18.7,31.0,0
49.55,-0.55,-3.03,-1.99,0.2776,0.1953,3.6302,23.0,65.0,0
18.62,2.17,-3.66,0.31,0.2276,0.3678,3.6704,16.8,57.0,1
67.18,1.44,-0.27,0.31,0.6344,0.0638,0.4131,15.6,44.9,0
19.64,-1.54,4.9,13.75,4.6187,3.0987,14.5962,4.6,78.6,1
14.19,5.43,-5.76,6.13,0.6041,0.5896,8.408,6.3,76.0,2
26.74,2.26,5.07,2.18,1.0353,0.3449,5.5176,13.8,80.3,1
25.87,1.29,-18.18,15.8,1.9555,1.2319,24.0824,6.5,69.5,2
10.41,3.53,-4.12,1.78,0.5603,0.2769,4.4859,8.5,76.0,1
52.83,1.42,0.21,-0.84,0.2821,0.098,0.8634,15.9,36.3,0
23.05,2.88,-0.08,-5.5,0.451,0.3726,5.498,15.8,62.6,1
12.99,7.45,-23.24,-2.18,0.6503,1.4234,23.3457,5.3,87.1,2
16.9,0.61,9.44,3.47,0.3422,0.4714,10.0549,6.3,76.1,1
12.63,8.91,5.7,-10.45,1.7655,0.8362,11.9052,3.5,89.1,2
25.17,0.57,3.6,0.87,0.4997,0.5742,3.7003,15.2,75.3,1
12.49,7.7,-3.65,1.99,0.6149,0.6191,4.152,9.6,89.1,2
73.95,0.13,2.61,2.6,0.1302,0.1565,3.6833,19.0,30.5,0
10.12,6.54,17.6,0.9,0.3751,0.4538,17.6206,7.1,79.7,2
2.55,8.06,0.32,-7.3,1.4193,1.066,7.3072,2.5,88.0,3
3.16,12.17,1.41,4.87,2.7687,1.671,5.0691,4.4,95.1,3
12.85,2.49,9.15,2.21,0.2353,0.6331,9.4127,17.4,69.8,1
14.67,1.9,8.04,5.06,0.4005,0.7861,9.5015,7.3,76.2,1
4.33,16.52,-1.41,0.11,0.3626,0.632,1.4185,3.2,97.9,3
10.35,5.34,6.25,4.56,1.5831,0.4665,7.7319,8.2,77.0,2
51.94,0.39,-3.25,0.33,0.3596,0.1694,3.2718,20.4,44.3,0
23.93,0.57,-0.96,4.84,0.8102,0.5552,4.9332,14.3,59.7,1
6.14,3.49,8.0,-11.46,1.5648,0.3011,13.9759,6.3,84.4,2
19.02,1.35,21.54,-16.84,1.9617,0.6844,27.3428,13.3,74.8,3
36.44,-0.2,-1.47,-2.07,0.4155,0.2477,2.5428,19.3,45.7,0
39.55,-0.07,1.14,-1.86,0.6227,0.114,2.1848,19.1,52.8,0
10.1,8.09,-2.37,-4.47,1.988,1.2461,5.0595,6.3,75.2,2
51.84,1.21,3.41,-4.17,0.5756,0.2191,5.3912,22.9,54.0,0
10.88,6.2,2.47,9.67,0.666,1.0156,9.9806,5.1,87.6,2
25.86,-0.67,-1.8,0.21,0.2854,0.1727,1.812,22.9,50.2,0
12.91,0.89,5.07,-0.55,0.7301,0.2609,5.1023,13.2,68.5,1
20.15,2.07,0.45,8.85,0.44,0.3754,8.865,16.7,68.0,1
10.0,5.59,-10.98,-1.49,2.2726,1.2274,11.0798,8.2,74.3,2
26.13,-0.64,2.33,-0.22,0.5981,0.137,2.3377,20.7,57.6,0
52.38,0.7,-0.11,0.21,0.4777,0.1434,0.2432,20.3,55.6,0
19.52,3.67,2.29,8.21,0.1392,0.1885,8.5249,15.6,81.7,1
47.53,1.38,-5.79,3.63,0.5844,0.1816,6.8368,19.0,35.3,0
21.69,3.71,6.69,-0.18,1.3255,0.1996,6.6929,12.7,56.3,1
12.89,8.1,-13.8,3.65,1.2556,0.4153,14.2773,7.9,84.5,2
12.97,3.14,0.52,-1.35,0.5581,0.28,1.4513,15.9,56.0,1
31.77,2.64,16.09,-13.15,1.5002,1.243,20.7819,14.0,65.0,2
21.51,2.02,-0.96,-0.08,1.4215,0.7232,0.9681,10.9,74.1,1
11.05,3.29,-5.3,9.5,0.5849,0.642,10.8757,7.4,73.5,2
25.34,5.46,27.61,9.46,0.9457,3.9431,29.1886,4.5,91.6,2
1.31,20.51,-0.64,-6.7,3.0822,0.743,6.7301,1.1,82.8,3
67.44,0.08,-0.07,3.27,0.3024,0.1495,3.2749,17.8,39.9,0
10.46,4.41,-4.13,8.64,0.5486,0.7732,9.5791,4.0,77.3,2
27.73,1.33,-6.74,-2.73,1.4727,0.6918,7.2715,6.8,70.2,1
26.59,1.44,-3.27,9.27,0.5907,0.2316,9.8256,13.9,63.2,1
10.85,3.69,12.53,-3.34,0.6544,0.3913,12.9679,7.9,74.7,1
2.19,16.18,-5.54,0.81,1.0179,2.669,5.6004,2.3,84.5,3
24.76,2.43,17.36,-18.1,2.4777,1.0481,25.0801,12.3,64.1,3
19.36,0.86,12.92,0.64,1.4648,0.6909,12.9328,11.8,65.9,1
1.64,14.22,3.05,-0.65,2.8175,1.2483,3.1225,1.5,88.8,3
27.1,2.75,-9.62,1.86,0.6937,0.5473,9.7952,14.3,68.1,1
5.7,13.77,7.37,-8.21,2.5973,1.2932,11.0284,5.2,83.8,3
14.97,3.6,5.06,-3.18,0.4064,0.243,5.9789,15.6,55.6,1
5.49,8.26,-10.22,-4.76,0.8297,0.9288,11.2701,5.7,94.5,3
8.43,0.27,-17.29,-20.96,1.8454,0.6199,27.1746,14.8,64.4,3
15.37,6.71,-2.14,-2.58,1.5205,0.9935,3.348,5.2,77.5,2
12.17,2.77,-2.7,3.46,0.8223,0.3963,4.3889,15.2,64.8,1
26.2,3.66,1.03,0.99,1.184,0.2044,1.4235,17.4,81.0,1
6.94,7.45,2.18,-0.15,2.0736,1.5123,2.1815,2.9,94.6,3
5.85,12.43,-7.12,1.07,0.6924,1.0843,7.1991,3.6,80.5,2
70.67,0.49,2.17,2.97,0.6488,0.0752,3.6748,17.6,50.0,0
14.24,4.77,11.13,3.42,1.1115,0.4122,11.6418,7.3,88.0,2
17.18,0.7,4.23,-2.64,0.2992,0.2266,4.985,15.1,59.7,1
22.89,3.94,0.32,-3.3,0.3447,0.5015,3.3204,12.6,58.7,1
37.04,-0.77,-2.88,-0.78,0.3936,0.0806,2.9784,22.7,55.4,0
35.73,1.15,0.52,-2.24,0.5108,0.0861,2.3036,21.9,35.3,0
6.21,7.71,2.37,4.52,1.8715,1.2083,5.1013,2.1,96.4,3
15.55,4.68,-7.26,11.41,0.3392,0.1222,13.5267,4.3,74.1,2
1.91,16.68,-5.15,0.09,5.4521,1.3123,5.1552,5.0,91.9,3
18.03,3.06,3.94,-0.66,1.303,0.3009,3.9965,13.3,77.4,1
5.04,9.27,17.5,3.23,2.0111,1.686,17.7942,4.5,93.7,3
12.26,9.06,-9.11,0.12,1.2648,0.4853,9.1088,5.8,82.4,2
9.77,10.33,14.44,6.41,1.9601,1.2509,15.801,8.9,76.7,2
54.11,-0.37,-0.03,0.83,0.1618,0.1133,0.8263,15.8,60.7,0
5.59,12.47,-4.35,-3.85,1.6362,0.9969,5.8033,1.9,95.9,3
2.52,9.7,4.43,7.59,1.1618,1.3001,8.7923,2.4,96.6,3
19.09,1.41,1.75,0.29,0.2711,0.4044,1.7706,8.7,68.2,1
25.1,-0.64,-2.71,1.56,0.6872,0.0911,3.1287,20.9,64.7,0
4.15,17.01,-8.03,4.77,2.8755,1.4492,9.3433,4.6,84.4,3
58.51,-0.01,2.61,3.08,0.4647,0.1635,4.0382,21.4,49.5,0
60.31,-0.92,-0.47,4.46,0.3047,0.1829,4.4875,22.8,39.1,0
53.24,1.46,-3.19,0.57,0.4684,0.0613,3.2395,20.6,49.6,0
44.76,0.43,1.69,-1.23,0.3759,0.2026,2.0878,23.1,58.1,0
38.17,1.38,1.11,2.44,0.5796,0.2451,2.6798,15.0,32.3,0
18.6,1.51,0.2,-1.64,0.9692,0.4108,1.6489,7.3,64.9,1
24.75,-0.36,1.6,-2.17,0.3886,0.0616,2.7008,19.2,57.8,0
53.5,1.39,0.77,-0.33,0.6335,0.1482,0.8396,23.5,64.0,0
15.06,1.52,19.71,21.04,4.1821,1.0764,28.8299,9.9,59.2,3
1.23,15.62,-9.09,7.1,3.6497,3.0577,11.5309,4.9,95.2,3
10.03,4.1,-21.04,3.59,0.9885,0.5862,21.3419,6.1,91.7,2
24.69,0.96,-0.37,0.96,0.4128,0.2344,1.0267,17.5,54.6,0
35.22,-0.96,0.55,-1.79,0.4243,0.1643,1.8686,20.5,58.5,0
4.94,7.84,6.1,-5.62,1.7876,0.6979,8.292,4.7,91.1,3
25.08,2.8,-18.66,-16.28,3.9932,0.4592,24.7637,11.4,76.9,2
38.42,1.3,23.3,-14.17,4.2654,1.2871,27.2641,5.7,54.2,3
10.35,0.67,-8.53,-1.23,3.0452,3.0034,8.6184,5.0,92.1,1
26.26,0.38,3.74,0.61,0.5038,0.1308,3.7934,21.6,32.4,0
9.22,9.16,-5.66,15.23,1.1248,0.7648,16.2444,3.9,80.2,2
9.89,4.0,-5.03,2.5,0.5437,0.1279,5.622,7.6,88.1,2
15.54,4.15,5.39,-2.68,0.8915,0.8507,6.0138,9.6,91.4,2
78.32,1.23,-1.33,0.22,0.0083,0.2598,1.3427,21.1,63.6,0
56.3,-0.95,-0.78,-3.55,0.5514,0.1711,3.6322,20.2,42.7,0
7.13,10.19,8.61,6.68,2.7991,1.4231,10.8958,3.8,88.0,3
5.39,15.53,-3.09,-3.43,1.2387,0.9483,4.6177,3.0,90.9,3
1.81,19.96,2.52,-8.95,2.7916,2.2201,9.2963,2.9,89.8,3
58.14,-0.09,-1.17,1.0,0.7235,0.1954,1.542,16.6,43.3,0
25.96,3.18,-5.44,-2.98,0.6544,0.2974,6.2013,13.0,75.8,1
27.17,2.15,2.03,4.61,0.2535,0.4591,5.034,13.2,80.8,1
22.87,0.54,7.28,5.85,1.4574,0.4582,9.3446,8.9,76.1,1
13.28,1.75,4.21,-3.37,0.9978,0.2667,5.391,9.4,72.9,1
7.71,7.52,1.09,6.66,2.741,1.4153,6.7492,4.1,94.2,3
6.05,9.97,-6.03,-5.4,1.8711,0.8467,8.094,3.3,84.6,2
6.65,8.75,5.98,1.15,0.5112,1.7248,6.0944,4.3,97.0,3
5.82,7.7,-6.75,-8.79,1.7131,1.968,11.0783,3.4,89.0,3
37.4,-0.41,-4.4,2.18,0.6433,0.129,4.9076,20.1,37.4,0
23.05,0.29,1.92,1.5,0.6119,0.1351,2.4375,15.7,63.9,0
10.86,3.72,2.98,-8.19,0.8408,0.2785,8.7158,8.5,69.6,1
70.92,0.1,-3.69,1.73,0.561,0.1387,4.0788,22.5,42.6,0
8.06,9.09,0.58,-2.22,1.012,0.6494,2.2923,3.7,76.0,2
13.4,2.62,8.99,-5.34,1.6346,1.1331,10.455,6.4,74.1,2
12.29,6.02,12.86,-2.72,0.6614,0.6974,13.1396,6.5,79.5,2
50.49,0.45,-0.97,1.16,0.0825,0.105,1.5077,15.8,62.7,0
69.02,-0.58,-3.4,-0.89,0.4748,0.1324,3.5149,23.1,49.8,0
22.11,3.63,9.62,3.12,0.4054,0.0464,10.1142,17.5,71.2,1
1.07,15.17,7.68,1.22,2.2356,0.4347,7.7791,1.2,92.4,3
4.88,8.66,16.57,-1.71,2.1694,1.2026,16.6546,1.9,91.0,3
45.34,-0.21,2.79,-1.31,0.1092,0.2691,3.0799,24.9,35.2,0
56.12,1.11,0.57,-2.45,0.2734,0.1078,2.5163,19.2,39.5,0
20.32,1.41,1.61,-1.99,0.5201,0.1885,2.5582,7.1,66.5,1
8.89,5.68,-7.91,5.92,0.7353,0.9514,9.8787,3.8,76.4,2
9.98,2.69,-3.19,-0.97,1.2388,0.384,3.3377,6.3,78.5,2
26.12,2.31,2.84,0.39,1.3888,0.3715,2.8683,15.5,64.4,1
9.97,8.61,5.23,-2.18,1.0226,1.5287,5.6622,9.6,88.4,2
5.03,11.21,11.29,2.83,2.525,2.2616,11.6389,3.5,86.7,3
12.97,4.64,9.82,4.59,2.2257,0.7016,10.8357,4.3,82.3,2
21.88,1.2,3.34,-4.92,0.9274,0.1321,5.9455,6.3,65.5,1
24.04,1.0,-1.69,0.21,0.4507,0.2116,1.7079,17.0,44.1,0
10.61,3.1,3.31,0.19,0.8799,0.6636,3.314,8.5,62.6,1
6.36,5.66,-7.32,-1.39,1.4475,1.0713,7.4531,4.0,88.7,3
59.71,0.61,1.79,-0.04,0.2384,0.1589,1.7928,22.4,48.8,0
69.21,1.06,-0.94,-2.25,0.4266,0.1526,2.4431,15.5,52.5,0
27.38,2.61,1.54,-5.52,1.1362,0.5934,5.7285,6.3,65.4,1
29.02,0.38,-20.07,20.21,0.9983,1.6914,28.4823,11.5,66.4,3
6.13,5.38,-4.1,-0.1,1.0803,0.9418,4.1,8.9,77.4,2
14.8,1.09,2.38,-2.9,1.1762,0.1654,3.7486,10.3,72.6,1
66.77,-0.69,-0.15,0.27,0.3565,0.2279,0.3103,21.0,48.5,0
11.36,4.9,-0.4,4.08,1.2133,0.3666,4.1011,4.5,88.9,2
22.34,0.07,1.09,2.36,1.0695,0.193,2.6038,24.7,41.1,0
19.55,3.73,-5.06,3.74,0.65,0.5128,6.2946,10.7,56.2,1
26.76,-0.59,-1.86,0.39,0.4944,0.1399,1.9054,23.6,61.4,0
27.21,1.52,-4.93,1.85,0.5021,0.3524,5.2708,12.8,78.3,1
40.51,1.46,1.09,0.61,0.123,0.1522,1.2504,24.4,59.9,0
19.75,0.75,-5.52,5.65,1.0896,0.5994,7.8961,6.9,58.3,1
12.39,5.59,-16.35,-12.78,2.4852,2.955,20.7541,4.4,94.9,2
1.05,11.77,6.22,4.56,2.2049,0.8855,7.7128,5.2,96.0,3
6.85,8.6,1.4,6.34,2.2861,0.8155,6.4968,6.4,92.0,2
21.23,3.03,2.33,-0.66,0.9884,0.7027,2.4217,12.3,56.5,1
74.59,0.06,-2.35,-1.45,0.408,0.3049,2.7654,22.0,41.9,0
6.29,11.05,-0.84,0.02,3.4653,1.2412,0.8405,4.9,91.0,3
57.31,-0.29,-0.02,-2.97,0.2129,0.3199,2.9662,18.0,37.3,0
59.04,1.02,1.75,0.4,0.7149,0.1288,1.7972,23.4,30.6,0
24.45,2.33,8.47,0.19,0.56,0.7368,8.471,17.8,75.0,1
43.22,0.4,-0.14,1.55,1.0104,0.2232,1.5554,23.5,45.8,0
27.03,3.97,-0.78,-5.96,0.6641,0.5365,6.0062,15.4,59.4,1
21.77,1.44,0.51,-1.94,0.5107,1.0897,2.001,15.2,65.4,1
6.16,4.15,19.78,1.51,6.9347,1.1692,19.8381,4.6,75.5,2
19.11,2.82,2.41,-5.7,1.3576,0.2456,6.1882,10.9,63.3,1
25.53,1.47,2.16,1.48,0.6,0.1429,2.6167,18.1,46.4,0
15.5,1.37,2.41,-2.38,0.5349,0.2478,3.387,11.6,55.8,1
34.55,-0.06,1.01,-1.83,0.4399,0.1439,2.0887,24.5,46.2,0
75.93,-0.39,4.91,0.22,0.4299,0.056,4.9139,15.5,35.5,0
4.79,12.33,0.3,6.28,2.2244,1.5272,6.2837,5.0,97.8,3
76.79,-0.03,-2.31,2.72,0.4905,0.1209,3.57,15.1,48.0,0
31.82,1.82,26.22,-10.53,1.9,2.0713,28.2536,13.8,84.4,3
35.58,0.42,0.42,2.41,0.3348,0.3053,2.4468,17.5,49.6,0
10.03,2.7,-17.08,-0.12,0.3491,0.5,17.0798,7.9,83.9,2
26.92,-0.12,-3.23,0.32,0.3119,0.2728,3.242,23.1,48.3,0
19.61,2.57,-2.99,1.64,0.5641,0.241,3.4131,12.6,56.2,1
32.24,0.96,-22.65,13.7,1.0535,0.7604,26.4687,13.4,80.2,3
31.84,1.47,-1.26,-0.79,0.4529,0.0289,1.4909,16.8,36.9,0
27.27,3.38,1.91,2.59,0.5419,0.2169,3.2161,13.7,58.2,1
14.38,-0.05,32.49,4.57,5.63,1.5842,32.8078,3.4,91.2,2
39.4,0.19,-0.45,1.42,0.542,0.0593,1.4889,21.3,53.9,0
17.24,0.51,4.76,-0.8,0.8373,0.6744,4.832,15.4,72.4,1
16.02,3.78,-3.22,7.49,1.5686,0.4257,8.1527,13.0,59.3,1
67.63,1.46,0.43,-1.8,0.6598,0.1331,1.8502,17.1,52.6,0
34.99,1.31,-4.66,1.39,0.3924,0.2284,4.859,23.5,35.8,0
12.58,3.52,-7.13,0.2,1.2874,0.6476,7.1369,7.8,80.9,1
7.53,5.75,-4.73,0.0,3.1006,3.7491,4.7319,3.5,78.5,2
8.8,5.15,-1.36,1.16,0.1806,1.423,1.7882,9.1,80.6,2
6.18,12.09,-4.19,1.75,3.2757,1.3655,4.5433,1.2,95.9,3
47.61,-0.86,4.43,1.27,0.3024,0.1016,4.6083,15.6,55.9,0
13.69,2.04,-4.57,-0.67,0.499,0.5712,4.6147,10.3,58.1,1
7.78,-1.06,13.24,-1.59,6.7974,1.7403,13.3386,7.5,86.7,2
32.75,1.61,-19.27,16.49,1.8713,0.3665,25.3638,7.1,75.1,3
45.03,0.91,-5.42,2.98,0.639,0.1584,6.1875,17.1,55.1,0
5.32,8.53,1.19,-4.18,1.687,1.8826,4.3435,4.9,97.4,3
26.17,0.43,-0.31,-1.42,0.1328,0.1135,1.452,16.5,62.6,0
14.18,1.42,-1.92,-1.5,1.3857,0.2622,2.4352,9.7,73.3,1
20.75,1.21,4.94,6.49,0.7741,0.5795,8.1586,11.9,79.6,1
57.11,1.43,-2.4,2.3,0.3026,0.069,3.3216,15.2,64.0,0
21.0,2.78,-0.91,1.29,0.644,0.288,1.5788,6.9,66.1,1
23.43,-0.15,-0.78,-2.89,0.2753,0.1852,2.9962,22.4,48.6,0
51.05,-0.55,-3.6,1.08,0.4475,0.1738,3.7611,19.0,57.4,0
10.06,1.69,9.77,3.06,0.8811,0.2479,10.2341,6.6,65.9,1
6.26,10.19,5.61,0.29,1.2592,1.0767,5.6206,7.8,82.3,2
30.59,0.27,-6.12,-0.44,0.6029,0.1176,6.1403,19.4,64.2,0
11.03,0.14,16.46,-0.56,3.6391,1.263,16.4714,3.6,78.7,2
21.25,1.98,-3.55,-3.89,0.4708,0.4701,5.2667,12.9,57.6,1
19.53,-1.88,-7.68,1.42,4.4661,2.4961,7.807,3.4,86.2,1
1.74,14.64,-7.23,7.81,2.6428,1.4214,10.6459,5.8,96.0,3
38.03,0.6,15.35,12.79,2.7801,0.6795,19.9781,8.0,57.6,2
67.68,0.26,-0.52,1.61,0.4167,0.1447,1.691,20.2,56.9,0
7.11,11.08,-1.66,6.77,2.3137,1.5188,6.9717,4.4,91.1,3
29.77,2.47,26.7,17.39,2.3427,0.7073,31.8631,5.3,61.7,3
64.94,0.94,1.96,1.45,0.2771,0.1641,2.4411,16.4,32.6,0
9.78,4.93,-23.93,1.78,1.3821,0.4754,23.9934,8.4,89.0,2
5.1,2.82,-5.97,7.74,3.5102,2.6316,9.7756,4.6,94.5,2
50.66,0.94,-1.33,-1.93,0.382,0.1175,2.3386,19.4,34.2,0
23.61,6.11,-0.79,2.42,3.4584,1.765,2.5462,3.2,94.9,1
68.52,0.13,-2.75,-0.18,0.3526,0.2376,2.7585,22.5,50.2,0
7.98,9.84,-2.28,6.92,0.8756,0.7123,7.2883,5.5,79.4,2
52.32,-0.54,0.76,-3.34,0.3693,0.1397,3.4238,21.1,50.0,0
13.03,6.45,-6.39,3.85,0.6184,0.7645,7.4644,4.3,90.8,2
13.08,2.78,8.37,-8.62,0.4777,0.5681,12.0166,16.0,74.2,1
16.43,1.55,-1.28,-0.93,1.3117,0.2542,1.5837,10.3,75.0,1
13.63,5.96,5.35,-2.31,1.147,0.6909,5.825,4.7,83.2,2
6.17,7.7,-9.12,2.1,0.7526,0.6727,9.3585,3.3,87.4,2
6.8,13.51,2.31,1.9,0.9916,1.938,2.9958,1.3,82.4,3
10.84,1.62,13.44,1.38,0.5467,0.5594,13.5118,6.3,63.5,1
22.4,1.26,-7.02,-1.25,1.0631,0.2671,7.1272,7.6,68.1,1
30.54,-0.05,-0.85,-2.26,0.6507,0.0892,2.4097,24.2,60.2,0
0.5,3.87,-3.29,-0.51,2.207,2.9162,3.3308,3.1,78.1,2
13.38,2.12,-4.72,4.34,0.5814,0.7681,6.4127,9.0,66.1,1
14.39,1.76,1.08,-3.41,1.2364,0.4155,3.5803,16.7,65.4,1
29.22,-0.1,-1.88,0.73,0.4065,0.0859,2.0146,15.8,59.5,0
12.06,5.85,17.71,0.67,0.9852,0.8521,17.7207,8.9,76.2,2
12.15,5.97,-7.71,0.87,1.3017,0.5906,7.7583,7.2,79.8,2
33.48,0.04,3.6,0.15,0.3403,0.2114,3.607,16.2,40.3,0
21.53,0.69,-17.12,-11.05,3.2425,0.7286,20.3799,13.4,53.2,2
50.03,-0.96,-2.16,-2.42,0.6012,0.1645,3.2447,23.2,43.7,0
8.55,4.64,-2.93,0.11,1.1649,0.6207,2.9345,3.9,72.9,2
1.73,11.7,-0.72,5.09,1.6143,1.6377,5.1445,5.0,95.2,3
13.06,5.11,1.36,-4.83,1.2416,0.8923,5.0146,6.8,82.9,2
41.02,0.89,-2.28,-0.39,0.7528,0.1438,2.3134,20.5,36.6,0
21.22,1.85,1.09,-3.23,1.1092,0.9759,3.4125,12.6,71.3,1
15.09,7.55,-0.14,1.52,0.8724,1.3935,1.5233,9.5,80.5,2
23.08,0.48,0.62,-1.46,0.3898,0.126,1.5874,16.5,33.5,0
12.82,2.73,-6.26,1.8,0.6358,0.5005,6.5126,15.5,76.8,1
50.26,0.39,-3.58,-1.14,0.198,0.2052,3.7575,18.9,35.7,0
13.07,0.99,-0.41,-2.51,1.3468,0.3223,2.5425,14.4,76.7,1
22.72,3.64,-4.3,0.71,0.7025,0.8319,4.3579,12.1,77.3,1
10.44,3.26,-2.33,8.27,1.5715,0.8608,8.5901,5.8,85.0,2
12.96,-1.54,1.9,-10.72,5.1721,3.2188,10.8832,3.3,86.3,1
24.71,2.01,1.24,1.41,1.4305,0.2182,1.8731,14.0,62.4,1
9.62,8.17,-0.79,-11.33,2.2191,1.0388,11.3542,4.2,91.9,2
12.06,5.52,0.6,-2.37,0.6232,0.6043,2.448,6.2,86.0,2
3.53,7.96,-3.97,5.49,2.003,1.5059,6.777,4.4,96.2,3
20.57,2.94,-3.55,7.76,0.8886,0.9883,8.5389,13.3,78.4,1
5.68,6.03,3.5,-5.91,0.8977,1.2413,6.8702,6.0,94.6,3
8.27,5.78,2.19,2.04,1.3657,0.9947,2.9955,7.4,90.0,2
23.4,-1.96,0.61,13.57,2.349,1.276,13.5862,2.7,82.3,1
56.96,-0.53,-4.3,-0.78,0.1518,0.3272,4.375,23.9,37.3,0
36.82,0.23,-0.38,-0.86,0.2676,0.0811,0.9372,19.2,52.6,0
35.97,0.75,-29.06,-14.94,3.8761,0.9507,32.6732,11.2,54.5,3
23.12,2.5,0.99,-2.57,0.6443,0.1732,2.7548,14.6,71.6,1
11.3,8.89,-2.58,-6.1,2.2333,0.4937,6.6266,5.0,88.5,2
34.79,2.86,-17.15,-16.79,1.5795,0.9212,23.9939,10.8,80.8,2
29.7,-0.01,-2.87,0.57,0.5827,0.1317,2.9292,19.5,52.5,0
2.17,8.94,8.53,-5.2,2.2568,1.8136,9.9838,5.8,91.2,3
28.97,5.14,7.81,-7.92,5.3206,2.2899,11.1238,6.8,85.2,1
21.61,1.31,-6.81,4.45,1.1617,0.3081,8.1323,16.8,75.1,1
63.95,0.63,1.46,-0.63,0.1322,0.188,1.5943,22.2,39.8,0
11.26,0.61,-4.36,-0.85,1.5672,0.3686,4.4444,9.9,67.9,1
61.57,0.67,1.05,1.21,0.2835,0.14,1.6033,15.3,41.1,0
54.34,0.36,-3.31,-3.66,0.5496,0.1253,4.9297,18.4,63.2,0
33.1,1.01,-2.67,1.97,0.4564,0.0277,3.3139,16.8,55.8,0
21.87,1.64,3.27,-7.18,0.7205,0.3707,7.892,8.4,61.6,1
14.74,3.7,-1.89,-0.96,0.4239,0.8144,2.1255,17.8,81.8,1
51.53,-0.22,2.56,3.91,0.284,0.2206,4.6703,21.1,36.7,0
30.5,0.64,21.41,14.25,3.9762,0.9106,25.7162,13.0,50.6,3
78.62,0.31,4.92,1.0,0.093,0.1681,5.0241,16.8,63.2,0
33.73,0.9,-1.78,0.19,0.4727,0.168,1.7926,24.7,52.2,0
26.9,3.47,-3.79,-0.57,1.0784,0.2093,3.8317,9.4,68.3,1
31.38,-0.97,-4.02,-0.01,0.8437,0.1514,4.0191,21.4,50.6,0
69.45,0.6,0.54,-1.63,0.6419,0.187,1.7113,22.6,47.7,0
26.99,1.71,2.41,1.99,0.6381,0.6248,3.1247,15.9,59.0,1
15.34,2.53,-7.7,7.93,0.6217,0.6631,11.0537,10.2,67.7,1
13.37,3.15,5.3,-4.8,0.8223,1.0698,7.1477,5.0,77.6,2
28.76,0.78,-0.07,0.44,0.4158,0.1121,0.449,21.2,40.0,0
12.32,0.53,5.21,6.19,0.664,0.2991,8.0933,10.6,75.7,1
65.54,1.21,0.32,1.59,0.3529,0.1303,1.6255,15.3,55.8,0
11.14,7.13,2.2,-0.35,1.3199,0.8863,2.2322,8.0,75.3,2
59.52,0.26,-2.51,1.88,0.4609,0.1508,3.1396,17.0,53.9,0
79.03,-0.39,0.68,1.05,0.7571,0.1752,1.2491,19.3,31.0,0
11.09,1.95,10.07,-9.06,0.8436,0.7557,13.5491,8.7,66.7,1
10.66,1.94,-1.92,0.29,0.822,0.554,1.9435,15.6,58.0,1
5.81,3.99,7.3,-7.43,0.8814,0.5114,10.4115,6.2,77.9,2
41.13,0.36,-4.21,-0.49,0.2178,0.128,4.239,18.8,59.6,0
11.72,4.7,4.08,-9.15,0.7206,0.6251,10.0211,5.2,89.8,2
14.87,3.82,14.73,9.04,1.1156,0.6249,17.2827,3.5,89.2,2
13.2,3.56,-5.75,5.59,1.3494,0.3697,8.013,17.2,77.1,1
23.22,-0.1,1.35,0.07,0.8075,0.1037,1.3537,23.4,47.1,0
8.77,5.53,4.25,-5.9,0.4799,0.3075,7.2716,7.0,90.0,2
4.33,12.4,-11.25,6.2,1.8148,0.585,12.8397,6.0,94.9,3
14.75,1.33,-20.36,14.09,2.8535,0.7717,24.76,11.4,81.2,2
21.99,-0.67,3.48,0.29,0.4777,0.3375,3.4941,23.8,39.8,0
18.54,2.75,-4.67,0.25,0.6435,0.2465,4.6755,9.8,70.1,1
37.22,-0.45,-1.52,3.21,0.3531,0.1999,3.5558,20.0,43.6,0
4.54,12.94,5.28,-4.61,1.2514,1.993,7.0103,3.1,86.5,3
6.78,7.4,-0.93,8.6,1.3018,0.6174,8.6522,1.7,88.6,3
26.88,2.17,-23.96,-10.13,2.6841,1.7121,26.0163,11.8,83.6,3
14.82,3.29,-12.16,3.31,1.178,0.8655,12.6046,17.0,75.8,1
33.47,0.26,-2.81,-1.14,0.5075,0.1511,3.0341,20.2,45.4,0
30.09,2.0,25.29,19.99,2.5269,1.5088,32.2375,6.5,79.8,3
2.36,17.91,-0.53,0.91,2.1403,1.4196,1.0543,5.3,91.2,3
6.72,5.81,-13.69,-2.59,0.5046,0.9864,13.9385,3.1,89.6,2
27.39,2.91,2.09,2.14,0.8666,0.7514,2.9934,11.1,63.1,1
30.54,0.82,-1.61,3.48,0.388,0.2346,3.8362,24.0,36.0,0
30.18,1.77,-11.69,4.71,3.441,4.0947,12.6003,6.9,76.2,2
25.74,1.36,-1.21,0.45,0.5316,0.5585,1.2913,13.0,75.4,1
15.8,5.62,7.36,-4.29,0.1523,0.3129,8.5206,4.4,84.6,2
69.1,0.92,3.17,1.87,0.3064,0.039,3.6773,21.7,38.2,0
18.42,2.56,-4.39,0.63,1.6754,0.2507,4.4365,14.0,79.9,1
12.09,2.46,-0.2,12.47,0.4202,0.9124,12.4665,5.4,78.5,2
60.16,0.35,-1.78,2.25,0.5509,0.157,2.8699,16.3,63.5,0
11.39,7.16,0.58,-10.51,1.1778,1.3213,10.5232,5.5,74.6,2
32.22,1.98,27.3,-16.7,2.1754,1.1507,32.0065,13.0,57.1,3
42.54,1.2,0.8,-1.56,0.3062,0.1638,1.7514,24.7,56.0,0
0.53,7.83,5.67,8.2,2.44,1.4487,9.9668,4.7,90.7,3
6.73,4.74,5.06,4.83,0.9635,0.9006,6.9941,5.9,89.5,2
24.5,0.85,3.55,-1.48,1.1017,1.0042,3.8429,11.5,62.5,1
34.07,0.73,-1.75,-0.09,3.1291,0.9929,1.7571,7.1,80.6,1
13.93,0.39,-28.42,-11.46,4.214,1.0031,30.6386,11.0,58.5,3
7.04,9.21,5.63,4.31,1.087,0.9447,7.0912,7.7,72.7,2
17.26,2.07,-3.75,3.41,0.4233,0.659,5.0662,11.9,75.2,1
36.82,1.29,0.22,-3.37,0.625,0.0914,3.3739,24.7,41.0,0
55.17,1.25,-1.61,-0.15,0.5645,0.1694,1.6134,18.8,40.8,0
5.66,6.48,3.75,-2.94,1.7856,1.6122,4.7699,2.1,96.3,3
3.13,8.22,-5.56,9.7,1.4141,0.6748,11.186,4.7,95.9,3
12.29,5.7,5.85,-4.88,0.9703,0.8565,7.6177,3.2,79.0,2
5.34,7.57,4.39,1.68,0.6298,1.1187,4.7033,4.3,80.4,2
2.91,16.26,-3.24,1.31,1.6342,1.3095,3.5006,1.3,89.8,3
24.25,2.79,18.24,-11.62,1.2528,1.7115,21.6258,12.9,55.9,2
37.52,2.03,-26.93,-13.97,3.5297,0.2883,30.3391,5.5,84.4,3
33.57,-0.01,-0.81,2.01,0.5729,0.0902,2.1697,18.5,45.2,0
76.7,-0.03,1.51,-0.24,0.2214,0.175,1.5247,16.0,60.1,0
5.35,6.09,-5.47,-9.13,2.8893,0.9948,10.6454,4.6,95.5,3
14.27,3.59,2.28,-1.23,0.57,0.5981,2.5937,17.5,56.1,1
7.7,5.35,-15.88,2.93,0.5082,1.4089,16.1521,8.4,86.6,2
23.33,-0.38,2.29,-1.31,0.3938,0.1166,2.6337,20.8,49.5,0
4.22,11.56,9.65,-7.91,1.8682,0.9019,12.4734,3.2,95.2,3
18.43,1.72,21.35,14.54,1.6369,1.1049,25.8336,10.1,70.6,3
16.82,2.3,-4.2,1.91,0.5305,0.2642,4.6112,6.5,73.1,1
22.62,3.57,3.39,7.14,0.7219,0.6397,7.9042,11.9,63.5,1
29.08,2.33,-16.04,-10.59,0.6751,1.1478,19.2145,5.0,81.7,2
27.78,1.75,-0.49,-5.06,1.0149,0.4396,5.0837,13.6,73.5,1
71.71,1.16,4.21,2.14,0.6051,0.1109,4.7172,21.9,33.4,0
63.6,1.42,-2.11,1.21,0.4111,0.2249,2.435,21.1,44.2,0
4.89,12.11,3.82,-1.04,1.1953,2.299,3.9586,2.5,86.8,3
26.99,7.33,-10.55,0.28,4.4287,2.5998,10.5533,3.2,84.9,2
5.14,4.45,9.47,0.92,4.0547,2.3019,9.5133,2.3,86.4,2
12.15,5.1,4.45,-5.08,1.5196,1.139,6.7529,3.6,91.3,2
16.13,0.04,-23.76,-21.53,3.1505,0.7962,32.066,6.2,70.8,3
4.58,11.17,2.01,1.39,2.0305,1.1401,2.4399,3.8,91.3,3
2.99,18.97,6.66,3.35,2.0399,1.3348,7.4521,5.7,83.1,3
16.27,1.68,0.85,3.44,1.0757,0.4527,3.5471,14.1,67.3,1
15.59,3.77,-0.67,0.73,0.6833,0.2143,0.9957,16.9,70.0,1
32.28,-0.56,2.58,1.1,0.1718,0.1629,2.8071,17.1,44.7,0
21.21,3.44,-9.53,1.6,0.4113,0.5766,9.665,17.3,75.0,1
24.74,0.73,-5.56,-1.8,1.0452,0.2143,5.8405,16.1,70.9,1
10.33,3.69,3.33,2.37,0.917,0.2349,4.085,12.8,63.8,1
27.54,2.27,1.14,4.38,0.7604,0.4561,4.5216,17.4,74.5,1
54.0,0.34,0.68,0.85,0.5746,0.0816,1.0903,15.9,55.8,0
4.14,13.2,-0.54,4.05,1.742,2.4033,4.0864,3.4,89.0,3
64.76,-0.8,5.16,2.68,0.5314,0.0935,5.8103,20.3,46.7,0
15.24,6.08,-3.19,-1.48,0.8317,0.7596,3.5152,6.6,77.2,2
19.7,2.95,1.06,-1.19,0.4694,0.7269,1.5957,10.9,61.8,1
38.08,-0.99,-0.09,-6.37,0.5839,0.1585,6.3689,16.0,63.6,0
78.65,0.72,4.11,-4.33,0.477,0.0935,5.9644,17.7,43.4,0
10.11,4.93,4.78,5.71,2.0379,1.1785,7.4421,8.7,91.8,2
5.86,7.38,3.19,-2.49,1.9488,1.7813,4.0483,5.5,91.2,3
71.54,-0.48,-2.15,-2.33,0.422,0.1282,3.1722,19.7,30.8,0
23.61,3.36,-2.38,-0.18,1.6383,0.5279,2.3895,10.3,70.7,1
45.6,-0.19,-0.65,1.14,0.5533,0.3231,1.3139,20.8,51.5,0
62.66,-1.0,-2.82,1.22,0.2799,0.1596,3.0748,20.9,62.3,0
7.48,6.59,0.57,1.72,1.7783,2.6114,1.8079,1.3,89.3,3
62.65,0.58,0.69,0.95,0.2678,0.1289,1.1708,18.2,54.6,0
8.99,8.88,-4.26,10.92,0.2971,0.9595,11.7199,10.0,92.0,2
36.96,-0.5,4.36,-3.45,0.5047,0.0684,5.5635,16.8,44.6,0
11.61,4.03,4.2,-0.59,0.3445,1.1639,4.2402,5.1,90.4,2
49.09,-0.15,0.98,-0.49,0.2662,0.2731,1.1015,20.3,48.6,0
61.95,1.28,4.98,2.84,0.4888,0.1461,5.735,15.2,62.3,0
8.48,3.9,4.06,-0.14,0.8023,0.4787,4.0575,8.9,80.9,2
18.72,1.62,-1.6,2.28,1.0544,0.3762,2.7882,6.4,79.3,1
28.81,2.42,-17.53,-12.24,3.9268,1.5526,21.3814,9.1,54.6,2
6.36,5.72,-0.04,-1.84,0.9777,2.0525,1.8404,1.2,84.1,3
54.97,0.1,-4.74,-1.53,0.6475,0.184,4.9859,24.5,56.0,0
16.9,1.63,-1.01,-1.55,0.4268,0.4403,1.8528,12.3,62.7,1
22.89,0.5,2.67,0.83,1.1846,0.1703,2.7904,13.0,75.3,1
66.47,1.14,2.75,-1.55,0.4565,0.198,3.1569,21.6,35.0,0
25.36,3.8,-6.97,4.28,1.929,1.3494,8.1802,6.1,84.3,1
11.67,4.67,2.08,9.39,1.2758,0.6003,9.6199,7.3,88.9,2
10.64,3.33,-1.89,-7.31,0.9237,0.1974,7.5488,8.5,80.3,1
9.8,7.88,-8.26,-3.44,1.3211,0.8703,8.9526,5.9,77.2,2
22.28,2.25,-4.54,-4.01,0.8709,0.9038,6.0591,16.1,76.6,1
1.8,11.65,4.85,-12.49,1.3897,1.7483,13.3984,4.1,94.7,3
68.82,0.76,-1.01,2.64,0.2044,0.1642,2.8276,20.1,44.6,0
26.08,1.3,-2.92,-2.39,0.9274,0.2231,3.7696,9.1,66.0,1
24.76,3.48,-3.28,0.36,0.2299,0.4484,3.2975,17.3,67.6,1
14.5,6.13,-5.97,6.3,1.392,0.9826,8.6784,4.1,73.5,2
14.48,7.57,8.71,3.94,0.7217,0.6513,9.5651,9.3,88.5,2
7.34,3.44,3.22,-4.11,0.9858,0.6607,5.2229,6.7,90.2,2
8.2,2.87,21.91,-18.54,0.3359,1.0384,28.701,4.0,62.8,3
46.53,-0.64,4.43,1.03,0.2909,0.1984,4.5513,24.5,62.4,0
23.36,2.64,-28.46,-13.35,2.4554,0.4784,31.431,9.2,71.3,3
7.67,6.44,5.57,-2.74,0.3573,1.3074,6.2094,3.4,90.9,3
53.99,1.06,2.58,2.54,0.2934,0.2251,3.6173,23.6,48.5,0
23.32,2.09,4.73,4.56,0.1223,0.2692,6.5682,7.5,59.7,1
20.8,2.09,-3.67,0.03,1.0257,0.4577,3.6716,7.7,66.5,1
5.71,13.67,-3.56,-11.5,1.4826,0.8941,12.0406,3.1,86.7,3
3.62,7.62,-5.35,6.81,2.1828,0.1341,8.6606,3.6,83.2,3
26.35,1.55,6.15,-4.95,0.9646,0.3205,7.8943,14.5,60.9,1
27.29,1.43,-1.43,-0.93,0.3887,0.2214,1.711,19.6,34.1,0
8.45,10.63,2.54,-0.59,1.5163,0.2714,2.603,9.5,80.8,2
13.16,1.37,-4.55,-1.5,0.2999,0.1917,4.7901,16.0,70.6,1
1.69,11.68,8.47,3.92,1.6178,0.4177,9.334,4.6,89.7,3
58.48,0.46,1.02,4.61,0.2204,0.05,4.7248,20.1,36.8,0
24.22,-0.24,5.98,-1.73,0.4986,0.0767,6.2232,21.3,36.3,0
1.38,19.1,2.67,-3.23,3.4754,1.012,4.1895,2.9,84.6,3
15.18,4.95,12.0,1.46,1.4303,0.8756,12.0921,5.0,81.7,2
1.76,17.8,10.32,3.3,3.0753,2.036,10.8307,1.2,98.0,3
36.95,0.98,-4.09,1.72,0.235,0.1705,4.4356,15.8,46.3,0
21.2,1.35,2.01,1.21,0.1812,0.1019,2.3493,17.7,34.3,0
36.53,0.7,0.08,-2.06,0.386,0.1261,2.0657,18.4,54.7,0
63.95,-0.38,-3.39,-2.01,0.2347,0.1037,3.938,24.5,50.1,0
30.74,1.24,-2.03,1.15,0.5143,0.0824,2.3326,22.8,63.7,0
8.82,9.96,10.58,10.5,2.4268,0.8644,14.9044,4.1,85.4,2
14.8,2.29,-9.1,-11.56,1.5965,0.4634,14.7125,5.4,89.1,2
20.63,1.74,12.0,8.54,0.9723,0.4749,14.731,6.8,63.8,1
2.59,10.93,5.94,-5.92,3.34,1.0797,8.39,4.9,87.2,3
78.74,1.28,-1.08,1.34,0.3037,0.1362,1.7211,23.8,54.2,0
30.31,-0.6,-2.38,0.97,0.5542,0.1441,2.5706,15.9,43.8,0
13.15,7.88,0.19,1.88,0.8531,0.8421,1.89,3.1,74.3,2
22.72,-0.14,7.38,2.5,0.1226,0.1715,7.7907,22.7,64.2,0
34.13,1.31,-16.2,15.87,1.2313,0.881,22.6811,8.9,57.5,2
5.11,9.84,-4.93,2.56,2.0627,0.7897,5.5585,5.9,97.6,3
59.07,0.78,2.59,-1.56,0.5141,0.0457,3.0249,21.6,47.1,0
4.74,7.5,-3.11,-2.17,1.354,1.1536,3.7902,9.2,84.0,2
1.85,7.65,7.21,-0.93,3.1082,1.8361,7.2646,4.6,84.7,3
21.33,1.8,-8.0,-1.21,1.3705,0.2481,8.0873,11.3,63.0,1
14.69,1.48,-5.3,1.14,0.4396,0.3533,5.4225,10.0,67.4,1
69.14,-0.92,3.01,0.6,0.7157,0.123,3.0723,16.8,48.1,0
14.45,3.59,13.07,3.79,0.6459,0.4549,13.6053,17.3,63.5,1
8.61,8.12,14.79,8.48,1.5348,1.1634,17.046,9.0,77.8,2
47.71,1.37,-1.12,-1.01,0.5822,0.2766,1.512,24.6,31.3,0
32.48,1.04,0.05,-0.22,0.3422,0.2291,0.2294,19.3,49.6,0
24.79,0.86,-1.25,-2.58,1.3932,0.3468,2.8703,14.9,76.3,1
57.98,-0.16,1.74,-3.03,0.2145,0.1155,3.4949,23.5,32.5,0
9.64,9.98,-9.5,2.98,1.373,0.9115,9.9523,5.6,83.9,2
52.13,-0.39,0.82,-3.45,0.4462,0.2714,3.5468,20.8,33.6,0
11.53,3.46,-2.35,-5.74,0.4737,0.5788,6.2026,8.6,58.0,1
48.63,-1.0,1.25,1.16,0.3291,0.0468,1.7026,22.3,33.1,0
6.65,10.2,4.43,-4.01,1.355,1.1686,5.9798,1.7,96.0,3
27.85,1.14,-3.06,2.62,0.5304,0.1633,4.0242,15.5,43.9,0
11.64,1.84,4.61,-3.95,1.454,0.4501,6.0729,14.4,61.2,1
15.67,0.73,-7.75,1.22,1.2503,0.6302,7.8498,9.3,64.5,1
22.79,2.77,1.26,-0.86,1.4512,0.4128,1.5269,12.0,66.5,1
59.41,-0.33,2.26,-4.08,1.0089,0.2118,4.666,23.4,59.6,0
14.29,1.23,-8.15,6.86,0.551,0.3421,10.6504,15.7,76.9,1
27.49,1.39,-0.54,-3.21,0.147,0.2438,3.2585,14.7,79.8,1
77.45,-0.2,-0.95,-1.67,0.5217,0.094,1.9182,19.6,51.0,0
13.04,2.37,-4.64,0.66,0.6952,0.4662,4.6909,11.0,63.8,1
2.59,19.19,3.61,-5.87,1.2727,0.4627,6.895,4.0,96.3,3
27.83,3.09,4.52,2.15,0.4823,0.2065,5.0062,16.5,81.7,1
75.73,-0.06,0.08,0.87,0.9062,0.09,0.8769,23.8,57.9,0
9.58,10.69,9.05,2.73,0.25,0.9266,9.4558,9.2,91.7,2
13.33,5.11,-10.94,-2.97,1.124,0.7951,11.3328,5.4,78.6,2
14.94,1.02,1.75,1.18,0.462,0.4118,2.1122,15.7,66.7,1
30.98,-0.24,1.88,0.64,0.3707,0.2402,1.9878,24.2,49.9,0
45.56,1.07,2.2,-1.76,0.5975,0.1379,2.8177,17.3,56.3,0
20.21,0.6,0.98,-1.89,0.575,0.0556,2.1352,16.4,46.5,0
5.72,10.92,8.73,-2.75,0.4014,1.2057,9.1492,5.7,90.3,2
12.15,0.98,-1.97,1.12,0.6817,0.2126,2.2635,12.5,71.0,1
17.81,0.51,-9.34,-5.8,0.6317,0.2275,10.9955,6.3,67.0,1
78.45,-0.66,-2.61,4.38,0.5758,0.1647,5.0976,19.9,50.2,0
23.56,1.2,-2.14,0.98,0.2338,0.2456,2.3497,19.1,39.7,0
68.2,0.0,1.46,-1.46,0.6725,0.4108,2.0675,15.8,52.5,0
25.7,3.71,1.3,-2.57,0.1903,0.2152,2.8749,15.9,81.3,1
22.72,1.92,7.51,1.43,0.7353,0.4274,7.6429,12.7,63.6,1
19.01,0.53,5.14,-2.37,0.7026,0.2197,5.6567,13.7,58.2,1
23.15,1.11,0.11,0.58,0.3188,0.1876,0.5926,22.6,53.5,0
47.51,-0.57,-2.89,3.47,0.5587,0.285,4.518,23.6,33.0,0
20.13,2.47,-0.74,6.92,1.0398,0.5189,6.9613,15.7,66.1,1
2.15,9.7,1.19,-0.65,0.6913,1.5301,1.3587,4.5,97.2,3
13.55,4.67,-5.14,1.0,0.9073,0.6319,5.2396,8.9,84.7,2
16.52,0.89,-2.63,1.49,1.6605,0.303,3.0233,7.4,61.6,1
12.1,8.66,6.15,6.61,2.1425,0.3293,9.0255,4.3,79.4,2
24.51,-0.23,-0.17,0.41,0.2841,0.2385,0.4402,23.5,42.7,0
5.59,5.9,-5.97,-3.35,1.4758,1.3488,6.8427,3.7,92.1,3
0.69,14.82,4.21,0.75,1.7241,1.6125,4.2758,3.1,92.4,3
18.07,3.83,-0.29,-2.95,1.1129,0.7213,2.9642,14.4,78.0,1
11.42,2.65,-18.52,-13.75,2.7641,1.7992,23.0648,14.8,55.3,2
12.98,3.18,3.95,1.51,0.7883,0.3714,4.2321,16.8,64.5,1
31.73,0.17,4.65,3.69,0.3372,0.1415,5.934,18.7,37.8,0
31.89,0.2,-0.87,1.8,0.6831,0.1689,1.9981,20.7,61.6,0
53.1,0.53,1.84,0.89,0.5854,0.0479,2.0452,24.7,52.5,0
23.46,2.52,3.3,4.54,0.6323,0.3148,5.6117,14.7,61.2,1
11.07,3.19,0.58,-5.22,1.0234,0.839,5.248,12.7,66.9,1
21.24,1.22,2.29,1.01,0.4869,0.2029,2.504,6.5,79.0,1
29.7,1.38,18.29,-19.37,1.8797,1.5025,26.64,13.5,57.2,3
11.14,9.4,-6.01,-3.8,1.8737,1.2545,7.104,4.9,75.6,2
3.22,10.92,-5.27,-1.17,1.1374,1.8933,5.3957,2.1,86.3,3
53.2,0.1,0.64,-0.26,0.6387,0.1613,0.6939,15.1,36.3,0
16.29,0.7,-28.42,-19.35,2.4159,0.8635,34.38,14.6,77.0,3
10.75,3.4,-2.17,2.91,0.834,0.6866,3.626,12.8,73.4,1
7.96,6.16,7.76,2.06,1.1276,1.0734,8.0251,9.8,81.2,2
5.54,14.98,1.97,14.52,3.0653,1.9517,14.6546,1.7,84.1,3
5.23,13.66,2.55,8.36,1.2697,1.2958,8.736,1.8,87.4,3
6.33,5.34,-4.26,-1.84,2.454,0.7,4.637,3.3,88.6,3
73.85,1.25,-2.91,-1.51,0.0922,0.1387,3.2725,19.5,59.2,0
